reviewId,userName,userImage,content,score,thumbsUpCount,reviewCreatedVersion,at,replyContent,repliedAt,appVersion,app_id
5ef2c43a-0921-419f-8f9d-65b3483cfb8f,Natti Felix,https://play-lh.googleusercontent.com/a-/ALV-UjXey1H2GqWKsjbCmp2jCHGbvYaGsar8P7WGlrRPAKM67QKY7nQ6Jg,"the app itself is a good idea, I love features like themes and being able to pin messages. I mostly use it to text people, and every once in a while, I'll post. however, every time there's an update, it starts bugging out and when I open the app store to see if there's an update, it says there's no update or it already updated, forcing me to delete then reinstall. this last update was the worst because it's not getting better. there's so much more, but I can only use 500 characters.",1,3041,371.0.0.36.89,2025-03-14 22:56:20,,,371.0.0.36.89,com.instagram.android
4472bad2-82a2-454c-b45b-eefc0609072f,Rae Tritt,https://play-lh.googleusercontent.com/a-/ALV-UjVFOZUQY7XeDHTQ--W76KwSBaR4mX-exABkQZJv1wYEmuQ8kOER6A,"this whole update is complete and utter garbage. first off, bring back all the filters. there was zero reason to remove them. at all. second off, what was the point in changing the post formatting when looking at someones account??? now all of my photos look weirdly cropped until you click on them. there was no reason to change it, it was completely unnecessary and just makes everything look worse. set it back to normal.",1,7471,362.0.0.33.241,2025-01-18 06:06:32,,,362.0.0.33.241,com.instagram.android
243c68ec-677a-487e-bdb0-0f4fc73ca0b4,Michael Scofield,https://play-lh.googleusercontent.com/a/ACg8ocKwSfrTRIITa56EzsQLVVZDGHfnkxmBRDShj_XY_lEgD4y4iug=mo,"Not a fan of the explore page features in new update. Only videos used to take up the whole screen when clicking on them, now photos do as well. Scrolling down after clicking on a photo used to give you relevant content. Now photos act like reels do and will give you random, unrelated photo/video, and you can't zoom in on those photos. Got a new phone today and same problem. Please fix. Edit: Side-loaded an older version. Not updating or changing my review until this is fixed, so probably never.",1,1971,369.0.0.46.101,2025-03-17 04:01:38,,,369.0.0.46.101,com.instagram.android
045b1b4e-b207-40f7-8a9e-d4e81664965e,Logan Tobias,https://play-lh.googleusercontent.com/a-/ALV-UjX9hm1WcxqsOs1rFArRzT7SOEUCJWRll17wZ2x2WVodpPda_BZteg,"The new update is so buggy. Let's say I am going to post 5 photos, and I select to zoom them out so they aren't so close to my face. I can only zoom out one, and if I select more than 1 photo, it unzooms all of them. It has never done this before. The comments and notifications are weird as well. They glitch out, and when I go to click on the notification in the app, it doesn't let me, or it takes multiple times for it to work and bring me to where I need to be. Hope they fix this soon.",1,3636,362.0.0.33.241,2025-01-13 05:37:55,,,362.0.0.33.241,com.instagram.android
2e926af8-0e94-487d-9897-d2e5cdd4c4f7,ThomasHallLetsPlays,https://play-lh.googleusercontent.com/a/ACg8ocLN_uuiBNWPaJtHQ8A3zzxx9Ebmjh8jbV6RKEEE8rsArI6sHw=mo,"This app is alright, when it decides to work. There are a few serious bugs with the app, and I'll list two of the biggest. After some time from following others, the app will randomly unfollow them with no indication or explanation. Following them back is also a bit glitchy since after hitting the button, it'll unfollow you. And related to stories, there's a bug where if you viewed multiple stories, you think there's more but there isn't yet the story is still marked as unread. Fix these now!",1,5592,370.0.0.42.96,2025-03-05 21:59:53,,,370.0.0.42.96,com.instagram.android
505779e6-a554-4606-bb52-dcb219e8392e,Theo O'Brien,https://play-lh.googleusercontent.com/a-/ALV-UjVbHZkoG_7RcI5LJR7RGdcdfVfC5jEM3SVCyeSGQ3jfaCIYgHa0,"Yeah, this app just keeps getting worse. The rectangular layout of the pics looks stupid and makes no sense. Every post on explore turns into reel format, ads are endless, and I see more random content in my feed than friends' posts, even if they're starred. I can't wait until another app like this gets on the market so I can jump ship.",1,1080,367.0.0.43.89,2025-02-20 13:27:52,,,367.0.0.43.89,com.instagram.android
953d88ed-1ba7-46c9-a275-6349378014f3,Tasha Datus,https://play-lh.googleusercontent.com/a-/ALV-UjWzlXl1TtwTKQ351T7Eu_gTMQIruD5iUIvyV8jgxcXnM6IQW20,"I used Instagram all the time and I've had no problems. However, since the update, it's been a TOTAL MESS. The algorithm is constantly showing stuff I have no interest in. Also, it feels like it's nothing but ads and bots. I've gotten so many inappropriate messages from random accounts and when I report and block them it did NOTHING. What a JOKE this app has become.",1,979,363.0.0.29.80,2025-01-16 12:58:30,,,363.0.0.29.80,com.instagram.android
d9e37a9d-1bf6-4568-a24e-8107c5a2a515,Richard Beck-Boudreaux,https://play-lh.googleusercontent.com/a-/ALV-UjUkNiT23-3bdE64I1TXU8-EfR61TPzqYr_wT5YJyMaHfcW9KOKkYg,"Instagram has become unrecognizable from what it once was. I login today and 9 out of every 10 posts are ads (recommendations for pages I'm not following and random video reels are considered ads). I find it incredibly difficult to tailor my experience to actually seeing posts from friends, or anything I'm actually interested in. it's like the Internet in the 90's without ad blockers. this is just really such a terrible awful social network that does not function as a social network anymore.",1,1677,368.0.0.45.96,2025-02-23 20:57:44,,,368.0.0.45.96,com.instagram.android
43f4e71a-447f-459d-a22e-91d561df8731,Joe G.,https://play-lh.googleusercontent.com/a-/ALV-UjWOi4qD-_Lu9PfdbZae2ZBK8b31SQBqJMDs2A5QnNJopvcuoSGk,"Downgraded to one star as long as they continue this obnoxious feature that shows your friends what you liked recently. It does not drive more interactions, I now refuse to like or comment on anything at all. I use insta for pretty boring stuff, gardening, and architecture, but this invasion of privacy could hurt people in other situations. Also strongly dislike trying to keep me scrolling by autoscrolling randomly while watching a video.",1,342,369.0.0.46.101,2025-03-04 01:43:40,,,369.0.0.46.101,com.instagram.android
ab2635bb-6b67-403e-81b7-937fdc496309,Lamborghini Lean,https://play-lh.googleusercontent.com/a-/ALV-UjV5DNNWpchI_DFqAYCOPBO_2_i55uv-NXV3TK_0mfepw7LlxCQD,"this app is complete 🐶💩 now, especially after the most recent update. i have no idea what they were thinking by changing the ui for editing your posts, but you can't. at all. even IF it worked right (it doesn't) then it's still hideous and counterintuitive. too roundabout, when you try to pull up an edit feature like brightness, when you're done adjusting it it would go back out to the main menu and you would have to click edit again in order to get to, say, contrast now. please just go back!",1,8855,361.0.0.46.88,2025-01-06 22:36:33,,,361.0.0.46.88,com.instagram.android
4dfaba75-1d3a-4a99-808f-281d880da998,Chelsea Eickleberry,https://play-lh.googleusercontent.com/a-/ALV-UjVV0ytLgF7bN5SGearzy-xB6EC7kpfHUztu8dAs4Pa7lBH8UPps,"I've always liked this, used it for years ever since it came out. But I use it to connect with MY friends and family. Not this recommended content junk. Take your lowkey ads for selected accounts and put them on Facebook where all the other annoying ads belong. Im probably uninstalling soon unless they add a way to turn it off, or just get rid of it.",1,951,361.0.0.46.88,2025-01-14 12:09:00,,,361.0.0.46.88,com.instagram.android
6fdfc2e5-35dc-4844-974a-b07d5a440706,Tiffany Lammers,https://play-lh.googleusercontent.com/a-/ALV-UjW6Wq9gkBcPpu52dGvPpr6kwcRaLjgzM655Z3TWP5c-S32in55VlQ,"It's 1/1/25 today, & I'm still posting stuff from my Euro trip in August, because the app crashes just as I'm about to post. 5-10 tries for it to finally go through, & the result is disappointing. I choose mixed orientations, & somehow pictures come out cropped in nonsensical ways on my feed. Some are blurry, when they shouldn't be. Stories are a wild card. Some zoomed in, some not, and no matter what I do, they don't pop up in chronological order. Forced to fix it manually. WHAT IS GOING ON?",1,4868,361.0.0.46.88,2025-01-01 18:07:49,,,361.0.0.46.88,com.instagram.android
caa21036-93f7-41c4-aa2b-9d40cf4c8384,Otty,https://play-lh.googleusercontent.com/a-/ALV-UjWJLvKys9c3rh_zMjI9zHQ694rujHn7RwO2aJmgqrboVqwoPcjS,"For about a year+ my saves folder has been unable to completely load, always giving me a ""couldn't refresh feed"" error after 20 seconds of waiting for it to load. The only way to access my saves folder (one at a time) is to save a random post, wait like 10 seconds for the notification bar to pop up, and click the ""view"" button. I can't access my saves from either android or apple, nor from my browser.",1,1002,355.1.0.44.103,2024-10-31 06:41:25,,,355.1.0.44.103,com.instagram.android
a2995b7e-8df7-4eb9-a144-443bdb866130,Luke Blomstrom,https://play-lh.googleusercontent.com/a-/ALV-UjWtoCf1L9yAQ2N43F38TK9EpuKbY5ljMBA8Wj9Az9_UI2u8rD96Wg,"posting multiple pictures is a nightmare, especially if they're vertical. after selecting the first one, adjusting the crop, then hitting the button to add more, the rest lock into a square format and can't be changed. the tools to format and arrange pictures in a post are all awful to use. I'm also unable to post more than 10 photos despite seeing countless posts containing 20 for several months now. genuinely inexcusable how hard it is to post pictures on the picture posting app.",1,2741,361.0.0.46.88,2025-01-05 06:34:34,,,361.0.0.46.88,com.instagram.android
5d38fd4b-de83-4f34-97f3-8513a7dac4f4,Harrison Holliday,https://play-lh.googleusercontent.com/a-/ALV-UjXr8TpUvq2W1Uzv-UJbiRT7iJI9_qXkkm4kODW5O-AA7tx-hCoE,"I swear, somehow, every update makes this joke of an app worse. Notifications will constantly pop up to block the buttons you want to press, the UI will bug out and change colors for no reason, buttons will disappear and reappear, your emojis will randomly swap to other emojis, the list goes on. EDIT: I can't access my saved posts now either. Awesome. It drops to one star for this.",1,688,353.1.0.47.90,2024-10-17 22:27:49,,,353.1.0.47.90,com.instagram.android
2d756c4c-6236-42ba-a060-9cb935c6ef4f,JC,https://play-lh.googleusercontent.com/a/ACg8ocLKh8El81NnUE57q3olYQdy7XGLCGbKGYbKmYbj6Vkkyd20Xw=mo,"consistently poorly maintained app. have not had this work for more than 2 weeks in a row before some new issue pops up, or am no longer able to open the app without it crashing",1,1,374.0.0.43.67,2025-04-06 16:59:52,,,374.0.0.43.67,com.instagram.android
923e4b66-800f-428d-9245-24639760b141,Yunus Malik,https://play-lh.googleusercontent.com/a-/ALV-UjUXBLy_1Cn2zVNOBCUcSn7yoNVmq9s2SRRSBzAyfjLbrn6tMyg,like not show,1,0,312.1.0.34.111,2025-04-06 15:38:00,,,312.1.0.34.111,com.instagram.android
3a10df32-31e4-4df7-b7f2-ddb67a361454,Kishore.S,https://play-lh.googleusercontent.com/a-/ALV-UjUu_qZGJkTlImA0U4u0IYJQ7ZRcih8oRt0y9QN4EIB724aaATI,why some features appear on one account but not on other! 👁️👄👁️,1,1,337.0.0.35.102,2025-04-06 12:56:51,,,337.0.0.35.102,com.instagram.android
0fd0fa9d-475e-4195-b668-7226774bef9f,A Google user,https://play-lh.googleusercontent.com/EGemoI2NTXmTsBVtJqk8jxF9rh8ApRWfsIMQSt2uE4OcpQqbFu7f7NbTK05lx80nuSijCz7sc3a277R67g,"THIS APP IS THE WORST, NOW A DAYS INSTAGRAM KEEP CRASHED WHEN I TRIED TO LOG IN, EDITING & BLOCK SOMEONE ON THE INSTAGRAM SHOWN: 😡ERROR😡!! I'M UNABLE TO SEE ANY POST, OTHER PEOPLE, POST AND MY PROFILE EVER!! AFTER I BLOCKED A PEOPLE KEEP SHOWN ""😡ERROR PLEASE TRY AGAIN😡""!!!!!☣️ THIS APP KEEPS ERROR AFTER I'M USING THIS APP MORE THAN 5 YEARS EVER!!!!! NOW ALWAYS COULDN'T LOAD IMAGE, VIDEO, DM PAGE ERROR, 😡CRASHED😡, LANGUAGE KEEP SET ENGLISH (US)😡 & WORST!!!!!☢️☢️☢️☢️☢️☢️☢️☢️☣️☣️☣️☣️☣️☣️☣️☣️",1,114,371.0.0.36.89,2025-04-06 12:03:18,,,371.0.0.36.89,com.instagram.android
2fff4b93-067c-4461-9ab5-ee3478e2a516,candice petrancosta,https://play-lh.googleusercontent.com/a-/ALV-UjW6WZus1PBexhMzIRzyUtTwPjx-zD_ptCyVHoP8JAkxLkO9wLuvdA,"I'd give IG 0 stars if I can. It always has issues for so long now. I can't type my comments as a paragraph. It goes as 1 sentence & I can't read what I wrote. This is an android issue according to reddit. You can only have a certain amount of tags, or the caption doesn't post. When deleting stuff from the caption, it scrolls up. U can't post edit comments. That should have been an update a long time ago. My reels are getting deleted again for weeks now. Fix this issue already. I hate IG",1,1,374.0.0.43.67,2025-04-06 10:32:06,,,374.0.0.43.67,com.instagram.android
c247900c-c18c-4b72-b147-73097be268b8,Mohan raj,https://play-lh.googleusercontent.com/a/ACg8ocJpX2MA_yeLBld_KJClR50Zd5lfSm8sJFQIex7uq8QXkU-xCw=mo,"started a new page , can't follow them all my id is blocked for 7 days . thats unfair",1,0,,2025-04-06 10:12:04,,,,com.instagram.android
3a947ecf-f683-4bc3-a1a8-af6d6299209c,The Ultimate,https://play-lh.googleusercontent.com/a-/ALV-UjXgQSgCZWxWaiUllFyIF8lynYBpBogvdu6WtvFRrt8jXP2M3Ps,"they removed the notes on reels feature a few days ago, which is genuinely so disappointing because it was one of the few decent changes made to the app in a while. what are they even doing?",1,0,374.0.0.43.67,2025-04-06 10:01:48,,,374.0.0.43.67,com.instagram.android
88a0fe4d-0cee-4cd2-b6d9-3275268e5b28,Amy,https://play-lh.googleusercontent.com/a-/ALV-UjWnw2ZFS0-pp5oPZlvCfU8sED44MWydAONp9qk6nBz7xRKupSY,"As someone who doesn't post but follows lots of posts, the new pause video feature is great. But you removed the one easy tap to silence the video. Now it's an extra step to stop a video then silence the video. You should have kept the tap for silence button the way it was. This new way to do it is very cumbersome, unnecessary and annoying.",2,291,367.0.0.43.89,2025-02-16 00:50:53,,,367.0.0.43.89,com.instagram.android
590caee9-7e6a-4e5b-a5de-a29d9763b50b,Heather Eastin,https://play-lh.googleusercontent.com/a-/ALV-UjXc7P5vxKxJRT2TqczjD1bwmrTdsLLXHSE9vxCbRvOZ6c_n1iry,"2 days ago when I would get a reel sent to me, it would play automatically with no problems. Now, I have to refresh the reel up to 10 times or close out IG then reopen it just for them to play. I end up spending more time trying to get them working than it would take for it to just play. It freezes at the beginning or plays the first 2 seconds then stops. Sometimes I can't even get tinplay at all. When I'm scrolling through, I'm also getting ""this reel was removed"" on a black screen. Why?",2,571,355.1.0.46.103,2024-11-02 01:59:24,,,355.1.0.46.103,com.instagram.android
3921227a-8b5e-4d7a-9901-73c26f6334b3,Phuong Mai,https://play-lh.googleusercontent.com/a-/ALV-UjWU5tbuWdtchd3JRwyClxvQuuDUz1aefFtsklCJaxhFvwT96j14kw,"This app is perfect when you want to see 10 ads in a row, but it gets really annoying when the algorithm decides to throw in a random friend's post. I want ads. Just more ads. 2 ads in a row? Not enough. 3 ads? You're joking! 6 ads? You're finally getting warmer. MORE ADS! I LOVE IT. That's all I wanted out of an app that markets itself as a social media app that connects you to people. ADS.",2,2348,357.1.0.52.100,2024-11-25 11:13:26,,,357.1.0.52.100,com.instagram.android
5571b830-aeb7-4d11-8077-4df237de590f,Shane Beaudry,https://play-lh.googleusercontent.com/a-/ALV-UjVyrmd_5lMQ3sq89262cg7JtTpwyswFD7425Kr3zQnW6EKpMDmg,"Normally, love, but not right now. I've been experiencing bugs and been sending reports. My biggest is posting in general. It will not let me expand ratio in post preview, nor does it show a preview of my post. If I edit the ratio in the next editing screen it stretches and distorts the image. It's maining with videos and I haven't posted videos in about 3 weeks. I don't have this issue on my side account for my writer quotes. I've done everything I can with restarts and updates. Nothing works.",2,1677,359.0.0.59.89,2024-11-28 22:51:12,,,359.0.0.59.89,com.instagram.android
829c2c89-7f46-4a40-9cff-fe99a2e5f1e6,Matthew Sagaser,https://play-lh.googleusercontent.com/a-/ALV-UjWxxdFOcZ9he-AbOFGq3o1BGyEzf4P9oPx7sBdVsiVrzANXd5OJ,"Update: Translation only failing 70% of the time now (still unacceptable), and the cropping issue has been addressed (there's a *well hidden* button to mix the aspect ratios when previewing a new upload)... Something else that's annoying and should be changed: When viewing a reel, the screen bouncing and ""scroll up to view more"" becomes unbearable after once, no apparent way to turn this tip off. Also, stop auto scrolling reel content! Users should be able to choose what they watch next",2,931,361.0.0.46.88,2024-12-23 04:01:11,,,361.0.0.46.88,com.instagram.android
51e1c488-8e99-443d-8857-f3afe990a43c,Sam,https://play-lh.googleusercontent.com/a-/ALV-UjWSvCCkq4SKb38EvmcMTrtVmIqtScZy4ye_O-198p5KEVRrWEMm,"Posting process is excruciating. It's either my photos are glitching, a photo that was there in the editing process nowhere to be seen when posted, or pictures that weren't zoomed in being zoomed in when posted. I can't post one thing without having to delete multiple times and retry because something went wrong. The zooming in though, is a major let down, as no matter how many times I repost, it goes back to being zoomed in.",2,427,357.0.0.51.100,2024-11-13 12:59:22,,,357.0.0.51.100,com.instagram.android
3efe8eb9-57cd-4c66-97e5-9628c5a3def3,Brent “iballen93” Allen,https://play-lh.googleusercontent.com/a-/ALV-UjXyEIaXLrvcdJZg71FMM3xUEaW-J5-AJuwkkUUyAecCpjwCegXC,"Still plenty of bugs but maybe improved? If you don't have service when you upload a story it will upload when you get back into service... But not for everything. It seems like local storage does post to the story after losing and gaining connection, but videos taken within the app will just fail to upload over and over and over again. It doesn't matter how many times you press retry it just never works. In turn, stories you thought would be posted end up not posting, and there's no way to fix.",2,1479,346.0.0.45.104,2024-08-29 11:56:43,,,346.0.0.45.104,com.instagram.android
30b20340-a9b3-4959-a85f-0468123fcec8,Dakotah P,https://play-lh.googleusercontent.com/a-/ALV-UjV-F4RoH5KObYHbEe9tt7cmZ7T3NaMVEYC6JunCjyrxWAdxBTsA,I can watch videos and reels on TikTok and Facebook with no problem. I can walk away from the phone if I'm listening to something on both platforms. Instagram....nope. shuts down. I have checked and changed every permission I can think of and still the same. Shuts down in the middle of reels and videos. Then when I bring it back up I have to start the video from the beginning. I do NOT like this.,2,20,371.0.0.36.89,2025-03-17 04:01:35,,,371.0.0.36.89,com.instagram.android
6fb00e7b-37c6-4de3-9e8a-17ddd664cb04,Ly Hoang (NYONPYON),https://play-lh.googleusercontent.com/a-/ALV-UjVIj7Ipj7Si9sQb0ILWGulK06Tm3pxhnolZvE9KSRBkn3Haxoto,"The only reason I still use it is because it's mainly where I can post pictures and stuff - outside of that. Application is straight JANK. It feels like they haven't updated it since 2020(?) I thought the issues would go away with an updated phone (Galaxy 24) but no, still the same issues where it can't save drafts, it can't handle moving away from the app when looking at other photos. and it's just not a smooth process to edit pics within the app itself. Hate it, but I know no other alt.",2,9,372.0.0.48.60,2025-03-27 17:15:14,,,372.0.0.48.60,com.instagram.android
701057b2-30ff-458e-9cde-3f68569c8ead,AestheticStar,https://play-lh.googleusercontent.com/a-/ALV-UjXL7_ASuBRihYdvtYqbMqS60QiWYAZFejH1A4fh24piocyu4GMZ,"After the last two updates, stories have been very buggy. My saved songs are completely gone in the story section, but they show up for Notes. And when I select a song & click to use lyrics, I click done after I select a section of the song, but once I do that, the lyrics freeze & do not move the way they are supposed to.. Really need to have these bugs fixed. Everything worked fine until the last two updates.",2,12,372.0.0.48.60,2025-03-24 04:43:14,,,372.0.0.48.60,com.instagram.android
61b13eb1-1423-4a85-b36a-2eb5c879dece,Angie,https://play-lh.googleusercontent.com/a-/ALV-UjX6IOGd_w6xLjr8FXibcfgIqe99oUYoy_JFhX44U7MvEuRMf-Lv,"I love Instagram, but the lyrics when you add songs to your stories haven't been working for almost a week. I don't know if it's just me; But it's really annoying and still hasn't been working since. I tried reporting it a couple of times, closed the app, restarted it, uninstalled and reinstalled, etc. I hope it gets fixed soon.",2,8,372.0.0.48.60,2025-03-25 19:42:32,,,372.0.0.48.60,com.instagram.android
12839586-e17b-480e-94a2-f6d5051a3a92,Rob LeDrew,https://play-lh.googleusercontent.com/a-/ALV-UjUi74IwL6c5n0LE18aYBlZnOVu6GoaqGsH8fIoYpcppptOdY_wR2Q,"The simplest features break for no reason. Long pressing to add an emoji doesn't even work the first time. You have to go back and try the same exact series of actions to add an emoji to a reel that's been DMed to you. Also when you click on a reel that someone has sent you. That is a video, you only see a still image. The video doesn't autoplay. You have to swipe forwards and backwards in the set of reels several times and then go back to the original one in order for the video to start playing",2,46,371.0.0.36.89,2025-03-14 08:07:11,,,371.0.0.36.89,com.instagram.android
e7b407d3-6264-4103-8dc4-f307719ec269,Steven Toussaint Loving,https://play-lh.googleusercontent.com/a/ACg8ocLzgnW6NQrq_ly90q6eD93sB0BInmLVArBIxCUu8ERXRGXzlw=mo,"I had the app uninstalled for a while to take a break. Ever since I reinstalled it, it's been glitching really bad. Any time I lick the button to read comments. it stays up for 2 seconds and then closes. same thing when I try to share a post with someone via dm. It takes me about to tries to share something with someone.",2,3,374.0.0.43.67,2025-04-04 05:47:49,,,374.0.0.43.67,com.instagram.android
a54caf50-fab3-4ec2-9f13-552e0051df71,RainyRai,https://play-lh.googleusercontent.com/a-/ALV-UjVjHURCu_aNplzy4GodDSd4o-7yuKF-5GERC4hL1kduANFxWB-M,"For some reason, while uploading multiple photos, Instagram doesn't take the edits correctly. Also, it only lets you crop one photo and does not accept the crops of the others. Now, you can't even edit the pictures. It's been like this for over a month. You can be halfway done editing, and then the black screen comes up, and you can't get back. You can't even accept what you've edited so far. Instagram gets worse every day.",2,18,371.0.0.36.89,2025-03-14 08:31:40,,,371.0.0.36.89,com.instagram.android
6bb56da7-b39c-4dd9-bda6-04a34612068c,Jack Stanley,https://play-lh.googleusercontent.com/a-/ALV-UjVaEdvmEV1ZxZKMCKFAk5C_DfJJmaFNQf_cwt1Jqi-kwiFbhTWjAQ,"Great for having a easy to share portfolio of photos. The functionality of it is perfect. So I'll add 2 stars. However, after the previous update I can see just how clearly to app is designed to be as addictive as possible. The app is addictive to the point where I had to uninstall it. I like viewing and sharing photos. However, I value my time and this app tends to draw me away from other things I should be doing instead.",2,17,370.1.0.43.96,2025-03-11 02:09:13,,,370.1.0.43.96,com.instagram.android
256f5c34-4150-49fe-b2e0-19b1633f2e77,Md Abdulla,https://play-lh.googleusercontent.com/a-/ALV-UjXSs-hf0RwKmW_KWSLYfBxhe4dAyx3_ssRRUTk7jLN4QQ0Rj3Zl,good app,2,0,,2025-04-06 14:03:09,,,,com.instagram.android
bdd7c167-59a0-400c-bdf2-7eda24c03f28,Alka Sen,https://play-lh.googleusercontent.com/a/ACg8ocJrIATSxk6_uuGTNRb13CvgeUAkTm_vBijeJHQs5dQK3GgQCA=mo,my account has hacked so please recover my account,2,0,373.0.0.46.67,2025-04-06 10:11:45,,,373.0.0.46.67,com.instagram.android
691d6397-fc66-431b-bace-8e762e202032,Angel Rianna Joaquin,https://play-lh.googleusercontent.com/a-/ALV-UjVcRoPrPr8hEC0JSXNNtcJ3jc6RVULuFPBslFsr7OOd_PHnvRqp,"Please, bring back the reels, and post NOTES because it's a good feature. I will make this five star if you bring it back. Many people love it so please, bring it back. Thanks. 😞",2,0,374.0.0.43.67,2025-04-06 10:11:13,,,374.0.0.43.67,com.instagram.android
378d1859-a323-4cb0-b254-eda80659ea86,Sharon Clawson,https://play-lh.googleusercontent.com/a/ACg8ocJVa44ZuXU0fLDls9HlA6DWA1yhMoF1Sk2nbepdaIAICl1sSDfM=mo,app is nice but very less followers and likes and views after a hard work when you don't get support back and views it irritates a lot .like others me don't like now becos all my nice effects are removed,2,0,374.0.0.43.67,2025-04-06 09:54:36,,,374.0.0.43.67,com.instagram.android
b9ddf30a-a391-484c-a27d-8c013aa6e039,Nizam Chaudhary,https://play-lh.googleusercontent.com/a/ACg8ocJLtKYDr7iWhs0IGZlWm4sNs3yp5Jf3V0zr2wFiXbktMMyzEw=mo,ji bahut he achchha hai lekin koi ladkiya mujhko reply kiyu nhi deti,2,0,374.0.0.43.67,2025-04-06 09:52:38,,,374.0.0.43.67,com.instagram.android
4ccf4a8c-1d68-42b8-a218-48e9e7966cc3,Rayala Bharathi,https://play-lh.googleusercontent.com/a/ACg8ocKCQBhdDZoXJs-Eo0m8R8IsJnXqGxiwhiuONDNYdYUyDFt-Yw=mo,good,2,0,,2025-04-06 09:20:54,,,,com.instagram.android
189fe1c7-a304-485b-86d9-0c2dc6c8d4db,Adalynn A.,https://play-lh.googleusercontent.com/a-/ALV-UjW_35ivojmoXKkJcQZIsT2iQSa-B6pFdAGJhpiGELGaVFicfFe_,posting stuff is so hard for NO REASON,2,0,374.0.0.43.67,2025-04-06 09:12:58,,,374.0.0.43.67,com.instagram.android
b06a8e60-acf2-4fb9-ba6c-3541f4f7d97c,Taylor Coiner,https://play-lh.googleusercontent.com/a-/ALV-UjU4fBGxRiLgeoA_KFhgBYJodOdjEffg9uaVZaGoWmywUncuyorZ,"i love this app but there is a few bugs that make me pissed, first when u watch reels, u can't pause the video, u can only mute the sound, second, idk y, but the music for stories, I try to put in a song and make it say the words or wtv, but the words don't go along with the song, it's either tp slow or just stays on the first words, I have some more but there not popping up in my head, but pls fix the first 2, but otherwise, this app is rlly cool",3,528,372.0.0.48.60,2025-03-26 10:17:59,,,372.0.0.48.60,com.instagram.android
324893fc-40b2-44f2-bc61-73568f89c250,Brandon Siegel,https://play-lh.googleusercontent.com/a/ACg8ocLrvIqNFjgQAGHI5LqtXfO2rQKfl7FVQcz-WtotqfyUw7H-rQ=mo,"For the love of God make up your minds. At first, tapping a reel muted it. Then, randomly, tapping would pause reels. Then randomly AGAIN, it mutes them. I have found NO OPTION in settings to change this anywhere. I know some people prefer to mute. I prefer to pause. Give us the option instead of swapping the exposure group Im in as part of your poorly executed A/B test.",3,2885,370.0.0.42.96,2025-03-05 04:35:48,,,370.0.0.42.96,com.instagram.android
3c98377d-e91b-4467-924f-ed0cff0af186,Sammie,https://play-lh.googleusercontent.com/a-/ALV-UjXYdky90-WctbZiOvR46cf5lQPPBzPeciC49y16qPMoWu14qWOc,"It was working wonderfully for a couple of months, but now all of a sudden I can't view my fyp? I can't scroll, like, share, forward, add a note, nothing. I can only hit my back button on my phone for it to get off a frozen looking screen. I can only text now. Please fix this! I even deleted some apps for extra space if that was the case.",3,1170,364.0.0.35.86,2025-01-23 18:49:12,,,364.0.0.35.86,com.instagram.android
4b6b4c51-86d1-4caa-ad86-751137ffb631,MiKaela Barker,https://play-lh.googleusercontent.com/a-/ALV-UjUm0OAHOYoJAJ-KijkGQiTLNEgwlNwg06k416V5DoI92O5OSF4Y,It is getting harder and harder to see the content of the accounts you follow. With reels and threads displayed in the feed and ads (which are extremely touch-sensitive - I am always being thrown out of the app and onto some other site) it is starting to feel like I am wading through the digital mud. There has been a huge influx of poor quality AI content that is not only misleading but just trashy - and the app itself is now seeming to push this! Hoping for a market competitor to come out soon!,3,481,362.0.0.33.241,2025-01-15 03:37:52,,,362.0.0.33.241,com.instagram.android
23218f32-0cda-4b24-914e-b40827add945,Cole HM,https://play-lh.googleusercontent.com/a/ACg8ocJrcc9gegszRrip8Dp6NFyDUAMM8ss8zfmcC6LCQ7usgFTaquQ=mo,"The core of the app works fine. Uploading pictures and what not is as out what you'd expect. Messages, notes etc. are all good too. The biggest issue is when the app decides you can't like a real or view any of the comments. I have no idea why this happens, I've tried restarting the app, restarting my phone, updating the app and none of it works.",3,5,374.0.0.43.67,2025-04-02 10:22:44,,,374.0.0.43.67,com.instagram.android
c42358ac-7007-424f-983d-5c7fba1ffd26,Julie,https://play-lh.googleusercontent.com/a-/ALV-UjVWX65--oiBfkTDJB3R520xSV4-TW6UN14pa6ScDwPiWrGoZ_4l,"For the longest time I've experienced my messages disappearing or the background missing or the wallpaper completely messing up. I have to close out the app and come back to my messages to be able to read them. This has been going on for over a year! I should not have to clear cache, data, uninstall and reinstall this app to fix it. it doesn't work!😩 S9",3,3,374.0.0.43.67,2025-04-04 23:37:42,,,374.0.0.43.67,com.instagram.android
004cdd78-dcd2-4a05-bb53-260a17e60107,Edward Portillo,https://play-lh.googleusercontent.com/a-/ALV-UjXDWBRJyte3dVarVvBO_1EOxCm3kAmvGkFOz13kok08JiDGz5w1,"Overall, Instagram is a fun app that is simple to use. Some added features would make it easier though, as the interface for picture editing can feel clunky and it can be hard to find a specific post if you're looking. Still, on the whole, a good effort. Edit: the app is now randomly updating when I use it, and when it does so, it makes my phone glitch out, like almost restarting but not quite. Why?",3,21,371.0.0.36.89,2025-03-13 00:17:52,,,371.0.0.36.89,com.instagram.android
10cf4998-ac77-4a08-b895-b68e4974b130,J Alexandra,https://play-lh.googleusercontent.com/a-/ALV-UjULhr7UsikLicwUXq9XpZSACNvLMMJ4l6z-P6CF8flye1MppQ1r,"The edit features are not working smoothly. When I'm trying to edit a picture, the app is not giving me any options instead it's frozen. This has happened constantly. My app is up to date. not sure what the problem is. this is annoying. I have to start over again and again trying to edit pictures without it being frozen..",3,18,372.0.0.48.60,2025-03-19 03:59:18,,,372.0.0.48.60,com.instagram.android
62407d10-3351-43e2-a450-4e40f970fb47,My Davis,https://play-lh.googleusercontent.com/a-/ALV-UjV6AMFRzG9fA3eNejnWO_PREx0cT5_e2kNpTKOAPKY0hxfDZV6U,"Been using it for years and love it! Just wish they'd fix the bugs during editing. sometimes the widgets don't pop up, or it will completely disregard an edit I made to the pictures, etc. I also wish they will create a feature that allows users to edit their posts filters. As in you could tweak your photos even AFTER you post them...and also being able to switch around the cover photos after posting would be GREAT",3,15,372.0.0.48.60,2025-03-20 11:24:09,,,372.0.0.48.60,com.instagram.android
9c2657e0-b985-483c-ae4f-95161eda4bfb,Bryan Krocker,https://play-lh.googleusercontent.com/a-/ALV-UjUbDT0iea_TDXSJQGCMfQjIV66p4f_CJjf4KU7G8yu-0W6d_66c,"has gotten a little bit better so I gave an extra star from two stars to three but, the major issue I have now is it's hit or miss with the audio like other people are saying. Would be nice if you guys offered a stationary mute button or kept consistent me buttons throughout the application. sometimes I just want to look at pictures and not worry about the audio coming up if I'm listening to a podcast but lately it's so hit or miss",3,6,372.0.0.48.60,2025-03-29 16:21:52,,,372.0.0.48.60,com.instagram.android
d11090fe-3adb-4cab-95a3-d3c215750287,Anthony Pennza,https://play-lh.googleusercontent.com/a-/ALV-UjX_MQjW96EZii09369FYkU3FKgFNDqRNVcJffVDCL3pIdPiXvlWAQ,"Stories don't conform to my phone's screen right away. For some reason I have to swipe out of the story and then return to it just for the little heart button at the bottom to fit in my screen. Cropping photos is better than it used to be now that I can choose between portrait and landscape mode if the standard doesn't work for me, so that's a big improvement over what it used to be. There's still too much wrongful censorship that needs to be fixed. The A.I. just doesn't get it right.",3,125,366.0.0.34.86,2025-02-11 04:50:38,,,366.0.0.34.86,com.instagram.android
99694f49-4044-408c-bca0-ae1b1b125d26,Sierra Lynn,https://play-lh.googleusercontent.com/a-/ALV-UjWKnSqFvG3kASy1aY99Bjc3r2UK77zgCru3uzy_DcitRbJSF-BLVw,"The app has been experiencing a lot of glitches and user interface issues lately, I'm unsure if it was due to an update, but the mobile experience is just riddled with little issues that make it difficult to use lately. Like for example, switching between accounts has been iffy. I'll get a white screen instead of a switched account 50% of the time. Like what's that about bruh. And I can't add products to my shop on mobile :(",3,23,370.1.0.43.96,2025-03-09 16:46:25,,,370.1.0.43.96,com.instagram.android
78be621b-b50c-4bfa-99f7-50786b7bf8b3,Dawn Williams,https://play-lh.googleusercontent.com/a-/ALV-UjUTuJL9Q89HO2EtixwfeyrxRHvoSu4amUpfktS0gi5Y1C-3nj2joQ,"With the new update, I can no longer discretely watch reels without sound. When I tap on it now, it pauses the reel, not mute. I've uninstalled and reinstalled the app several times, with the auto update deactivated. When I start it back up, the tap mutes it, like normal, then after some time passes, it's back to pausing when you tap it. I really enjoyed being able to discretely watch a video without sound, and now, it's a disruption. Please revert it back to tap to mute!!!",3,24,368.0.0.45.96,2025-02-23 07:14:49,,,368.0.0.45.96,com.instagram.android
13083a73-83a5-4afd-92e9-0399e37d5f55,Ashes To Dust,https://play-lh.googleusercontent.com/a-/ALV-UjWCiWbJX_FIB1ezn9S3rpIwTJs8I2qZr1qyFFVdayfdtIWLMhMy,"it seems ridiculous to me that in a photo focused app, the images lose quality LIKE CRAZY when you send them via DMs. also the new feed layout is AWFUL. it looks ugly and completely ruins the older posts' previews by cropping parts of the picture to force them into fitting the new size. the square feed was a whole lot better, you could post square, vertical or horizontal images and like this???? it's vertical or nothing.",3,587,364.0.0.35.86,2025-01-26 22:01:14,,,364.0.0.35.86,com.instagram.android
9a873b86-e403-4563-b4f3-65527d214422,Lindsay Poff,https://play-lh.googleusercontent.com/a-/ALV-UjW-PxodFqyWeNJQe91PQAq7GjqT_p0nH1QFE43gLcSYvvwk9Ll6lw,"It gets the job done but needs major revisions and updates to keep up with the times and other apps. You can't pause reels, your feed does not get curated, videos often won't load, they finally increase the size of posts, but it still greatly decreases the quality of photos and videos uploaded. Now that Meta is removing fact-checking, it's gone downhill as well. I don't like or want the Ai search feature, but there is no option to remove it.",3,13,362.0.0.33.241,2025-01-14 01:56:41,,,362.0.0.33.241,com.instagram.android
0deef035-4f53-4f7a-aab6-f675214f863b,Pritam Pyare,https://play-lh.googleusercontent.com/a/ACg8ocLKpN6Oxf1QUlnIrLqOV3Oz7mAsBgvDFoMw_3FDzb1cSIzAiA=mo,running slow 😞,3,0,367.0.0.43.89,2025-04-06 10:11:49,,,367.0.0.43.89,com.instagram.android
7c1bb2f2-55d8-453e-8904-c66304e552d0,Vinod Badgujar,https://play-lh.googleusercontent.com/a/ACg8ocK-gQPeMn8aXGHKMS1VVFyPC4M1l-3H4kEk3TggvdsUdBS3MA=mo,very nice app,3,0,372.0.0.48.60,2025-04-06 09:58:18,,,372.0.0.48.60,com.instagram.android
a49c1af6-bca6-432c-934a-ad3fe681b95d,Sidhan Bariha,https://play-lh.googleusercontent.com/a-/ALV-UjVtKNKWchrDiSxoqk8astjAG_oTz3XgpqT0Ao4DCy8Sgy53IE_2,Okay But Mere Account Main Ek Problem Hai Story Highlights Nehi Ho Raha Hai,3,0,372.0.0.48.60,2025-04-06 09:53:47,,,372.0.0.48.60,com.instagram.android
a1efeb60-a1c3-4773-b558-2fe1f7c6797b,Juan Jaques,https://play-lh.googleusercontent.com/a-/ALV-UjWnYFWwkK4Oqce7PeK_zUzohhLNaprSUhpWPuUhXaBsgjrGzvc,great picture,3,0,248.0.0.17.109,2025-04-06 09:47:07,,,248.0.0.17.109,com.instagram.android
3c436572-f4c3-4513-8b9f-957740ce5ba5,Abhishek Sharma,https://play-lh.googleusercontent.com/a/ACg8ocKSbdCL4-ktrzUzdegfeoQ6GYqcX6wuVMQ68nIgZWNkVfoyDg=mo,"While uploading my story, the option of saved song is not coming. Please bring that option back for me...????",3,0,373.0.0.46.67,2025-04-06 09:42:45,,,373.0.0.46.67,com.instagram.android
2f8f0728-b1ea-44bf-a5c2-1adcad815b6a,Ángel Jiménez Víquez,https://play-lh.googleusercontent.com/a-/ALV-UjWjKRnxi4v3QEqg6_btw5GOj4K3M7gsoLU98ItvcG3QIrMhr1E,"Please remove that quicksnap thing from my feed or at least make an option to disable it, its so annoying!",3,0,,2025-04-06 08:54:35,,,,com.instagram.android
470d6f4a-2792-4da9-95ec-2bf7d8325a0b,Divyansh Kushwah,https://play-lh.googleusercontent.com/a-/ALV-UjW6MDi3FMIrU8_9FxBTzdkrLRxYGt0X-iqhORLqELUuVkRDJhQ,good and nice,3,0,,2025-04-06 08:32:23,,,,com.instagram.android
e80c9d63-16f6-417d-a98e-f24489741c4a,Robert Schneider,https://play-lh.googleusercontent.com/a-/ALV-UjUdh3a_Bll0QzWrNCrmU2XAHG6xW96O4g_gZdmONFi1vrwrVJg,"I still like the content on the app is still good. But the last update seems to have messed something up. My color scheme seems indecisive. I have a white border, but a black background with Grey text making it really hard to read any captions. One thing that really annoys me about the new format is as you're scrolling u get a suggestion of reels that will appear that u can click on. It used to be if u clicked and then scrolled it would cycle through them, now they're all independent.",4,5787,364.0.0.35.86,2025-01-29 10:26:45,,,364.0.0.35.86,com.instagram.android
91485b7f-39e6-4b63-9bce-696bf0f31091,Maya Simmons,https://play-lh.googleusercontent.com/a/ACg8ocIyreyfOiv2mccqpkOth7DXVwcOYCobGnFnKeClTkD5ERsJ7BE=mo,"Sometimes, messages show up in my notifications but not in the app when I check. I also found that sometimes voice messages don't send and that past messages don't load after a bit. However, it's a really great app and is overall really fun despite the occasional glitch. Edit: new glitch! I can no longer listen to the songs my friends post on their notes, and music doesn't load when I post either.",4,6127,361.0.0.46.88,2024-12-28 06:59:03,,,361.0.0.46.88,com.instagram.android
24c43e7e-784f-4fc4-8260-0521c6b26d66,Frances Fleeman,https://play-lh.googleusercontent.com/a-/ALV-UjVfId0YRVhC8t28Yk_YEdjfrzTjprtAWh7cumRmgEELuazx2Mxpfg,"I love Instagram but there are issues with the music I select for my reels, some will not play after I spend a very long time choosing the perfect song for my creation. As a digital creator and writer trying to make a difference, this is very frustrating. I had to delete one of my reels yesterday several times to try to get the music to play. Today one of my reels has no music because I don't have the energy to keep redoing it over and over, please fix this issue Instagram so I can give 5 stars!",4,2139,372.0.0.48.60,2025-03-23 19:26:55,,,372.0.0.48.60,com.instagram.android
b132a694-f029-477a-874b-f300176033b0,TJ Mattan,https://play-lh.googleusercontent.com/a/ACg8ocIhIE3A4mwM4r3otc6PG1ZuVApwuVDnH2QgVE9asfV_f63yng=mo,"Solid social media app. Only gripes are: I wish you could delete posts, it would be cool if when sharing spotify music on your story it would play a lil bit of the song like it does when you post a song to a facebook story, and I don't care for how pictures sometimes get cropped due to their size. I find myself having to use a 3rd party editing app to get my pictures to fit right - not flexible in that regards.",4,1078,363.0.0.29.80,2025-02-11 21:38:35,,,363.0.0.29.80,com.instagram.android
81c64a44-0228-4ec1-b11e-3b4799c19933,King Mone,https://play-lh.googleusercontent.com/a-/ALV-UjX-daMmbmM5oOyYMCeAqo5jtJVydqPYXmrH2kQLHyb_qSudwt0,"Everytime I Try watch more then two reels or videos no matter what it pauses in the middle of the video and I have to exit the whole app, wait a minute and then it will work again only to be able to watch two more videos. I tried uninstalling and reinstalling but it still does it. Other than that I.G is dope. Anybody got any help for me",4,565,365.0.0.40.94,2025-02-03 07:15:43,,,365.0.0.40.94,com.instagram.android
e1cfd8af-6edd-4a58-974c-704e3d91b622,Jamie Elizabeth,https://play-lh.googleusercontent.com/a-/ALV-UjUCzeDkkriOCHjyIc_0blnybfoqkniy8yHY91j818FYEo5K0yqbLg,"Instagram has major ups and major downs. While working diligently to evolve & diversify the apps capabilities, it is also plagued with ""glitches."" That being said, it's still my favorite place to engage with my chosen community in the activities I enjoy. But those glitches had me taking a long break for a while. 😂👍 I am hopeful I will be able to post 4x5 images one day and not just one by one images 😂 But there are worse things in life I suppose. 😁",4,678,362.0.0.33.241,2025-01-09 08:36:53,,,362.0.0.33.241,com.instagram.android
2ec70002-b717-4bb4-bc17-5d406520e98d,SUMIT SHARMA,https://play-lh.googleusercontent.com/a-/ALV-UjVW2LcRlzRzdW6nfjoxfUp-A1s8RIKDbQ9OvFqD95drw08OZg4,"While posting photos with music n all, the same gets sync with Facebook. So In facebook music doesn't play and get neglected. Also please give options for posting videos with adding text & stickers. And provide multiple options of triming one full video like removing unwanted clips in-between the video. Please update the software about the same.",4,982,362.0.0.33.241,2025-01-12 22:21:03,,,362.0.0.33.241,com.instagram.android
1a600e6f-89e0-45b5-aa01-d9aa700c7aee,Geremy Ramos,https://play-lh.googleusercontent.com/a-/ALV-UjXCKeaLM0LHmHZZB-rDPHLwwhyF-VxJQmGigcJTNx3wbTVd028,"It's the most effective way I communicate with my friends. Pictures send clearly, text send in the right order, voice memos are clear, and I like how easy it is to post. The only reason it's not 5 stars is for 2 reasons. 1.) It bugs often, I have to close the app and reopen to acces the settings. 2.) Stories can't be longer than 1 minute. But overall a great app, I'm pleased with the experience.",4,762,354.2.0.47.100,2024-10-24 20:20:33,,,354.2.0.47.100,com.instagram.android
3851cf2e-35d1-4561-88d4-41adbc462995,Rumaysa,https://play-lh.googleusercontent.com/a-/ALV-UjXX-34o2W1oZOSOhqTG73On3BJ4-3iSnPmdLt7W5fDgi4xlBFHIRg,"Its a great app but lately my words on my reels keep getting messed up..I spoke with others and they are experiencing the same issue too. I've been experiencing other small issues too lately. Like when I post on my story, it will post but it stays up there in my screen and I have to close instagram out. Pinning on videos isn't working. That's all I can think of for now. Please do fix it!! The sentences/words on the reels are very important! Thank you",4,686,359.0.0.59.89,2024-11-29 11:03:16,,,359.0.0.59.89,com.instagram.android
9f76dbb3-4606-4afd-8354-25f1024d9e53,Vivian Sech (Velvetmidnite),https://play-lh.googleusercontent.com/a/ACg8ocIPix0_DtYHlBzA9v2hADgd1VfAgfUvYa9JComJ1-8P8q46Lg=mo,"I do love this app but I wish they would update some of the features. For instance, being able to post full length shots. Even with the extended crop, it still cuts off so much of the photo. I also wish there was a way to edit comments after you post them. It's annoying to have to delete a whole comment and retype it since you can't edit it after if you misspell something. You also can't copy your own comment after it's posted, so you have to retype it all.",4,839,361.0.0.46.88,2024-12-20 22:03:00,,,361.0.0.46.88,com.instagram.android
2d310c2c-dc0a-4a7f-8340-9abc7cdd4aaf,Nicky Zaccone,https://play-lh.googleusercontent.com/a-/ALV-UjULTceofJrmTVhA8XINP5f-Sn_uzmJ74lD1dJDHnTowXtxgQec,"Good, but there's a glitch with notifications. It has not worked properly for the past week. I get them. I get the notification sound, but I no longer get the little pop-up preview. (Who it's from/about) I've tried everything and even reported it......Nothing. No help or suggestions. Other than that it's nice, but notifications is everything.",4,140,354.2.0.47.100,2024-10-24 13:49:21,,,354.2.0.47.100,com.instagram.android
fe55e135-a267-4931-b70a-0d713db05d9c,Google Subsciber,https://play-lh.googleusercontent.com/a/ACg8ocKjs0LxVqoVgrVEynIZXMkRujG7F9j89Kw2q2ppG8SEo11KXQ=mo,"I love being able to share. They even have music to share with your posts. It gives things a nice flow. Cons .. It still disturbs me that most of these apps are watching everything you do online. I believe they have a settings option to help with that, a little. You can 'hide' any ad that bothers you. Hit those 3 little dots on the right side of the ad and just say no. : )",4,28,353.2.0.49.90,2024-11-17 05:10:18,,,353.2.0.49.90,com.instagram.android
5dd31b74-5bce-4fbb-8268-ae9064e36d3b,Prasanna Shanmugarajah,https://play-lh.googleusercontent.com/a-/ALV-UjXtzphytNqrp3QBuxP2jjLiFxsazqz7DXSRHalR6j8KDdXicjyc,App is good which everyone knows. Hence will highlight things could be improved. As creators there are subtle inconsistencies in the creator tools. A little hard to ensure if the reels is going to show up as it seems when it was worked on. Seems like ui improvements have been done to address it. Sometimes scheduled content has gotten published immediately. Very hard to navigate around the Creator tool of working with multiple texts layers. Probably not intuitive but maybe have to search further,4,492,359.0.0.59.89,2024-12-02 00:30:53,,,359.0.0.59.89,com.instagram.android
b02ae9bd-3b6a-4a50-a456-35bda373fb48,Abdul Waiz,https://play-lh.googleusercontent.com/a/ACg8ocLl8-PF7wlaFRZ6xFfyD2yQEdsDkCLmzzfX-HIxzgCz__vktw=mo,"Its so good!! Reunions online are best here!!! So many features too!!!! I havent even tried some of them.... It works perfectly, and time flies while using it. Theres just so much, i cant keep track. But its the best social media platform out there Edit -4 oct 2024 I've been experiencing several technical issues but the reports are NOT getting submitted. Neither is the help centre working. I urge you fix this ASAP.",4,291,,2024-10-04 21:48:18,,,,com.instagram.android
74d9b061-9596-42d7-a8ae-22a9cb811ea3,Cherry Blossom,https://play-lh.googleusercontent.com/a-/ALV-UjXao8oF4kuFTTvI_2LdKFpfv4QcmgKCnrqbL2zRhPW-t5sbMj4,"I recently updated my Instagram app to the latest version, expecting to see the new features and improvements that were announced. However, even after updating, my account doesn’t seem to reflect any of these changes. The interface looks the same, and none of the newly introduced tools or design elements are visible. I’ve double-checked to ensure that the update was successful — the app shows it's up-to-date in the Play Store/App Store, and I even tried reinstalling it, clearing the cache ty.✅",4,124,374.0.0.43.67,2025-04-05 00:18:38,,,374.0.0.43.67,com.instagram.android
2a68dca8-aeae-455a-b876-0dbed1a8a4aa,akhil csc,https://play-lh.googleusercontent.com/a-/ALV-UjWxXH51AJJrR6wvp6d9dPwP6HFx_e1uLCouWkBOUWpGEZLpWYI,good job,4,2,,2025-04-06 10:12:15,,,,com.instagram.android
74b86642-0680-4ea8-9c29-7faeeffa83dd,Anurag. S,https://play-lh.googleusercontent.com/a/ACg8ocIWxCVTMcaMTU3hqlR_m1EGe8mo4I1RcMTXjBqdlXA6ImQBNw=mo,so good,4,1,,2025-04-06 10:04:45,,,,com.instagram.android
ad8c0c4f-0c99-4e34-a0ae-b6414271fd62,Aashu Kumari jha,https://play-lh.googleusercontent.com/a/ACg8ocKMkQia6J5RL7vGv696XaWIyZU95PlnjWxgNPhPJRR5_LZ8ow=mo,bahut badhiya,4,1,374.0.0.43.67,2025-04-06 09:44:48,,,374.0.0.43.67,com.instagram.android
6a5583fb-85b6-46a5-b605-b9f8630b9529,Nagamani Mani,https://play-lh.googleusercontent.com/a/ACg8ocLGEeGKBc1WUlJIV0gnMmwHtLpRzFFR4F00X96VaFjpj_GVJw=mo,good,4,1,356.0.0.41.101,2025-04-06 09:44:30,,,356.0.0.41.101,com.instagram.android
15f659c5-4a59-461c-8120-6619d97699c9,Gokul K K Gokul K K,https://play-lh.googleusercontent.com/a/ACg8ocISDthOS_ew1Mbcw4EGmhjHBm97C6_gyjfr-KlBJKlZatnWmw=mo,the best learning and chatting platform,4,1,373.0.0.46.67,2025-04-06 09:20:31,,,373.0.0.46.67,com.instagram.android
9e351d1b-cb56-430d-bd26-3c9f6dc98242,Dawood Khan,https://play-lh.googleusercontent.com/a-/ALV-UjXx563QsGDuWWXCG2f4IB0VOlRID4CGJT34bkLDM1VDh37tNseN,Good,4,1,374.0.0.43.67,2025-04-06 09:19:20,,,374.0.0.43.67,com.instagram.android
7a45113d-fcb4-4cc1-bb97-84488db44ba8,Hannah Majzlik,https://play-lh.googleusercontent.com/a/ACg8ocKHtHpxF7ssdXNyrQqSSJEBKSkgf-gnheCQl0zj_3uUeQtY5A=mo,its pretty great but lowk im addicted,4,0,374.0.0.43.67,2025-04-06 09:17:49,,,374.0.0.43.67,com.instagram.android
5d35f8e4-7666-4d3e-a437-5e2c6310a0fe,aaron gritsch,https://play-lh.googleusercontent.com/a/ACg8ocITEkXahzuoGo5jK5hI2JqQtAW1lpmQYU67JpACjiltPULyNg=mo,"For the most part the site is great. I can look at the pics and videos all day as the thing really customizes your experience very well. Then only problem I have with the app is some of the people on it tend to be idiots. You compliment someone's pic or vid in a very nice fashion and someone will reply and literally insult you, usually a creeper with no pics. Not really Instagram's fault but it is irritating. Otherwise no complaints.",5,11303,356.0.0.41.101,2024-11-10 10:08:37,,,356.0.0.41.101,com.instagram.android
43b7f18e-54ff-4a1e-b6f1-37aae344ad19,Kayla Katastrophic,https://play-lh.googleusercontent.com/a-/ALV-UjWKdwGzF-PSd61EKs8ftUIFZnc-sui33QyF_9gieoBg2SqwmDM,"I love the app. Every aspect from messaging, to posting, changing colors of the messages and all of the details put into it, but I dislike how I can't log in due to the app consistently crashing (today it's been awful). It just keeps saying error. It stinks because I love the app. Please fix the crashing portion and it would be flawless.🩷🥺",5,7873,,2024-12-12 01:25:57,,,,com.instagram.android
f0fe741c-4399-43f2-ad3e-76826e579cb0,Ana Sebas,https://play-lh.googleusercontent.com/a/ACg8ocLw2mBgmTSyam_X5EsahASu7ISBRTr7EocWVlD0nyLNE5_NoQ=mo,"My experience on this app is very great, I love it. I can talk to my friends from across the world, but there are some things that bug me like Instagram. Can you please add a feature where you can erase all your reels in one tap. I have too many reels liked, and I can't go all the way down and unlike all of them one by one. please add a feature that erases all your reels, please! I'll be great if you did!",5,5,374.0.0.43.67,2025-04-04 02:25:35,,,374.0.0.43.67,com.instagram.android
2d92bde9-6677-4496-8f2e-76edddad64a9,Suvitha Nisha (TEDDY LOVE),https://play-lh.googleusercontent.com/a-/ALV-UjWK3YK4LkKbhm1tL4vqV7h3FlEj3tKw8CMrKP2C1VdW1lxJrN42,"Instagram is an amazing platform for sharing moments, discovering new trends, and connecting with people worldwide. The user-friendly interface, high-quality photo and video sharing, and creative tools like Reels, Stories, and Filters make it super fun to use. The explore page and algorithm help discover new content tailored to personal interests, while features like DMs and close friends ensure private interactions. Regular updates keep the app fresh and engaging.",5,3026,372.0.0.48.60,2025-03-27 14:17:43,,,372.0.0.48.60,com.instagram.android
61d38f6d-b40f-4d81-97fb-ef36802c50cf,VJ Therence,https://play-lh.googleusercontent.com/a-/ALV-UjUGq18h467BkTudwY8V_qa1TQMEc3tA2YnaXR_QAkA_VlFtjJo,"Instagram is great, but the ""add music to profile"" feature has a frustrating issue. When I’m listening to music on a streaming platform like Spotify and visit a Instagram profile with music added, my music stops, even though the profile’s music doesn’t play automatically. It resumes when I leave, but the interruption is unnecessary and annoying. This feature needs improvement to avoid disrupting the experience. Otherwise, it’s a fun and creative app with room for small fixes.",5,24552,365.0.0.40.94,2025-01-30 11:04:53,,,365.0.0.40.94,com.instagram.android
d32338a1-59c1-4509-b8ca-a19351a577ab,Kira,https://play-lh.googleusercontent.com/a/ACg8ocIOF4yWryDtSAK3zkByY579R-l7QSKa268XJfEIWzCJdqkHqSY=mo,"It is a fun way to watch your favorite content and express yourself. There is a wide range of pictures and videos of all types including, cleaning, hunting, adventure, advice, comedy, and so much more. This app also includes private accounts for ages under 16, but if wanted, your parent or guardian can change that. I would definitely recommend Instagram to everyone that would want it.",5,92,367.0.0.43.89,2025-02-21 01:22:44,,,367.0.0.43.89,com.instagram.android
e587fcc1-5972-49c6-a29b-cf48f59fc2ec,Ain Sofea,https://play-lh.googleusercontent.com/a/ACg8ocKxFkwzHhy6j31l0uJHvSlp6_rQeMgYPDaBC4oZI7p2EkLUPw=mo,"""While Instagram is enjoyable, there are a few areas for improvement. The algorithm sometimes limits reach for smaller creators, making it harder to grow organically. Additionally, more privacy controls and better spam/bot detection would improve user safety. It would also be great to have more customization options for feeds and profiles.""",5,7277,364.0.0.35.86,2025-01-29 08:25:07,,,364.0.0.35.86,com.instagram.android
825ad8a8-e9a0-411f-a461-f730449ce8e3,Chigozie Amaechi,https://play-lh.googleusercontent.com/a-/ALV-UjWjhc6FPhwgJ8g5Q5ZSQKjBG-ggioHWx0fWjYE4E3BRAgHOA08,"I have always loved Instagram since I started my first account seven years ago in November. It aided me to share my favourite photos and videos on my page and connect with real followers there once it improved. I didn't know how to use it properly then, but I would have gotten the hang of it now. It is a good communication app to make friends online or just look at some celebrities profile to see what they did.",5,926,366.0.0.34.86,2025-02-08 23:03:30,,,366.0.0.34.86,com.instagram.android
d884adab-16e1-4bd1-b579-49ccc33de276,Tanish Kinalkar,https://play-lh.googleusercontent.com/a/ACg8ocI6Yt_ejvpm053O88f4-cFW6K9-zWqXzmxaj3KhvSq5aqtt=mo,"Hello Instagram team, I am facing an accessibility issue while watching stories. The time displayed on the stories keeps showing 21st January and the time as AM every day, which is incorrect. This issue is making it difficult for users, especially those who rely on accessibility features, to track the actual time of the stories. Please look into this bug and provide a fix for it. Thank you!",5,8080,,2025-03-28 10:43:48,,,,com.instagram.android
c798d78e-9376-4eb6-ae69-9301a9fc26be,Romit Sen,https://play-lh.googleusercontent.com/a-/ALV-UjVHOK_gVZsjueeqkcUGQe7Aj0O9wLmKq9kE_JRrLhWzD7GX4mYC,"IG has quite silenced the competition & undoubtedly the most utilised social media platform for discovering creative content. It brings features like reels, stories & communication into one place making it really convenient & exciting. It is definitely up to date as it makes use of the latest innovations & offers useful tools in order to make every post stand out. Overall, it is an incredible application for visual storytelling-sharing yourself among followers or browsing the newest fads!",5,2884,,2025-02-03 04:47:18,,,,com.instagram.android
75a69f80-0512-4b23-9cff-0baaf526f1f6,sristy maria,https://play-lh.googleusercontent.com/a/ACg8ocL8wwSCRTF2w3mu8uPasxPrkPa69dzUWa51phknTA3I60y_fw=mo,"It is a widely popular social media platform known for its visually-driven content. It excels at providing a seamless user experience for sharing photos, videos, and stories, allowing users to creatively express themselves with various filters and editing tools. The app’s algorithm effectively curates content, making it easy to discover new interests through the Explore page. Instagram also integrates e-commerce features and supports business accounts, making it a valuable tool for influe",5,622,216.1.0.21.137,2024-08-19 22:30:26,,,216.1.0.21.137,com.instagram.android
5c48635f-776a-4fa6-9f2c-3d758ef254a3,Ronald Wolvers,https://play-lh.googleusercontent.com/a/ACg8ocI4V3iFaNiqww8MOLYXDFxZX_9Bwdhhz8iiCVscZHESfSBoRD2L=mo,"I use this app much more often than I'm in all fairness comfortable with. That's definitely because it's a good app. It's too bad all the video filters keep disappearing and that there's such heavy compression on photos these days. Highly detailed photos end up not looking great at all. Also, the recommendation algorithm seems to largely ignore ""Not Interested"" feedback. Stories are a really nice addition to the app, it would be nice if the process of uploading a video filter would be a little",5,20,373.0.0.46.67,2025-03-30 06:22:27,,,373.0.0.46.67,com.instagram.android
5f1465e5-6f60-4e6e-85af-4e5486c98116,min hein,https://play-lh.googleusercontent.com/a/ACg8ocKULMeQqg_WEe_qBg8twl2vpzf_tbaxJtIp5eM6ty56KvzxtQ=mo,"Instagram is a fantastic platform for sharing moments, connecting with friends, and exploring creative content. The interface is user-friendly, and the variety of features—like Stories, Reels, and DMs—make it engaging. The app runs smoothly, and updates keep improving the experience. Highly recommended for anyone who loves social media!",5,5,373.0.0.46.67,2025-04-03 17:33:05,,,373.0.0.46.67,com.instagram.android
5b006e13-40a2-4421-8d06-967a7c647640,Farah Wahidah,https://play-lh.googleusercontent.com/a-/ALV-UjXW2PyCtnOOlr9Afey1PV2mVXJNQ9uTiSBeoJ7MtmJV0NkOnpBC,"Instagram is the go-to app for sharing photos, stories, and short videos with a creative edge. The interface is sleek and user-friendly, making it easy to scroll through stunning visuals and connect with people around the world. Features like Reels and Stories keep things fresh and engaging. While ads can be frequent and the algorithm sometimes favors larger accounts, it’s still one of the best platforms for visual storytelling and personal branding.",5,8,371.0.0.36.89,2025-04-04 23:27:56,,,371.0.0.36.89,com.instagram.android
fcc13ab4-0e45-4dca-b917-f9e1426eb62b,Hari Abraham,https://play-lh.googleusercontent.com/a/ACg8ocKf_msg18d5ssDfBwMJsDC5SNwwcGXnso_1XHFjMXoyJTaqxWw=mo,"I started with insta with the browser a half year ago. The app is a fast growing masterpiece. Did not expect so much creative freedom from this company, but the best thing is the beyond time and space feature. I think about a topic for a few hours, then something similar pops up and other threads follow up quickly. Some old videos already liked by a Big crowd are often also connected. But the most funny thing is the competition with google, which seems to be heavily influenced by AI.",5,7,374.0.0.43.67,2025-04-04 17:22:06,,,374.0.0.43.67,com.instagram.android
c57e027b-5fc4-4f39-9ba4-b59ffee803d9,Abdulwahab Ibrahim,https://play-lh.googleusercontent.com/a/ACg8ocLwl6Pun0TddE-z5TehFrhC38vuLDwb3hblifzajr1NEIBxSw=mo,Tnks a lot,5,0,278.0.0.22.117,2025-04-06 16:31:22,,,278.0.0.22.117,com.instagram.android
5c7df286-1edb-4a4a-88d1-f2c6988b4eb1,Mukesh Solanki,https://play-lh.googleusercontent.com/a/ACg8ocJdkGZnVEHnhoqqWdJdJDZtc3QzNVGn9Z50nMoUOjEbOCB1aw=mo,super,5,0,,2025-04-06 15:11:07,,,,com.instagram.android
d25c40b1-8eeb-4aad-9831-7f96bb9fc940,Shivam Kumar,https://play-lh.googleusercontent.com/a/ACg8ocIKT2Bo0mLuJsL9SHiIShdUGfzrsjKWbqg_kiMIObijioNA1g=mo,Instagram my life and my,5,2,,2025-04-06 12:11:51,,,,com.instagram.android
e39028ef-f230-42ac-bfcf-ac1eef5c3f5f,Samay Meena,https://play-lh.googleusercontent.com/a/ACg8ocJEXeXfOtraF6Ppk77bpWd_hoy9CldfulRLmsjl3FLbsAuHdg=mo,meena geet,5,0,,2025-04-06 12:07:49,,,,com.instagram.android
55a9d898-be6a-4ab1-b2c6-959eb392c393,Prahlad Verma,https://play-lh.googleusercontent.com/a/ACg8ocJF337uGo4a1VA7LBsdGU93cw66IG7l1juOdqEVSH4o50JeyQ=mo,good,5,0,373.0.0.46.67,2025-04-06 10:11:50,,,373.0.0.46.67,com.instagram.android
1cc02eed-64c2-47d0-9b68-00d0405cbe8c,Mahadeva. Lamani Lamani,https://play-lh.googleusercontent.com/a/ACg8ocIXJKsSEiyeuy0fDNIYbxu4cl_FHHDhO1NkiXbrPpgLHtbD_D4=mo,good work,5,0,368.0.0.45.96,2025-04-06 10:11:44,,,368.0.0.45.96,com.instagram.android
95b1f933-312a-4cb2-a5c7-996d2eb0f8cb,Raghvendra Kulkarni,https://play-lh.googleusercontent.com/a/ACg8ocJyewFmO4v0Coh28g1zBzPBGoJWJGqJsJp8PK4lYypMgeAqJw=mo,accha app hai,5,0,371.0.0.36.89,2025-04-06 10:11:07,,,371.0.0.36.89,com.instagram.android
07d07b2b-87c9-41c6-bc37-e1e11b40c71d,Jordan Piscitelli,https://play-lh.googleusercontent.com/a-/ALV-UjXfZSNzq7OakgUhVSsmArtvqBzRKtMnw7TENoP8qAhdtzHZA1k,"Review is based on the functionality of Facebook dating. Trying to add photos is nearly impossible. It either doesn't add it, or adds it twice and deletes one of the old ones. Also, it seems I am completely unable to disable the ""automatically sort photos"" option. Oh, and that ""it's not you, it's us"" pop-up might as well just be an image of a middle finger. Nothing ever gets fixed.",1,11196,504.0.0.69.64,2025-03-19 00:28:43,,,504.0.0.69.64,com.facebook.katana
e055c5c6-9618-4901-a543-037e99cfe214,Tanner,https://play-lh.googleusercontent.com/a/ACg8ocJn3V1SBQdJcuYU12zcw3EI7FLQ6cUF9qR7gsK6Dk3bvzQIrQ=mo,I wish I didn't have to use it. video live streams don't work right. I try and watch it horizontally on my phone and the app places half the screen beneath my phone. the top half of the video is the bottom half of my screen. when I try and vertically align it after that point the video is switched and will keep playing the wrong video no matter how many times I try and get back into it. That's on top of all the other well-known garbage that Facebook shoves in your feed instead of what you want,1,1058,504.0.0.69.64,2025-03-20 01:54:55,,,504.0.0.69.64,com.facebook.katana
e2466ee6-e85c-43c8-b8cc-29a41906605f,Linda Eaton,https://play-lh.googleusercontent.com/a-/ALV-UjVbt3OddRQhydqbgg3CHvd5QsoIlD4kpxuzMSt9FtiGGKLh5Tiugg,"Please reset the search options. I used to be able to search within a specific group, page, or feed. Unfortunately, now, when you try to use the search feature, it searches all of Facebook. It's not useful at all. It makes it difficult when the results are completely out of your area. Please change the search option back to searching in a specific group, page, or community. Thank you so much!",1,7449,503.0.0.69.76,2025-03-13 18:43:54,,,503.0.0.69.76,com.facebook.katana
62d7162c-4ef5-447b-8f22-e6a17be0f807,Mama Poodle,https://play-lh.googleusercontent.com/a/ACg8ocJXd7VwjRCI83JI4d7OLHi_uh3tyN4Bb2xrGcyev_THDcKMTw=mo,"The ads. I can't do it anymore. I will see one post from a friend, then an ad, then a suggestion of an add or a group I should join, and then another ad. I am so over it. I've had Facebook since 2008 and every year it just seems to get worse. What started as a place where friends could post about their happenings in life and keep up with others has now turn into a giant online ad campaign. I hardly use the app anymore because of the ads. I go days without checking it.",1,6859,495.0.0.45.201,2025-01-14 07:00:16,,,495.0.0.45.201,com.facebook.katana
91620db6-5cec-47ac-a6a4-c88582de0a35,Candace Kozora,https://play-lh.googleusercontent.com/a-/ALV-UjVI8QYz2XOVFF9IlJjffGfBQBXksOfTMui3Pnb9ytlNrBsCVz8h,"The User Interface of this app is one of the worst I've ever experienced. Over complicated, difficult to find many settings hidden in different ways, and it sends none of the notifications you set to see and sends notifications for everything you don't want, there's lots of privacy concerns with what they do with your information, plenty of fake accounts that impersonate people you have added. The list could go on",1,9213,496.0.0.45.65,2025-01-20 12:43:42,,,496.0.0.45.65,com.facebook.katana
d14ca9fb-6780-4b20-b9f7-fcadb3193b5a,constantly kianna,https://play-lh.googleusercontent.com/a-/ALV-UjWHZmewJSVxBrdkOuCRIWnUhvQdmWIt0jBMS7QYUskl5A-bbmQ,"For an app that's supposed to keep you in the loop with friends and family, it does a really bad job at it. 90% of my feed is ad and suggested content. If I scroll through 20 posts, only a handful are from my friends. I don't even see half the content they post. Not to mention the notifications are useless. Why am I getting a notification about a post made 3-4 DAYS ago?? I have a few dozen friends that I'd like to keep up to date with, but this app makes that almost impossible. Waste of time.",1,4874,495.0.0.45.201,2025-01-14 22:39:20,,,495.0.0.45.201,com.facebook.katana
561b62ad-d5c5-464e-b633-9e2a106be9f1,Courtney Krieger,https://play-lh.googleusercontent.com/a/ACg8ocLPS51CxNyHdAkOzdDYuddt4_EPDLlLhJLHIbulCiTSr1WYBw=mo,"Needs Major Improvements While Facebook used to be a convenient way to connect with friends and family, the app has become increasingly frustrating to use. Here are the major issues: 1. Intrusive Ads: The number of ads is overwhelming. Every few posts in my feed are ads, making it hard to see genuine updates from friends. 2. Algorithm Priorities: The feed shows random content from pages and people I don’t interact with while burying posts from close friends and family.",1,3480,495.0.0.45.201,2025-01-18 05:43:45,,,495.0.0.45.201,com.facebook.katana
de26cfa2-3ab0-4ca4-8f6b-96f0a9ded223,Mark Harrison,https://play-lh.googleusercontent.com/a-/ALV-UjWwG4V0O7TbrEQWyBBjCcn_JcK_79N5oM6eLMdpUziEJgoIVjPE,"FB had butchered what used to be great. I rarely see my actual ""friends"" posts. It's filled with content it believes i want to see but don't. It filters my notifications by what it seems important. If I AT ALL watch a video, it's subpar algorithm shows me non stop the same or same type of video. I've kept due to family and pictures but have weened. Won't be active much longer.",1,2579,494.1.0.56.73,2025-01-16 21:11:47,,,494.1.0.56.73,com.facebook.katana
f9c3640b-2922-46bc-a2e8-1a64afa3711b,Beck M,https://play-lh.googleusercontent.com/a/ACg8ocJDBCpR-ro9-I5X7KAaNUy4JUDCkz7QdU6LxvbklgsjbpqI7A=mo,"It's crazy how much data this app collects from my device usage OUTSIDE the app for ad targeting. The settings interface to change what data it can collect is not user-friendly at all. If someone isn't tech savy, they would have a hard time finding and adjusting ad and privacy settings. I feel like the settings menu was set up this way purposely. One shouldn't have to google how to change a setting in the app.",1,4848,496.0.0.45.65,2025-01-19 03:39:47,,,496.0.0.45.65,com.facebook.katana
677c9300-8f60-434c-8870-92990f1428d8,Willem van Heerden,https://play-lh.googleusercontent.com/a-/ALV-UjV5ILLoZIJ-wz8E2aEcus1Z24FgZ2-tIFVBxxks7MFnz-325g7f,"Many bad updates recently. Many notifications are now categorised as conversations, so they don't respect that I've silenced them, and this can't be disabled. Top navigation bar often doesn't load. Reels jump to the next one 5 seconds before the previous one finishes. Videos autoplay despite autoplay being disabled. Links open in a terrible built in browser, so a YouTube video takes 7 taps to open and completely close. There's no user testing, and the app gets worse with every update. Awful.",1,4787,499.0.0.31.60,2025-02-12 00:57:19,,,499.0.0.31.60,com.facebook.katana
48f0fc81-55ea-40af-950a-15059ff63e68,Max Beecher,https://play-lh.googleusercontent.com/a-/ALV-UjVWQh8SDEtPS2J0F1Nvug40czoWAwKzhCN0JklxL9_tN4rPZNK-Tg,"Super buggy lately. Hasn't updated my notifications in 2 days and everytime I reload them, it still shows the latest notification being 2 days ago. Also, anytime I watch a video from Messenger, and hit the back arrow after the video is over, it takes me to Facebook, not back to messenger, which is super annoying. And I'd like timeline feed to be in chronological order, not random. Even when I change the setting to show that, it reverts back to this random timeline feed.",1,3053,498.1.0.64.74,2025-02-06 19:19:39,,,498.1.0.64.74,com.facebook.katana
f23a50a5-6224-4cae-9b69-73fbf71cdad3,Parker Coyer,https://play-lh.googleusercontent.com/a-/ALV-UjVeP5Ti_2IrVYEboXLxQWHQvLiYK-VVxSPyEOBED2cBsQgaM7w,"Updated review: this app just seems to be getting buggier and buggier. Occasionally when I click the profile picture of someone I don't know, it freezes the app on their picture. I can't swipe or exit. Sometimes I have to uninstall and reinstall because all my wall shows is ads and groups... Literally 6 out of 7 posts are groups I don't belong to, or ads. Notifications in app don't work unless manually refreshed. So so many bugs. Clearly, META culture isn't attracting the best developers anymore",1,3449,498.0.0.54.74,2025-01-31 10:21:06,,,498.0.0.54.74,com.facebook.katana
e48159ca-8f8f-4616-a67d-53929fbf52f8,Garrett Seelinger,https://play-lh.googleusercontent.com/a-/ALV-UjWgY8XzuzoBr2JDiqtrZ7nKsh7xMu-o7fyUb9U-HCyxAOJaaym5,"The notifications tab rarely loads. Notifications are also usually out of order and will switch order before your eyes with no apparent organizing logic. The top bar isn't visible unless I scroll down and back up. The ""Most Relevant"" feature for comments makes it near impossible to see a long conversation on a busy thread because there's no way to switch to ""All comments"" without losing your place. Help features are a joke. I could write pages on how this app has become over the past 5 years.",1,7118,500.0.0.57.50,2025-02-20 00:25:01,,,500.0.0.57.50,com.facebook.katana
11836076-f4e0-4e21-9d25-c772d4fc6fd3,Stephanie Dodson,https://play-lh.googleusercontent.com/a-/ALV-UjWtLjdangIqPJA0LOmX29nkwOQVZeUvhfYK4iklPgTpvSIgBsPFAw,"Facebook used to be a great way to stay connected, but now it's a constant stream of annoying ads, spammy content, and irrelevant recommendations. The algorithm seems to prioritize posts that are sensational or controversial instead of the content from friends or pages you actually care about. It's full of privacy concerns too—there are constant issues with data leaks and intrusive tracking.",1,3707,496.0.0.45.65,2025-01-18 10:43:08,,,496.0.0.45.65,com.facebook.katana
5a99d3a9-fe32-4ebd-a720-bb63dedad056,John DeLorenzo,https://play-lh.googleusercontent.com/a/ACg8ocIl9WWM2w-dDd7-0fvAhSqPtcSy-oRfdsmhb31KIEBqCgnVNQ=mo,"I can't stand the Of course no response and no fixes. Marketplace when in local brings up items from across the US before local ads. When searching for an item, it should bring up that item regardless of location starting from the closest one, not everything else not related. When scrolling through local items I can be 50 items down, click an item to view it and when going back to the list it starts at the top again. Frustrating! No way to contact Facebook to report",1,2285,503.0.0.69.76,2025-03-07 20:57:07,,,503.0.0.69.76,com.facebook.katana
89a8ff50-d45d-4edf-b8d8-18295fe4d75d,Islamic Netwok (Tanweer amber),https://play-lh.googleusercontent.com/a-/ALV-UjU1dzz5x164XXbJKWXzQrGspzjdzDqDb-QUy_f44rKtbnDp_JFn,"Because Facebook supports the tyrant israel Absolute Biased towards i s r e l""",1,11,506.1.0.74.27,2025-04-06 18:03:02,,,506.1.0.74.27,com.facebook.katana
9dc77f68-8259-41e1-a491-3001f48e3e2c,Talha Hussain,https://play-lh.googleusercontent.com/a/ACg8ocIA6ahAjQF_89jZ5guwY-vAJ1ROdZxJ2vsoF19C8KJ3H5v8fA=mo,absolute bias towards israel,1,30,507.0.0.66.49,2025-04-06 17:07:19,,,507.0.0.66.49,com.facebook.katana
f81215f0-080c-4149-9931-00db899c9e16,Saeed Ahmad,https://play-lh.googleusercontent.com/a/ACg8ocIJPVpWZXrqNb04oI6hOfH3mdjCPXGLRh9cy62rsvyHeHPc8A=mo,absolute bias towards Israel,1,49,,2025-04-06 16:07:29,,,,com.facebook.katana
8c4aa59e-ab89-4318-a839-ec872c01dfe0,ختم نبوت زندہ باد,https://play-lh.googleusercontent.com/a-/ALV-UjVCaO4ggODEhCfqOQjp9vK2FggxuP5P7d109ZzEa2cMoYlkFxT-,apsolut bias towards Israel,1,60,504.0.0.69.64,2025-04-06 15:13:46,,,504.0.0.69.64,com.facebook.katana
4a42226f-f75e-418a-a66f-84941597b4b2,Umairhassan,https://play-lh.googleusercontent.com/a/ACg8ocLqQfX0Nskc0snP6Hq6_L2AvPGfCLYZjiUP9d6FGgX4A91LRg=mo,"absolute bias towards Israel, 🇵🇰🇵🇰🇵🇰🇯🇴🇯🇴🇯🇴",1,53,507.0.0.66.49,2025-04-06 15:10:43,,,507.0.0.66.49,com.facebook.katana
e67b8353-2c9a-4812-95d3-cb348b3be7bb,Kingdom Jani,https://play-lh.googleusercontent.com/a-/ALV-UjUKqRdBSg2ViCc1o1nG3DiualCXH5Kfy_B_zvQKd6AN0zkBy2k,absolute bias towards israel,1,55,507.0.0.66.49,2025-04-06 15:08:35,,,507.0.0.66.49,com.facebook.katana
25121964-ccff-4fcb-a2f4-e8da92f17e70,Hammad Khan,https://play-lh.googleusercontent.com/a-/ALV-UjU1a5E3BYL2b-jFGlxB6opCxnCQoXv8IN1U8b-RylQZ32ZiRX9Q,absolute bias toward Israel,1,82,505.0.0.57.45,2025-04-06 13:57:09,,,505.0.0.57.45,com.facebook.katana
1e18fb86-165a-4e3e-9329-7128eae954a2,Laura Drebushenko,https://play-lh.googleusercontent.com/a-/ALV-UjWAc7HjE_6EvvXmTnsDtBwjYFqjJPXNrXmaDIKO94nSgPc86UtU,"3/2/23: Can you please stop making every update come with a default back to videos on my timeline automatically playing with sound? Is that really the more popular option? My guess is no, since I know that many people scroll silently in public. 3/5/25: Two years later, I'm coming back again to complain about the fact that I turned off auto play sound on videos about four times this month, and it keeps turning itself back on. And still crazy to me that this would be the default option.",2,4081,502.0.0.66.79,2025-03-06 10:15:54,,,502.0.0.66.79,com.facebook.katana
8f088181-6ec1-4b34-9686-b10845b2b738,Bridget Phillippi,https://play-lh.googleusercontent.com/a-/ALV-UjW7HZ74yWGRyNV4CpWkchbXlrNXlo3NmAjOLBt27e5R7LrcdMbd,"I would have to say I use Facebook everyday to talk to people but I noticed since I've updated it, it won't allow me to see my cover picture nor anybody else's at that matter as well🤦🏻‍♀️ not sure what to do. I've uninstalled it completely as well and it didn't fix the cover picture problem but its quite frustrating. Any help is appreciated, thanks! I will change to a 5 star if someone can help me get the cover photos thing fixed.",2,1813,489.0.0.66.81,2024-11-09 17:49:23,,,489.0.0.66.81,com.facebook.katana
6c42a14f-cfff-4c72-aacd-005142d68b50,Alyssa Moore,https://play-lh.googleusercontent.com/a/ACg8ocJLOjAXmT9iEgbNOjS-hDBuYaqGCOmdFeLYAXnuPe23Er6cjg=mo,"New post... its now 1/1/25 and I am here yet again because for the last week videos won't play in fb. They will play for a very short time and then the ""loading"" circle will appear and then ""there was a problem"" error message. Why does fb NEVER work! I tried uninstall ingredients. It didnt fix it. The last 3 days fb is completely glitchy. SLOW. Won't load anything correctly. I can't select the emotions on people posts, they are all grayed out. Why does this happen so often 😕",2,2310,493.0.0.72.158,2025-01-02 01:17:44,,,493.0.0.72.158,com.facebook.katana
077aacb5-5584-4aaf-a453-eda84839d750,Vinny Johnson,https://play-lh.googleusercontent.com/a/ACg8ocIVCcR9NshS7nT7FI847Xyva0AkEAS9lKqQWPgoEsF1oeICxw=mo,It is good for communication. There doesn't seem to be a way to block foul language. It would be good if there was a way to share publicity with an alternate profile pic than what is seen by friends only. Only 1 post can be used on the timeline now! More used to be allowed. I want more pins available again. There doesn't seem to be any real support for FB at all. Why did the FB casting app go away? I used to be able to easily watch FB streams on my TV. Not enough space to comment more or I would,2,11,506.1.0.74.27,2025-04-01 21:54:50,,,506.1.0.74.27,com.facebook.katana
e8fa0dc0-92d8-4d76-8688-138afc23e7d9,Anthony Cuttitta,https://play-lh.googleusercontent.com/a-/ALV-UjVDolotenh-PkNawbW7RjX2FkModywdgyN4JtpX4Cy3IIwK7WEp,"Update 2025: again it's gone? Please fix ""recent posts"" across your platform! No one I know enjoys reading the default news feed. All select ""recent posts"". On the app, it used to get to a certain point where you'd have to reload recent, but in the last week that's gotten down to less than ten posts. It's useless. On top of that, even the browser view is doing it too.",2,177,505.0.0.57.45,2025-03-29 20:57:39,,,505.0.0.57.45,com.facebook.katana
aadcafdc-ab79-4f8d-9548-54096e33343c,Geoff Bettlach,https://play-lh.googleusercontent.com/a-/ALV-UjWWBi-W7_AvkdJmBf_iELB5yqkEyBAcU86tEk-2SAiHg651yboWcA,"I gave 2 stars because while Facebook is useful for staying connected, the Terms & Conditions are beyond invasive. Logging in gives them access to basically EVERYTHING on your device. Photos, location, contacts—it's all fair game. It's like trading privacy for convenience, and that’s a dangerous game. Users deserve transparency and control, not silent data harvesting.",2,32,505.0.0.57.45,2025-03-25 07:22:15,,,505.0.0.57.45,com.facebook.katana
22afe381-2178-4824-a002-a0c00c25412b,Scott Brelin,https://play-lh.googleusercontent.com/a/ACg8ocIH2PPT1VR7OiAPvLZGEy3uoh6utcScYzGkixXAaLbgT1q6UQ=mo,"At least it's functional. But let's start with the basics. I'm using it on my Chromebook. If I were using it on my phone it would be perfect. But the fact that even after clicking ""Resizable"" it is only about 1/3 the width of the screen tested positive for stupidity. There is just no reason it cannot be full width. Have a phone version and a Chromebook version. Use some common sense.",2,155,496.0.0.45.65,2025-01-16 09:37:48,,,496.0.0.45.65,com.facebook.katana
b5514b94-ddc0-4f58-a731-9c242baee9a1,N B66,https://play-lh.googleusercontent.com/a/ACg8ocIxZRosIHK6cNZq8toyw1hHvl8hC7yvW5zhGzxJ8fXShcHvNB1F=mo,"Have enjoyed the app the last couple years more than the entire time I've had it since 2011. There's enough fake stuff as it is, especially with photos and fake scammer profiles Facebook cant seem to end. But yet is willing to go back false ""information"". May need to eventually mive to a different platform altogether. Outside of meta. Also, sometime in the last month or so, the ability to pinch and zoom on images stopped working. Hope it is a glitch!",2,510,495.0.0.45.201,2025-01-15 04:35:58,,,495.0.0.45.201,com.facebook.katana
d653e512-5166-4874-bd55-2e0d761a9bbf,Daze (Daze),https://play-lh.googleusercontent.com/a/ACg8ocIavShIN2rSioj53DzlBLsFX--WOO2Uq95e96noJ51ox8MS7A=mo,"the app forces you to move on before you finish looking at pages. fyp has changed, and clear mode as well as other settings aren't working properly. I wish there was an alternative. The site has changed, and it's not for the better. I have it a 2 only because I can check on family online, and it's basically the only game in town for now. Does that make it a monopoly?",2,35,505.0.0.57.45,2025-03-24 13:34:57,,,505.0.0.57.45,com.facebook.katana
545efe0c-6343-463e-93ac-bf6d522f3619,Anthony Chambers,https://play-lh.googleusercontent.com/a-/ALV-UjVuMzftyG7tD-JZmxVQB0f7cO_g6Az637dGaPy66-VXah5I2sYoYg,"I don't know what you've changed, but my phone keyboard keeps appearing as I'm scrolling my feed, with an odd border around the screen. And if I switch away and back again as I'm in the middle of writing a post it just drops back to the feed, losing whatever I'd written. Notifications seem super delayed, as well, with some appearing in the app literally hours after the other person did something and I'd just been on a few minutes earlier looking.",2,126,506.1.0.74.27,2025-04-02 02:01:40,,,506.1.0.74.27,com.facebook.katana
af2540e6-3cc1-4b02-aaaf-1ca5ac3b9493,Heather Williams,https://play-lh.googleusercontent.com/a-/ALV-UjVc0tu0Cc4pk5_r3dEiDZoVsoo6zabJp4cI_3rWh1TvbLoy3O64,"I'm getting sick and tired of this app. It likes to give you notifications, and then when you try to click on those notifications, they won't load. The notifications show up days after and then won't go away. Ugh! it's just frustrating. If I didn't need it for business and family, it would be uninstalled already. (Galaxy S24 Ultra)",2,235,505.0.0.57.45,2025-03-27 05:20:01,,,505.0.0.57.45,com.facebook.katana
f4734a88-9210-4101-8838-ae1b9173173d,Omar Cortez,https://play-lh.googleusercontent.com/a/ACg8ocKZqB-QYS2XliLGFuLs5AHgpZhb6Hhn_MOxGJGBZE4RVgTaREJu=mo,"Lately, my feed has been flooded with media from pages and topics I have no interest in and don’t follow. I want to see more content from my friends, the pages I actually follow, and things that are relevant to me. The algorithm feels too aggressive in pushing random videos and posts. It would be great if Facebook gave users more control over what shows up in their feeds!",2,85,501.0.0.61.70,2025-02-27 02:13:45,,,501.0.0.61.70,com.facebook.katana
63481ab8-b277-47a6-9e72-19ee2d51595c,d burrows,https://play-lh.googleusercontent.com/a-/ALV-UjUs59OSG4vrGJnQRx1xOiQJFH4aiMno_T7Z6V73DAGLaVwYEE7L,"It's ok.. I hate the fact that I go deep into a multi comment thread and then back out to something totally different. I want to be able to back out to the same story, then if I want something new, I'll refresh. Problem in marketplace. When you're in a listed item and click on the listers icon, you can't come back. Update, now in marketplace, you scroll through and tap on item. Then, when you back out, it goes right back to the top and you have to re scroll back to the spot you left off.",2,88,503.0.0.69.76,2025-03-07 07:18:02,,,503.0.0.69.76,com.facebook.katana
f4bd043f-b596-4261-9aaa-0098507ef3f4,jill lough,https://play-lh.googleusercontent.com/a-/ALV-UjV9syhbwm-saCxW89KQDJzFmq7g7VqAv6Dere5gj4QYTcdtJ3zn,"It used to be to connect with family and friends. Now, all you see are ads and videos. You have to take several extra steps in order to see your friends' posts on your feed. I definitely don't spend as much time on the app anymore unless I get caught up watching videos (when I click on the video feed intentionally). Otherwise, it's garbage now.",2,201,499.0.0.31.60,2025-02-12 21:11:38,,,499.0.0.31.60,com.facebook.katana
563a4fc8-f62e-4b64-b244-7ab7df84a3f5,Sacred Spectre,https://play-lh.googleusercontent.com/a-/ALV-UjWaLpYX74wSpP_Zvp10VvxTT2Egbu0WejTVsGMp9AoyZaTPFhyY7Q,"At the bare minimum, it's a site that lets you have people on your friends list. Beyond that, it's largely unusable. 8 out of every 10 posts is an ad or a group you don't follow and didn't ask to see. The app's UI is wonky and sometimes doesn't let you see notifications. The site is flooded with AI posts by bot accounts that exist only to make money for the account farm makers. The site (and all meta apps) seemingly killed of TikTok in the US to turn their platforms into it. Hard pass.",2,724,496.0.0.45.65,2025-01-19 20:15:54,,,496.0.0.45.65,com.facebook.katana
a4d355b0-0854-4668-b3d8-c36d7bf91756,Imran Hossain,https://play-lh.googleusercontent.com/a/ACg8ocKUhtlyksIxh95laB2_HqVBaBbgbQ6c-HYthWWZ4u4UBlQA1A=mo,bellissimo,2,0,,2025-04-05 12:44:18,,,,com.facebook.katana
21b07dcb-9583-499d-b454-1cf5c35794e7,Caillou Denardo,https://play-lh.googleusercontent.com/a/ACg8ocJzXRwX1jaITPY1AvEH0tlSR_WOPxO2v8vS9xJ90USyuI6tKQ=mo,while watching videos on this app the videos will freeze but still play sound please fix,2,0,507.0.0.66.49,2025-04-05 12:42:36,,,507.0.0.66.49,com.facebook.katana
88fde174-9d90-45be-b487-669dfad7cb53,XAYEDUL ISLAM,https://play-lh.googleusercontent.com/a/ACg8ocJ9BZggZxRPpiB2H1HrbRvn2JJtCn9GWRkdnDphXCSNX2y4KQ=mo,its to lag i dont like it,2,0,507.0.0.66.49,2025-04-05 12:34:25,,,507.0.0.66.49,com.facebook.katana
99f1e953-5306-41a9-9603-5bfbc1c0a733,Kundan King,https://play-lh.googleusercontent.com/a/ACg8ocK2Pb0-B8dEQRkEttIsvIyZWCbAcFONNfkzrhEHJvNunEwCDQ=mo,nice app,2,0,436.0.0.35.101,2025-04-05 10:27:31,,,436.0.0.35.101,com.facebook.katana
72722ce4-e497-4c9f-9da6-f707579d3eb7,Tri Sulistyono,https://play-lh.googleusercontent.com/a-/ALV-UjUk9zlZIzZmoDaTunkWHox7YOGPlXAj8lJAHJDB4mJFD6GFGhbo,Bad UI the white video description text blends in with the video making it hard to read. I suggest giving a black border so that the description text can be read. Live videos also often have errors and are uncomfortable to use. I prefer TikTok and YouTube because they are more optimal,2,34,507.0.0.66.49,2025-04-05 10:18:23,,,507.0.0.66.49,com.facebook.katana
2915342a-2007-497f-a43b-615fc94bdcee,Cyborg Alien,https://play-lh.googleusercontent.com/a-/ALV-UjVxUzuG-5lpprEa76zjUahQISixQjTzO1TZsMPGOma8cjzaE9i8,depressive,2,0,407.0.0.30.97,2025-04-05 09:31:59,,,407.0.0.30.97,com.facebook.katana
3b2a520c-3e41-474c-9dd4-628e07db0d8e,Iris Ailin-Pyzik,https://play-lh.googleusercontent.com/a-/ALV-UjXNJjsgDXsZBsIgsbv1sl_Z08PzP-NyeyQNsZnbHCWpQa-5wPJy,Currentky freezes and throws errors repeatedly.,2,0,507.0.0.66.49,2025-04-05 09:25:48,,,507.0.0.66.49,com.facebook.katana
349c853a-3d87-4359-a313-d1983892035d,Angel Avalos Aguilar,https://play-lh.googleusercontent.com/a-/ALV-UjUWaJ1VxPmXi7Qm-91pPh-JTkyLx87ydKwP0jteAwwNfU7SUg8,"I like Facebook. Its a very good app. But there are a few glitches, like sometims, you're feed doesn't refresh, and you're stuck with the same posts/feed over and over again, no matter if you refresh or reopen the app. And thats another thing. While that glitch is happening, you can't refresh Facebook, it glitches out, and the refresh circle that pops up goes very fast. Its annoying. Also, I try and get my feed to change, by clicking ""show less"", ""hide reels"" etc, but the stuff keeps coming back",3,1664,486.0.0.66.70,2024-10-23 06:33:44,,,486.0.0.66.70,com.facebook.katana
c9d5b182-6751-49ca-baa5-4cf6d98f95ce,Steve Mack,https://play-lh.googleusercontent.com/a/ACg8ocLyO5hHyhCi3ETGLFx4aSCQ07-bpXqVDPYVqXzCV53IbKPxJA=mo,"They keep breaking features. As of the Oct. 2 l, 2024 update I can't search for friends anymore. The search works but when I click on a result or the right arrow beside it nothing at all happens. And the increasing deluge of ads makes me reluctant to open the app to begin with. The idea of staying connected is great but the reality is falling far short.",3,2817,484.0.0.63.83,2024-10-08 07:09:37,,,484.0.0.63.83,com.facebook.katana
4f96929a-d6fe-4fa7-9e4b-d54c4102ebee,Jackie E,https://play-lh.googleusercontent.com/a-/ALV-UjWI3VY9xkOKnfyJatveN1zauG4ugHmW9852IxYHOC1f1lyzc9RE,"There seems to be a weird thing happening whenever I switch profiles. The screen pops out and spins like it's loading. Very awkward and distracting, honestly. Regretting the update. Some of my settings don't seem to work...for example when I select ""view as,"" nothing seems to happen. Haven't had a chance to check other settings out, but other than what I mentioned, seems the same as before...",3,14,506.1.0.74.27,2025-04-02 11:40:45,,,506.1.0.74.27,com.facebook.katana
424f1597-10bb-478d-8ff5-87ceff345aaf,ambria wheeler,https://play-lh.googleusercontent.com/a-/ALV-UjVYumS3UGmaWaX5Zay9Wv1ldVM41OYFFLu68RLOnqe9Ry_uL0MKAA,"I have galaxy25 .. when watching lives while they are live it stops the video when I comment. this doesn't happen on my Iphone. also credit me if you all add this feature to the facebook app..add an incognito option, where u are able to look at posts while being deactivated where no one knows your page is opened.. also please make it where we can add things from our gallery into the featured albums because it only let's u put things from stories into those albums. thanks",3,12,507.0.0.66.49,2025-04-04 08:13:26,,,507.0.0.66.49,com.facebook.katana
bcd27069-0e77-4563-9350-9dd19bbc170e,Elisa Messenger,https://play-lh.googleusercontent.com/a-/ALV-UjWRFJDK5F0Z-StVMrgif5heA6kmJX6-TQFFq39_i-znUBVxASs,"App Auto Updates, even though it's turned off in settings. The app is not set to auto update, but both Facebook and other Meta apps override my preferences, access my phone, and update the apps as many times as it wants. What's the point of having the option to turn it off if it's going to override the settings? Maybe it's time to remove the app from my phone and find other sources of entertainment. This feels overly invasive.",3,116,504.0.0.69.64,2025-03-16 05:15:15,,,504.0.0.69.64,com.facebook.katana
151618a2-2f94-471b-92ba-4250ddb99310,Sara Kalinowski,https://play-lh.googleusercontent.com/a/ACg8ocKCEKQe9Fd-lb8VdHd1OjyVBBa6Ay0eYFkpebdIcDOjS5pnGw=mo,"Too many ads and when I select the reason to hide them, they still pop up. Also, I wish there was a way to completely make another account (not to be confused with additional profiles), without having to deactivate the other. Or, a way to move all your followers over to a new profile, without as many steps, would be great. I do like that it's easier to go live with less or no requirements, than that of other apps. That's a plus.",3,1069,496.0.0.45.65,2025-01-19 00:58:50,,,496.0.0.45.65,com.facebook.katana
8eeedde5-3afe-4fae-97bf-adeecc59c8df,Lex Lombardi,https://play-lh.googleusercontent.com/a-/ALV-UjWTpbOpPD6G3iD_uVmfUvgdlRu3zrY_VBLRVv031lBg7GcvnoGx,"My posts no longer show up on my friends' timelines. Seems like I'm shadow banned, but I have not broken any rules, and my profile status has a green check mark. Kind of sucks as a photographer when you spend hours taking and editing photos that no one gets to see. Very random but has been going on for months now, just more recently it has been worse. I get 0 views or likes on my posts, and when I tag someone in something, they still don't see it. My privacy settings are all set to ""Friends"".",3,634,497.0.0.47.36,2025-01-29 00:11:18,,,497.0.0.47.36,com.facebook.katana
acfacd82-9f5e-4951-b905-a343caa4fe99,stuart waller,https://play-lh.googleusercontent.com/a-/ALV-UjWsiHiX09Kp2sdntWtzN7M40NpIuW5LOwxEj59YU2WGTeCuZqTX,Still good for the groups I like and keeping in touch with friends and family. Recently I'm getting bombarded with pages I have no interest at all in and never have and there is no link to them from my 'behaviour'. I block as many of them as possible but they keep showing up after I have. I understand occasional attempts to show something different and adverts to keep it free but not spamming me with rubbish I've never shown any interest in or not being able to block them.,3,1044,495.0.0.45.201,2025-01-15 19:25:53,,,495.0.0.45.201,com.facebook.katana
56f59e19-d097-4c55-a0ca-2f6b9962c4af,Sarah K,https://play-lh.googleusercontent.com/a-/ALV-UjXSTfhvuckRUX2QErq-qBi9vnGusFfgWXpnf3X90qJQ1qu2_JjxNA,"Edit: no longer have frequent freezes. But still 3*. Every time I try to see replies to comments, they disappear, even if I've selected see all. Original:That's almost too high. Lately every few videos freeze. Even when I changed the settings to reduce quality. It's getting old.",3,906,496.0.0.45.65,2025-01-20 02:08:43,,,496.0.0.45.65,com.facebook.katana
4c7261ac-f6d8-4188-bbb6-5f5d4a9c7688,Christian Buzzi,https://play-lh.googleusercontent.com/a/ACg8ocIAJ3AwBzGeJNju6QT-g9gFo-nGJp88YOn__TbeNQyUEF-nRA=mo,"I'm changing my review. When I encountered my first unskippable ad I hated it, but after encountering more of them I've had a change of heart. I love these unskippable ads, they're great at breaking the spell of mindless scrolling, reminding me that I could be doing something better with my time. Every time I'm forcibly halted by ads I immediately close Facebook. It's fantastic. I know that sounds like sarcasm but it's really not. Best Facebook improvement in years.",3,2533,491.0.0.58.78,2024-11-30 05:13:21,,,491.0.0.58.78,com.facebook.katana
5d6eee38-ceac-4864-91de-e7316bd5263d,VJ Therence,https://play-lh.googleusercontent.com/a-/ALV-UjUGq18h467BkTudwY8V_qa1TQMEc3tA2YnaXR_QAkA_VlFtjJo,"A platform that offers a wide range of features for connecting with others, sharing updates, and joining communities. However, it can be frustrating when policies lead to account or content removals, like when my page was disabled due to copyright issues without a clear way to appeal. While Facebook is still useful for social interactions, these challenges can make the experience disappointing at times. Overall, it's a decent platform, but it could improve in transparency and fairness.",3,3355,491.0.0.58.78,2024-11-27 17:48:51,,,491.0.0.58.78,com.facebook.katana
353676dc-cd00-44a4-9014-88fed2a1f1d1,Humarno Schoonwinkel,https://play-lh.googleusercontent.com/a-/ALV-UjUftjTmN4kTiGk88W5u4BKVCrdN3RDadsj_mG4tzS0uTakol64,"Auto play videos settings don't work. I have toggled it in settings to NEVER auto play videos but yet everytime I go into Facebook the first time, the videos still auto play. Have to exit and enter Facebook again for it to work properly. Please have a look at this setting and ensure it's working correctly. Pretty annoying and wasteful on data. Thank you.",3,1502,491.0.0.58.78,2024-11-28 05:51:02,,,491.0.0.58.78,com.facebook.katana
948d9f22-7c88-42c4-a7fa-8e669ca8d496,Steph B,https://play-lh.googleusercontent.com/a-/ALV-UjXglRmjeKCao9r2ogDAZaoP2Qxkwh5aNwu3Tuu1zz1P9erDgAfjbg,"Upped my star rating now that things appear to be working again. I still wish it was easier to actually get to someone to know what's wrong and so we don't have to play the waiting game. For over 24 hours now, my timeline will only load 1 maybe 2 posts. Usually hours/days old. I've cleared everything and reinstalled the app twice. There's never support when you actually need it.",3,412,486.0.0.66.70,2024-10-24 22:00:26,,,486.0.0.66.70,com.facebook.katana
97e9a8a6-71f8-4a31-adba-be439e0ea0e0,Jessica White,https://play-lh.googleusercontent.com/a-/ALV-UjU4YkEcDX9Qn9JW7Htp-0KG6_mPuB3XOQDazdFCxDYfcC2zWKS6,"New change to Ads overrides sound perference. I have videos muted in my fb ap. Recently, i noticed that, while the main video was muted, any ads shown during the video came on in full sound. I looked around in settings to see if i could fix this. I selected ""no sounds in the app"". Apparently, this doesn't include ads because im still having the same issue. I watch these videos when others are sleeping and such, so i really want no sounds. I dont want to hear the ads. Disapointed.",3,559,490.0.0.63.82,2024-11-18 19:42:38,,,490.0.0.63.82,com.facebook.katana
7c9f996e-b677-4cc6-83b9-9c56a6eb37b5,Gordon Thomas,https://play-lh.googleusercontent.com/a/ACg8ocKC8PFb9uYQtUNdeYbR2cPT1rLBpzpmWUrDcXOk5RB7g5MyPg=mo,"Pixel 6 -- can no longer exit a photo after I tap to enlarge it/the post. It just keeps zooming in and zooming out on the photo without taking me back to the feed. Messenger is a different app I know, but also been having a ton of issues getting notifications and opening that app without long load times lately. Not sure what's up, but everything is going downhill in my experience recently.",3,584,494.0.0.55.73,2024-12-22 03:34:06,,,494.0.0.55.73,com.facebook.katana
2b24f28a-81f5-4c45-a2e6-646bd043c95e,Soliu Isiaq,https://play-lh.googleusercontent.com/a-/ALV-UjUW7cHWm5uiqPv9iSUk-0R_8MCGRbbf21mEo4R3OnolBPZB3Og,Good,3,0,436.0.0.35.101,2025-04-05 12:47:27,,,436.0.0.35.101,com.facebook.katana
97fca013-c0c6-40b9-9d34-3270b0cfb34f,Angelica Tabuzo,https://play-lh.googleusercontent.com/a-/ALV-UjVoAroMnaxeiki3NHFHXdUYoK8ay2LoXqRe18ZWrvJTRXw1nGI,"dude wheres the story thing when you open facebook, the thing where i can see my friends story and my story, why do you keep removing stuff,",3,0,507.0.0.66.49,2025-04-05 12:26:02,,,507.0.0.66.49,com.facebook.katana
d50ee747-3acf-403b-aeb5-09156b812e43,Babar Bappy,https://play-lh.googleusercontent.com/a-/ALV-UjXS3cXZeVRYM9Ubzqfq_DSu5gkY97sCpq1aIT4IHPlbbb6gEbLe,"without Facebook, life feel like boring...",3,0,337.0.0.32.118,2025-04-05 12:05:01,,,337.0.0.32.118,com.facebook.katana
ccf4cc9e-83c1-4f2b-a4db-710692a8127b,Badar Saeed,https://play-lh.googleusercontent.com/a/ACg8ocK7AcqS0Ao2O-n_AFikkrRMSV--2455_o67UmogH6PIa07Xjw=mo,can comment or post anonymously !!,3,0,,2025-04-05 11:12:06,,,,com.facebook.katana
c7fcb24c-3788-4319-99db-d70c526de257,Zaynevy Ivy_,https://play-lh.googleusercontent.com/a-/ALV-UjWvSC46nF7gMx6H8fxcq9APKKIkWxNA7emO0tpVTYlaqgyZjoA,"I can't log in, everytime I try to open it, it's just lags like my phone being hacked.",3,0,,2025-04-05 11:07:38,,,,com.facebook.katana
d1718209-dd17-4340-ab1a-a60085052f7b,Steven Denzer (stevieD),https://play-lh.googleusercontent.com/a-/ALV-UjVYyskv8wtJis-SvQB0ZQsOngfBiLW0MIOoPx_hO3JAJEItGBTu,"I don't know what it is, I keep on getting crossed with other people,like if I was hacked.",3,0,507.0.0.66.49,2025-04-05 10:57:14,,,507.0.0.66.49,com.facebook.katana
f2d2426a-ae47-469d-b377-5c7a285da217,Mark Palaca,https://play-lh.googleusercontent.com/a/ACg8ocI98LxqX4xBG0NPd2awdMQy22kA583shOrIGmlc0qlPKzTbfw=mo,so very very very good,3,0,506.1.0.74.27,2025-04-05 10:36:18,,,506.1.0.74.27,com.facebook.katana
b3cde466-285b-43ef-934e-29916b0cca5a,Lacey Myers-Davis,https://play-lh.googleusercontent.com/a-/ALV-UjWxc7tfY_lwA7N2u25ZlpZUuJjJrsFuAfo5Ra9qoxLJKcunjCvmwA,I use Facebook pretty much on a daily basis for a blog. It's a great place to connect with family and friends. And post all kinds of amazing moments in life ❤️ the only thing I don't like is even whenever Facebook doesn't need to be updated it still manages to show posts from a week ago. Even after 2 days of not being on Facebook. I really wish they would fix this or make it to where the if it acts like this make it happen early update of some type,4,70588,491.0.0.58.78,2024-12-01 01:40:09,,,491.0.0.58.78,com.facebook.katana
c3af7ec9-3af7-4423-968c-c20d85db9530,Gerda Bester,https://play-lh.googleusercontent.com/a-/ALV-UjUeG-AmmtmXfer1agCLGvKw_o-xWfmH1JBud-gEySQrajgFTiE,"Could fb please get a button or something so that when you minimise it to look at something else, it doesn't automatically reset your page. I would like to at least have the option of watching what I was busy with. Or what would be even better is seeing the last few things of what I interacted with. So many times I'm looking at something good and then bam, lose it and can't find it again. This is on the phone fb app for clarity. I hate using most apps on laptop",4,4181,504.0.0.69.64,2025-03-21 00:15:03,,,504.0.0.69.64,com.facebook.katana
f29b62e4-00e7-4188-8038-79e2c48fc9ae,Jeremiah Naicker,https://play-lh.googleusercontent.com/a-/ALV-UjU_mLTV3OX1baXbupWF6xYk7xmXP4gxOoxul6dEmXFdMccUnA7Z,"Good app, but I have a suggestion for app and desktop versions. When listing an item on the market place, there should be a check box for ""mark item as available"". When the buyer sees the advert, a green box should appear stating ""item is available"" in a prominent location on the UI. The default text in the message box should no longer read ""is this available"", but maybe offer up the user a choice to schedule a viewing or confirm they would like to purchase the item.",4,32982,503.0.0.69.76,2025-03-08 05:10:32,,,503.0.0.69.76,com.facebook.katana
5be4bfb3-bfc7-46b3-a399-9d5d665642fc,Clarence Palmer,https://play-lh.googleusercontent.com/a/ACg8ocLDLxFz5ClmM48vgxxQrJ3G32zWxOo_9B84XQbMrSMHeoxmKQ=mo,"The app itself is great, but ever since the Oct. 24th, 2024 update. They have taken away the Reels page as well as removed the reels history page and stuck it somewhere where it's not so easily found like it was before the update. Before the update, you would click on the person icon, click on history and find the reel that you were searching for.",4,18937,487.1.0.74.74,2024-11-01 08:03:40,,,487.1.0.74.74,com.facebook.katana
334c9318-a493-450b-aefd-fa16ab3c1c41,Shannan Muire,https://play-lh.googleusercontent.com/a-/ALV-UjV_h75bsBA2cbOqqRLaUFN17rb0e37_u2Lze8GFu2NVEL7_FheMeQ,"I like how Facebook helps me stay connected with friends and family living all over the world. However, lately the app has been acting a bit strangely. My check-in/locations aren't working. I like to keep track of where I go and when, so that's not sitting well with me. And now my cover photo display, which I use to show off my pictures since photography is one of my hobbies, isn't working on the app. It's working through my browser, so I don't understand why the app is being so glitchy.",4,7438,488.0.0.78.79,2024-11-07 08:47:15,,,488.0.0.78.79,com.facebook.katana
22f2c231-d5d3-44ba-a236-bca583597a84,James Thomas,https://play-lh.googleusercontent.com/a-/ALV-UjXK09B8f1vktqQIfVHG_BRKvfpS0Ju9dnMwyK1gzGmXiMLb9PE0,"Pretty good UI, excellent feature set for general function, little too heavy on ads for my liking, terrible moderation on scam profiles though. Main pros: 1. Cash transfers are fee-free and effective 2. Messages are solid, signal is more secure, but this isn't terrible. Main cons: 1. Extreme data collection 2. Dating app section doesn't respect preferences Overall, it's not so bad. More stringent moderation of solicitation and scam profiles would be good, and dating needs mandated filters.",4,5816,491.0.0.58.78,2024-11-25 03:40:07,,,491.0.0.58.78,com.facebook.katana
f020c6ad-600a-4f44-b984-a4f65ba61fee,Corey Resop Jr.,https://play-lh.googleusercontent.com/a-/ALV-UjX00MvMM04xhFRfR3GDDsInY3F_svNi3n1TAvDL0Jr3EyR87Rnl,"Great app for connecting. I'm personally an introvert so it helps reconnect with family and friends. I mainly use the marketplace and that community is a mix but very convenient. I'd give 5/5 stars but when filtering for vehicles, I can't scroll on the filter wheel on both mobile and laptop. Just wondering if I'm the only one having this problem for this small feature.",4,5000,488.0.0.78.79,2024-11-03 02:11:01,,,488.0.0.78.79,com.facebook.katana
26e76451-8f99-4d46-a01b-30f93755a3b2,Amanda Salazar,https://play-lh.googleusercontent.com/a-/ALV-UjXhxKAVqEyP_GreijgWxU8_nyrzqxB_pe9jSmZ5nst8Wr3fdbUVTg,"Thanks for getting my multiple lost photo albums back. Also, add a vomit button to the ""reactions"" option. And allow users to be able to list multiple actions at once i.e. ""feeling hungry, eating pizza, watching The Walking Dead."" Currently I can't edit my avatar's hair highlights color. No update available.",4,2139,485.0.0.70.77,2024-10-13 22:07:16,,,485.0.0.70.77,com.facebook.katana
aa58f323-0025-430d-b415-61fcc8b72ccd,Mary Jaeger,https://play-lh.googleusercontent.com/a-/ALV-UjXMw6YE5z_kEI5zv_JAmpv9qIPpLUPYyUVAgYKgjFee_Y78Rcbx,"Facebook is a great way to keep in touch with my friends, loved ones, and also for meeting new people. It's a place where I can express myself. I only gave it four stars because it needs improvement in the content it allows and does not allow. The way FB algorithms work keeps pushing out the friends I see posts from and all I see are ads. I have to manually look up those friends lately. 😒",4,626,486.0.0.66.70,2024-10-28 17:49:04,,,486.0.0.66.70,com.facebook.katana
347b207b-414b-4a6a-b78b-df7f79f69d9f,Sgt Luke,https://play-lh.googleusercontent.com/a-/ALV-UjUJnvvN_JeOGKpllt5-Iiv_-QyQ2bAbAdIpfBjix5QqhDPzXCf7,"Sometimes I use it. I do have a question about the app though: Why does it have to be a system app? I'm editing this to add something. For some reason, when you have the option for auto update off, it will still perform an auto update. It even auto updates when you're on Wi-Fi as I've seen it try to update, but won't as it says waiting for Wi-Fi in order to update. Even removing all updates it will inevitably update without your permission.",4,745,490.0.0.63.82,2024-11-22 05:52:48,,,490.0.0.63.82,com.facebook.katana
d07dd5a1-9e73-4388-9212-7654294205f4,Shane Subeldia,https://play-lh.googleusercontent.com/a-/ALV-UjW7FLhzSZnH2HLrFPUcp0Md3V2IKvkdaHev-ukTlcayIkOiqt4Avw,Edit: It's been 4 years since my last review and man was I childish. Great app they have done lots of improvement to make it better and the layout has been easier to navigate. Ughh!!! For so many attempts I've tried to install this app it's making me frustrated! I did everything! I even uninstalled 7 apps for this to work! Please fix this!!!,4,2,270.1.0.66.127,2020-05-25 11:45:25,,,270.1.0.66.127,com.facebook.katana
f716ab6a-bbdb-410d-8172-64c621b10a0f,Emily Clark,https://play-lh.googleusercontent.com/a/ACg8ocJ0C_rcfZmCe5b89t61GombcoQvZyKjrvDYaJK4t81zp3_0-ZU=mo,"It runs fairly well and it is fairly easy to navigate. It is definitely lacking in some quality of life features and really needs a fresh coat of paint and at least make some more animations when interacting with buttons and Icons. I get keeping it simple so as many people worldwide can access it and use it, but even cheap phones are pretty powerful anymore. I would also love if you could long press any icon and have a menu pop up that lets you interact in all the possible ways in one place.🤞😊",4,31214,479.0.0.48.89,2024-09-02 19:45:52,,,479.0.0.48.89,com.facebook.katana
9cc68cc2-5e18-4da4-9a51-a5d522f381d0,A Google user,https://play-lh.googleusercontent.com/EGemoI2NTXmTsBVtJqk8jxF9rh8ApRWfsIMQSt2uE4OcpQqbFu7f7NbTK05lx80nuSijCz7sc3a277R67g,"I wish you could add files to business pages. I think it's odd that you can add them to groups but not where it's most beneficial, which are business pages. The ads are bothersome. also, it's a shame that they took away the option to delete things on your own timeline. (update) with the new updates, Facebook has taken away the ability to see who your followers are on business pages. why take away and not add to?",4,21,216.0.0.38.104,2019-04-16 11:07:16,,,216.0.0.38.104,com.facebook.katana
055e4a5a-53ef-418a-816d-55a1eec30f9d,Raul Hernandez,https://play-lh.googleusercontent.com/a-/ALV-UjWd8Jua46xwnNcgJHIX6YiE3teJB-khtJ39Zk0uzzxFlsUppijl,"it's perfect. It works but now it would be nice if it came with a new look and feel straight out of the package- From the moment the application was downloaded, delivered and installed- Maybe just some new fonts for it, to play with, maybe some other background colors to see. It only little advancements and innovations to succeed further down the line and be competitive with the other applications in terms of appearance and presentation. You can tell it's falling behind by a small margine.Salut.",4,14845,476.0.0.49.74,2024-08-16 09:55:03,,,476.0.0.49.74,com.facebook.katana
b593cb81-7c2f-4cca-b209-2cc46bad2494,Nnamdi Anene,https://play-lh.googleusercontent.com/a-/ALV-UjXoFGeBuLb9EGTUTO8MCrydP9_ySwICSEEg4eUnSNBtZHW5-nkh,"It is no longer what it used to be. Your page is clogged with ads and pages Facebook wants you to see, but you do not want to. The connection with your friends, which is the primary purpose, is almost completely relegated. It has gotten worse. You hardly see your friends again! it is all about some stupid videos and ads and sponsored pages and groups barging you in the face!",4,745,506.1.0.74.27,2025-03-29 02:23:40,,,506.1.0.74.27,com.facebook.katana
1f232435-cd2c-4cf5-b79e-e332554affa8,Arvind Tiwari Arvind Tiwari,https://play-lh.googleusercontent.com/a-/ALV-UjXBARNUuYK-g_T6s-OFrY4OeyrgQkMfsVyjsVTZK7LssZlLrpg,🥇🥇🥇,4,0,507.0.0.66.49,2025-04-05 13:04:56,,,507.0.0.66.49,com.facebook.katana
45db0dc5-e71c-4c31-9f26-f96e880ee806,TUFAYEL,https://play-lh.googleusercontent.com/a/ACg8ocKIhuarVu2s9jEmm9qTAa_MJnBTHknBVXTrbVC8TUpNY6esyQ=mo,nice,4,0,,2025-04-05 12:43:08,,,,com.facebook.katana
9b9d26f4-6600-49ba-a1ca-522cab53c896,Stanley Bopape,https://play-lh.googleusercontent.com/a/ACg8ocKwfxCCGnfaGxcCsnsetkQUdbRnNSClJJfXe9mSelbUuYXWRg=mo,fast and simple,4,0,,2025-04-05 12:15:18,,,,com.facebook.katana
9f0c8439-a389-4d0d-972c-1ded9e8c9740,Murugan R,https://play-lh.googleusercontent.com/a-/ALV-UjV8fQeFnhtC6ZA5mnlItyvJAJKdfHJePK5B75HOO57n-ch4BQ,good,4,0,507.0.0.66.49,2025-04-05 11:45:19,,,507.0.0.66.49,com.facebook.katana
fc636e7c-2780-4ae1-ad9e-92b1b4573711,Jubayer Ahamed,https://play-lh.googleusercontent.com/a/ACg8ocLLdjJdy1-8ojDarzetgsc-ujm8ZCjmPyUcsOLId4yuhKsy=mo,👌,4,0,507.0.0.66.49,2025-04-05 11:37:22,,,507.0.0.66.49,com.facebook.katana
c6241cb2-9e72-4cef-b415-c76a30f18b89,Usman Abid,https://play-lh.googleusercontent.com/a/ACg8ocLlDEeiuO87qnvMv1pd1xDE2iS1tXvKSCTRtEuZbKMV867ECA=mo,I will give 5 stars but could u please add the feature that when we open saved reels and we scroll so we could see only saved videos.by the way best app ever,4,0,507.0.0.66.49,2025-04-05 11:35:14,,,507.0.0.66.49,com.facebook.katana
699168f5-b0d9-43af-abb8-cc4624486916,Muhammad Imran,https://play-lh.googleusercontent.com/a-/ALV-UjXkepr9lLnOGCm4P-cHBcEj_PbPf8BGbVz9Wp0GbJSTjiRAl5-u,good,4,0,507.0.0.66.49,2025-04-05 11:08:55,,,507.0.0.66.49,com.facebook.katana
31b0e7c0-499a-4108-9ba7-b042ee2f0b30,Ousm Ane,https://play-lh.googleusercontent.com/a-/ALV-UjWBUuhWi24FU_ZUOYcZt5XloQkCLdUYDTsfZYJd0qZ6zad3nP_K,"I don't know how Facebook does it, but the algorithm it creates for me, especially in 2022, is the best. TikTok sucks. I stopped using it in 2023 when I started noticing scams, and Facebook sucks too. Both of these apps are very narrow-minded, only allowing you to see minimal content, and that's not the case.",5,2,506.1.0.74.27,2025-04-04 01:39:52,,,506.1.0.74.27,com.facebook.katana
73308936-d8b1-457d-8ce0-8fbc7934e838,SABINA YEASMIN (YEASHU),https://play-lh.googleusercontent.com/a-/ALV-UjVMNamCSMSf06KpnYgSlCBWo9knh_zIEdOoIqejCiMSGbFzDekuGg,"Facebook is a great app for staying connected with friends, family, and communities. It offers a mix of posts, videos, and stories that keep things engaging. The marketplace, groups, and events features make it more than just a social media platform. The app runs smoothly, and updates keep improving the experience. I enjoy using it to share memories, discover content, and stay updated. Overall, it’s a fun and useful app for social networking!",5,22826,503.0.0.69.76,2025-03-11 22:31:46,,,503.0.0.69.76,com.facebook.katana
02614d23-b120-48fc-8af5-ee919853d669,Kalam Azad Khan,https://play-lh.googleusercontent.com/a-/ALV-UjX2180-WeoBf-c5ScKz5YZUftv47Vs6ZLnUgkgMHV-j9GGDjD6_,"Facebook is a great platform for staying connected, sharing updates, and engaging with communities. It offers useful features like groups, marketplace, and live streaming. However, privacy concerns, excessive ads, and misinformation remain major issues. The interface can also feel cluttered with too many features. Improving security, reducing fake news, and enhancing user experience would make Facebook even better. Overall, it’s a valuable but sometimes overwhelming platform.",5,15756,504.0.0.69.64,2025-03-15 21:34:49,,,504.0.0.69.64,com.facebook.katana
1436273a-e7f0-4e0a-8026-2e26a754ad18,Aaron “Lightbringer” Howard,https://play-lh.googleusercontent.com/a-/ALV-UjVK_rr0x3mq5HRUIfYUHAAtqTwGPSMOQrUwxa9V0xsXJpexb8C6tA,"Facebook has allowed me to connect with amazing people across the world. it's helped me remember wonderful times. I have connected with people in different faiths, cultures, lifestyles, backgrounds, and experiences. it's given me so many different perspectives by doing this. I've gotten to do activities I may not have otherwise. I'm excited to experience so much more!",5,22318,498.1.0.64.74,2025-02-03 17:55:05,,,498.1.0.64.74,com.facebook.katana
73bec0d6-f119-4139-8a8c-f4ddaf2cb9a2,Lucius Mather,https://play-lh.googleusercontent.com/a-/ALV-UjUHNTs0UaRjxLnUMP218kAng57fUZanFuQ692B8lfI7R8vqyOIE,"I love offering others a view into my praising the Lord, Jesus the Christ and Abba; God the Father. While recording, sometimes I see the warning ""slow connection"". When I review the video, there are no problems with the audio. The video sometimes halts, and then the video gets out of sync with the audio. Not a major concern, so it rates 5 stars.",5,3001,492.0.0.127.80,2024-12-09 23:52:26,,,492.0.0.127.80,com.facebook.katana
bebda575-c459-4126-ab09-42a9c4b9148d,Charles James,https://play-lh.googleusercontent.com/a-/ALV-UjX_z0A2vLcmO8ufkB5U1apJ5cY4Iq7TqkPZFZ5nmIUYHDVfhTE,The mobile app simplifies posting pictures and information. I like using the microphone in speech to text except for the occasional Miss autocorrect. Using a phone has a learning curve. where's where's the post button. I guess I have to close my keyboard to post. maybe Motorola needs a post button on the keyboard or Google needs to put the submit button above the review text box.,5,12480,486.0.0.66.70,2024-10-19 07:46:34,,,486.0.0.66.70,com.facebook.katana
ded7f9c1-1564-4da6-9001-b7030312f64d,Heather Smart,https://play-lh.googleusercontent.com/a-/ALV-UjU5xSWyo0pngY0HQC0rIKkzJRGGqO7RFaD3o1WHrkm06gRyiY0-,"I wish ten stars were an option, love this place, Dawn is a true artist and beyond skilled! Searched awhile to find this level of quality in the precision cut department, each time it seems to be impossible to improve on perfection, but she manages to do it, every time. Awesome space, ambiance and great products to keep the style and hair looking it's best. A real treasure of a find!",5,18726,491.0.0.58.78,2024-11-28 08:15:16,,,491.0.0.58.78,com.facebook.katana
314e8384-e0f2-4f37-ba6b-9181dca3bd92,Juan Gonzalez,https://play-lh.googleusercontent.com/a/ACg8ocLRuaTeKsZD_2zrpl64Psg9gRF_NdkC8k41jla-ysW199tHLw=mo,why is Facebook not showing rest of my videos on my video album? and no is nothing out of the ordinary stuff they because I been posting them on on and of and never had a problem but yes for some reason at time it will freeze and not show the rest of the videos. witch I could go directly to them by scrolling down the page. but it shouldn't be that hard that's why it has that option of a form of an album to make it easy. just fix the problem and thank you for a such an amazing app 🙏,5,4734,489.0.0.66.81,2024-11-23 16:25:52,,,489.0.0.66.81,com.facebook.katana
bedcbef3-0735-4640-a9bf-0c95844fa442,Kristal Klein V. Edilo,https://play-lh.googleusercontent.com/a-/ALV-UjX3E68eeMa0ImeZPG46yXVU2ggRO2rPz-5GWApU4vmz_FYIjwc_,"5 stars!, Facebook is great, after using Facebook for a few years, there is reels (basically shorts) and video/photo posts that you can see while you scroll. You can join groups, and friend your friends and family on the app! A great way to post things on your account, you can set the post to public, private and friends only! it's truly amazing! But for some reason I can't upload cover when making group, still great!",5,53546,485.0.0.70.77,2024-10-13 19:13:27,,,485.0.0.70.77,com.facebook.katana
d5b88272-368d-4fef-b8f9-4907ad31919e,Bridget Looper,https://play-lh.googleusercontent.com/a-/ALV-UjU90GoXcxTIyCF9E0zezXNSYU0uMe2EciU-I99X9gI2Foi1KplcoQ,"if it wasn't for Facebook, I wouldn't have been able to connect with childhood friends. it's an easy way to stay connected with family and friends! I've connected with people and have found a few good friends thru fb. without fb, we would have never connected or got to know one another! THANK YOU FB for reconnecting old bonds, maintaining them, and creating new ones without you. It wouldn't have been possible!",5,6040,487.1.0.74.74,2024-10-29 22:53:30,,,487.1.0.74.74,com.facebook.katana
c4e73ee5-e046-4c13-98f9-1d34838e1c8d,Romit Sen,https://play-lh.googleusercontent.com/a-/ALV-UjVHOK_gVZsjueeqkcUGQe7Aj0O9wLmKq9kE_JRrLhWzD7GX4mYC,"FB is a versatile social platform for staying in touch with friends & family. The newsfeed algorithm often delivers interesting articles, videos and life updates. Also features like marketplace, memories and groups add a lot of value. The user interface is intuitive & user friendly. Overall it's been a positive experience, However a cleaner experience with better privacy controls would make it even better!",5,1651,,2025-02-03 04:43:03,,,,com.facebook.katana
6686d760-30e5-4445-9759-747a4da78b9f,Motibur Sk,https://play-lh.googleusercontent.com/a-/ALV-UjW6itiJWP3b6hKomBkdgfesGRvLGVU8vChYDYd7Eg_e7f5AlL96,"Facebook Facebook is experiencing dramatic growth currently where the number of users has reached one billion. It comes with a lot of benefits like video calling with your close ones and uploading your photos and videos without charge. Most importantly, it allows you to get in touch with people from the other side of the world without spending a penny. It is also a great way to connect with old school friends and college friends. Further, you can also make new",5,22806,484.0.0.63.83,2024-10-05 03:11:44,,,484.0.0.63.83,com.facebook.katana
355a87bd-1da5-4ccc-9679-83a2772ba342,Jabber Baloch,https://play-lh.googleusercontent.com/a-/ALV-UjVUDDJe0baHR_AUB3gziAHkjtxBPhsU9shxOkoCuwjgTAEyNeud,"⭐⭐⭐⭐⭐ Facebook is an amazing app that connects people from all around the world. It's easy to stay in touch with friends, share photos and videos, and discover new communities. Features like Groups, Marketplace, and Stories are super useful and fun. A great platform for staying updated and spending quality time online!",5,226,506.1.0.74.27,2025-04-05 01:46:00,,,506.1.0.74.27,com.facebook.katana
0611a55b-ae92-436d-875c-b3624672c6aa,jimmy cavestany,https://play-lh.googleusercontent.com/a/ACg8ocImIZ7dMQ-B9acXUlUDqVpGNkygbGDYwTdDf7QBZ8BKv77vhQ=mo,"After using facebook for about 5-6 years now it has been great tho some bugs and stuff that are in this app. I don't like how you replaced the videos with just reels like, i liked it the old one, and so the slow update when updating, its really a problem for me and i wish that it would be faster, not gonna lie facebook is such a great app when your bored and yes its still good. tho sometimes it crashes.",5,138,507.0.0.66.49,2025-04-04 13:50:14,,,507.0.0.66.49,com.facebook.katana
99be7514-8958-4779-83d9-56069810c984,Rafi Xzy,https://play-lh.googleusercontent.com/a-/ALV-UjXOLpex4ukYZ-C5KYMAfMAZxhBAu3JAgKzvOuttxMiYhlL2mIQ,"I’m really satisfied with my experience on Facebook! The platform is easy to navigate and keeps me connected with friends, family, and communities. I love how I can share updates, photos, and videos effortlessly, while also discovering new content that interests me. The privacy controls are solid, and the features like messaging and notifications make staying in touch quick and easy. Overall, Facebook offers a great user experience, and I’m happy with the way it connects me to the world!",5,19266,499.0.0.31.60,2025-03-03 21:29:46,,,499.0.0.31.60,com.facebook.katana
e1441f79-f7b4-4cdf-9950-4f7e50bc8b5d,Umlal Thapa,https://play-lh.googleusercontent.com/a/ACg8ocK1mDH86qAoBdHyKuDSElUGEUXokWS6faPFOtUwUy6XFJJLlQ=mo,Umlal Thapa 1,5,0,,2025-04-06 16:03:41,,,,com.facebook.katana
463e580c-5786-4a09-b5b7-ac4c04f3b6f9,Jessely Siton,https://play-lh.googleusercontent.com/a-/ALV-UjWcPPT6XB0qkmOBZFFo5766ns2KIcfWdsfqZ_xWlg8AlDYdIGjY,Thank you so app again,5,7,507.0.0.66.49,2025-04-06 14:23:41,,,507.0.0.66.49,com.facebook.katana
e934e8b1-e648-440d-8ed3-17f7b9463b59,Mohamed Abdullahi,https://play-lh.googleusercontent.com/a/ACg8ocIzg1MTI9MsOD9kii9ZPwk1NycuH3old5QWrdJyQSkgPAj15A=mo,only one,5,3,279.0.0.43.120,2025-04-06 13:53:21,,,279.0.0.43.120,com.facebook.katana
08d398bc-eb6c-4420-bd1f-643f0f5534d3,Tanber Tanber,https://play-lh.googleusercontent.com/a-/ALV-UjXZg-Oka8ynYM1S6IPWqIdUsbtDl_X2XnvakAzWQGJPSkKKcp-s,good,5,1,506.1.0.74.27,2025-04-05 13:05:42,,,506.1.0.74.27,com.facebook.katana
0410ea4e-9781-4b5d-8c71-9648ba438a3d,Sher Khan Soomro,https://play-lh.googleusercontent.com/a-/ALV-UjXWHL559ps7cnkSRdqf1YzNWoGGSv-HZvwcqZ78re07dTrDGD_1,best 👍💯 app Facebook,5,0,488.0.0.78.79,2025-04-05 13:05:36,,,488.0.0.78.79,com.facebook.katana
4910729d-1265-4492-b0dd-f11d29fb4c6d,Vikash Raj,https://play-lh.googleusercontent.com/a/ACg8ocIigKecf9zWTE6MZPF37Q1lQZKdcBjnqIMnW7pF0dEWeDV_DA=mo,wonderful 😊 aap,5,0,507.0.0.66.49,2025-04-05 13:04:06,,,507.0.0.66.49,com.facebook.katana
99bda0a8-2fde-4f99-b2ff-803e1005b1f9,vaishali patel,https://play-lh.googleusercontent.com/a/ACg8ocLVvP8D4oEcJ_RKCF6Tby9NW1GAd7qScEtdmhqe0V-7-siZAoo=mo,nice😊,5,1,504.0.0.69.64,2025-04-05 13:03:46,,,504.0.0.69.64,com.facebook.katana
ba290f2c-7e22-46d9-b139-a9904abe0f1c,Zed Douglas,https://play-lh.googleusercontent.com/a-/ALV-UjVbC41OA1QLNNQrXFHseJOOEo1nl2tQCtAQMaDqKDGrJdph5wzetg,"Unusable now. Doesn't show content you follow in a way that makes sense and often doesn't show new posts. Getting all kinds of adds I don't care about. Keeps switching me from follow to discover tab, but seems to be intentionally set up so it shows about 80% stuff I do follow so I don't notice until I run into a bunch I don't. Block system useless. It no longer hides your content. It just won't let blocked accounts message you. And there are so many bots. Seeing lots of hacked accounts recently",1,2202,10.84.0-release.0,2025-03-16 01:58:00,,,10.84.0-release.0,com.twitter.android
15b829dc-ad70-402b-8766-483296bc57e0,Xye Berry,https://play-lh.googleusercontent.com/a-/ALV-UjX3Lx9ApEla2722ubB6WPx6wCKqBbsj975dA4omQesYJ6XsuzSsXg,"This app is just awful. It crashes every 5 minutes and I have to completely uninstall it and reinstall it just to get it to work for a couple hours more before it starts again. It refreshes the timeline randomly causing me to miss posts I really wanted to see, and it's clear all the focus is being spent on people who actually pay money for the app instead of the people who have been here for years and making up the backbone of the app. It's to the point where this app is completely unusable.",1,1697,10.82.0-release.0,2025-03-03 17:48:46,,,10.82.0-release.0,com.twitter.android
28f985b1-80eb-4d8d-88a5-bc89416a90f1,Robert Ricci,https://play-lh.googleusercontent.com/a-/ALV-UjXGqc9BpcwgmJQUMazKCTu7E6ko0gM7WNSgL0OoOZClxnpENOBGxQ,"With the introduction of four different levels of upgrades, they have added them quite nicely to the top of each screen so that you know you always have the option to upgrade. But something as simple as logging out of one's account you need to Google to figure out on an Android how to get to the option. It should not be difficult. As a programmer I learned in 1980 that the user interface is the most important aspect. It defines the success of your application. Don't hide things.",1,3300,10.68.1-release.0,2024-11-23 21:54:15,,,10.68.1-release.0,com.twitter.android
0b3fcc09-3a9d-4661-b923-d27e174d462d,SuperMonkeyCube 01,https://play-lh.googleusercontent.com/a-/ALV-UjUY6pa3L6XTrm0HYJhIfRIcWRgunBbOUFPybM_EJLmoVrb0gDjK,"Keeps getting worse! Using a mobile web browser is actually better than the app. The only thing the app does better is load videos. Sending posts with media in them fails to send at least half the time in the app! Everything works better in a web browser. The app also refuses to load occasionally, so I just have to come back later to use the app. Your posts now are going to be used to train AI, and the block now barely does anything. This social media is terrible now.",1,1135,10.62.1-release.0,2024-10-26 06:33:33,,,10.62.1-release.0,com.twitter.android
02d2066a-116b-4e27-aac4-2308abb441bd,Knomia Gnomia,https://play-lh.googleusercontent.com/a-/ALV-UjXQEFTImJ9ApNhmrezYqH_yjtOG8b8PAX7jmmSlDdLXYc1JJeGuag,"**update** I would give this app and the company zero stars if I could. I received an email saying the email on my x account had been changed and if I didn't request it, follow a link. That link sent me on a circular chase that involves sending emails TO THE EMAIL I DIDN'T ADD TO THE ACCOUNT, effectively locking me out of my account.** Not sure what happened but the app has been extremely unstable for about a month... I have to go through my phone's browser to use Twitter with any consistency.",1,1228,10.68.1-release.0,2024-11-26 01:15:40,,,10.68.1-release.0,com.twitter.android
20b128d2-f11c-4cbf-97fb-24257f4763db,Joey,https://play-lh.googleusercontent.com/a-/ALV-UjUIABxwUdlQ1WKko_FJpdnFm4JDvVlSbDhEanWOSSV1EgrdEpVr,"App title is irrelevant - There are moments where the latest posts, messages, notifications, etc, are said to not be reached or available - I keep getting logged out of my account after some time not opening the app. I'm not sure if that's fixable or not, and when I log back in, it goes right back to the login/create account screen. It's really annoying, & started happening about 2 months ago - Glitches when reloading or writing have become a problem in the recent These are my 3 main issues",1,4839,10.72.2-release.0,2025-01-02 20:28:25,,,10.72.2-release.0,com.twitter.android
d3cb6179-b484-4dee-b7d5-8d0cea19d1f6,Spencer Littles,https://play-lh.googleusercontent.com/a-/ALV-UjVYb_wCsrcZfQBM_y__ExLk6fwJOb_ldq49I-ehseQJVyCCK5UV,"This app is damn near bricked. It need a serious overhaul for its stability. Love the features that have been added like edits, longer posts, longer video uploads, etc... but what's the point if the app doesn't work? Fun fact: I've noticed that the app is unable to load if I'm charging my phone. Without fail. I'm actually impressed by the randomness of this bug.",1,3362,10.56.0-release.0,2024-08-30 11:18:02,,,10.56.0-release.0,com.twitter.android
35e8a6a7-8930-4a7c-88e3-1e5684f051f4,Mia Nemser,https://play-lh.googleusercontent.com/a-/ALV-UjXpAiPuKbMZjRDkO6mjy2Fwgz05PC-0WU8kdomA3mqnyp_kKr1c,"App has been ruined by bots and my feed being filled with content I have no interest in, so I have to keep blocking people to get rid of it. Now there's an issue where images won't load for me until I restart the app multiple times! Didn't have any problems until it changed ownership! Update as of 9/21: App is even more unstable. Loads nothing 80% of the time. Just Awful.",1,2430,10.59.1-release.0,2024-09-22 09:50:51,,,10.59.1-release.0,com.twitter.android
fb1cb34f-b552-4bd0-9240-e09af6cb3fac,Gary Hood (Cerberus),https://play-lh.googleusercontent.com/a-/ALV-UjXIw4yoBMhYkqJb6xQlEBVVvFcY5u02YAIhj7womakLuPr4YhSVrA,"This app, as well as the website on PC, is so unbearably slow that it has frozen my phone and dragged my PC's speed to an absolute crawl just by being open. I've done everything from clearing the cache on phone and PC, to uninstalling & reinstalling (or shutting off my PC), to fix the issue; and nothing fixes the issue, but the fact that it's happening to multiple people everywhere on multiple devices already shows the issue is not on my end.",1,666,10.58.0-release.0,2024-09-15 18:21:10,,,10.58.0-release.0,com.twitter.android
9fd33fb7-811a-4ad8-8156-d4ec4c0d2b5a,Pluto,https://play-lh.googleusercontent.com/a-/ALV-UjVoMCc38mlcv7bJU7PkO8IsiXkAgOW0HBwdkQYhjrGVm_oPNgpM0g,"This app has been bad, but it's gotten even worse lately. The thing can't work without crashing at least once every five minutes, which has interrupted voice messages multiple times now. Hey, Muskrat. I don't like repeating myself. Do something productive for once instead of being an ego-centric weirdo. Update: 9.17.2024: Even after uninstalling and reinstalling, this app continues to crash and wipe 3+ paragraphs I've written from my DM's, leading me to write elsewhere and then copy and paste 💀",1,553,10.58.0-release.0,2024-09-18 01:09:58,,,10.58.0-release.0,com.twitter.android
d9ca81d8-0f03-415b-8967-5fd7799f9b45,Alexa Horan,https://play-lh.googleusercontent.com/a-/ALV-UjVOPMyGBXSAFZKRCHjdoda8N02r8nZCwSsqek3g1ovHnbqtS_0,"Even with the internet, the platform is constantly buffering. I do not have internet issues. This is either a server problem or an issue with the playform itself. It's not functional at all anymore. None of my pages load, and it's a blank screen every time I open the app. I can't even deactivate my account because of the buffering. It happens whenever I open the app. It's very frustrating. Bots overrun the platform, and I get random hidden messages with porn and scams from foreigners. Bad",1,53,10.83.0-release.0,2025-03-10 22:28:38,,,10.83.0-release.0,com.twitter.android
b496434b-cc68-4e16-b5b1-5cdd08b1a8d5,nai,https://play-lh.googleusercontent.com/a-/ALV-UjWdhX-tbc3nx1H_HjlRh5LpCsaC1HW0uNwJfXFqEaAoF0FUZtSj,"The update fixes some small things but it keeps glitching on the media playing and from time to time doesn't load anything, as if there was no wifi when there is, even with data. So many updates and still can't fix that, amazing. Edit: congrats!! you haven't fixed a single thing, it only gets worse",1,1588,10.84.0-release.0,2025-03-14 11:41:22,,,10.84.0-release.0,com.twitter.android
3cba0203-8b66-4e55-a4d3-9f31ff518da9,Sami Mokadem,https://play-lh.googleusercontent.com/a-/ALV-UjUFUXEDtqy82CcegAEyeF-PGntmQ1mPnjY6ATSrhBlCglqc2t_g,"Multiple issues that a multibillion dollar company should never have. App sometimes won't load for hours on end, regardless of internet connection. Scrolling through videos will consistently play the audio of different videos over eachother. Videos will randomly pause, sometimes as often as every 15 seconds. Platform is overrun with AI bots and spam accounts. Update: Months later and this is still an issue with zero effort to fix.",1,3632,10.76.0-release.0,2025-01-30 03:25:24,,,10.76.0-release.0,com.twitter.android
7a032492-b8de-4cbf-94b8-7cd615d5c9d0,Thomas Harmonson,https://play-lh.googleusercontent.com/a-/ALV-UjXXwIIpiJPsuehrjECrRdb0aofC8Ea-RtXWdoDo7UMLuBiu3-Wf,"Was once a functioning app, but literally won't load anything if you are charging your phone. This is the only app that breaks the moment I try to charge my phone. Not to mention the app barely runs as is, often times timelines never refresh or show recent posts, only showing the same five posts over and over again, alongside a multitude of other problems with the app",1,8,10.86.0-release.0,2025-04-01 07:07:58,,,10.86.0-release.0,com.twitter.android
580975e5-eebd-4fab-92d4-436099b1dcb9,ren,https://play-lh.googleusercontent.com/a-/ALV-UjXfzoGGMRkxlqbkzWSLb6D7DUhDSekmOqErXlDg0Q9jCLKWgckc,"Nice app for people to come together, but it has gone downhill so fast. I can't even click on a post and watch the attached video. All it says it ""playback error."" I've reinstalled the app, logged out and back in, restarted the app, emergency shut it down, nothing works. I've even looked it up, and others have the same issue with no solution. It's terribly frustrating.",1,40,10.80.0-release.0,2025-02-13 21:20:16,,,10.80.0-release.0,com.twitter.android
61b8419a-2fef-4d89-9753-3188f52d347b,All in one Irfan Khan,https://play-lh.googleusercontent.com/a-/ALV-UjVnwoX2C2QbEKfRddn6Dzdetx5jdI1ciokjmQ8qbOOiTPVB7L_llQ,BAKWA 😡😡,1,0,10.87.1-release.0,2025-04-06 18:17:57,,,10.87.1-release.0,com.twitter.android
8cfdc21d-8325-462a-89e0-41ee68852347,Алаин Г. (Alain),https://play-lh.googleusercontent.com/a-/ALV-UjWR47pJvE8Gt6QuNLn79WTsrDtFRF5E7FAJx4j9CvAu-EY640Sg,"-19⭐ !! /// Release notes: 'No information from the developer' - Nothing is simply too little... Therefore, no one can provide specific feedback on new implementations to the developer. Disappointing!",1,183,10.87.0-release.0,2025-04-06 18:11:10,,,10.87.0-release.0,com.twitter.android
553b07d3-fbb9-4cc3-9071-365b58a95235,Syaai_ Mashffh,https://play-lh.googleusercontent.com/a-/ALV-UjWiS4hq6UKNGfBp1zPrt8HhcWoX4gLwHGr4gWsUomALxAWcbA,sekarang mau download vidio kudu premium..👎,1,0,10.80.0-release.0,2025-04-06 18:05:16,,,10.80.0-release.0,com.twitter.android
97ffb7b7-3cd6-4298-8640-52a5935ff974,Göktuğ Verep,https://play-lh.googleusercontent.com/a-/ALV-UjUEBCbjnKolUp-l4eO9QvtBjJ2n-DPJzuqco_c2NdTj6a-nywjG,kötü hizmet,1,0,10.87.1-release.0,2025-04-06 17:53:59,,,10.87.1-release.0,com.twitter.android
13895ba2-eabf-4d70-953a-298f2a284bb9,Ian Mwangi,https://play-lh.googleusercontent.com/a-/ALV-UjVUOFjDxzhBgly0T7USp1xoxoaRNK_AYuUgveR8KtL2QjqFlE5B,Awful experience app crushes after five minutes and takes to long to load recent tweets,1,1,10.87.1-release.0,2025-04-06 16:56:48,,,10.87.1-release.0,com.twitter.android
88354875-06eb-4b45-b5d1-05eb1c7a0f8c,Nathnael Workie,https://play-lh.googleusercontent.com/a-/ALV-UjXDgduKXXXiBSpgnL6xWTL9TjaZTFunKh0HlPWFExr6fd21vuIY,what can i say 🤮,1,1,10.86.0-release.0,2025-04-06 15:30:53,,,10.86.0-release.0,com.twitter.android
b058fdf4-38c0-4ee7-be67-39c70e0f9dde,Mohammad Hasan Rahmani,https://play-lh.googleusercontent.com/a-/ALV-UjXtdJTmkrkbj4Kl0y7YXDbQBP0oyEfrAIfm_xjbC39ubV_JfplX,app of ads.,1,1,,2025-04-06 15:27:21,,,,com.twitter.android
2efb87fa-cf6f-4d04-b7d4-5da33226d42b,Jazzmin Walker,https://play-lh.googleusercontent.com/a-/ALV-UjXDWJ4_u81m_WiwdoLVlikTrObMhMoPgaH2QgeLJ0gUixU2W-Q9,"Everyday multiple times a day the app just stops working and won't load anything. It's VERY annoying. Sometimes it can be long periods of time before I can get new content. Closing the app, clearing cache, and unistalling then reinstalling do nothing to alleviate the issue. It just starts working again. This issue has been going on for a while with multiple users complaining. Can't understand why it's not fixed yet",2,683,10.54.2-release.0,2024-08-20 22:49:20,,,10.54.2-release.0,com.twitter.android
73f8dc43-3dae-4df3-8013-d7ff130c044f,Applejayz19,https://play-lh.googleusercontent.com/a-/ALV-UjWybeLHdazo2W9EiCkdPHVCYNhxiyeDG0X1Hv_QzBfmKlEPyrue,"The app was great for connecting, networking, and getting updates from creators I was a fan of. WAS. Now, however, it refuses to load any images, pages, videos, or messages half the day. Its been chalk full of bots, bugs and corrupt and sadistic people that have been replatformed, protected, and amplified since it changed hands, but hey, it was atleast USABLE before. I only give it 2 stars because I still have connections there and hope it can come back in some way.",2,979,10.82.0-release.0,2025-03-05 10:40:02,,,10.82.0-release.0,com.twitter.android
b878e380-c6cf-4050-8095-4e3f6c328969,Justin Cody,https://play-lh.googleusercontent.com/a-/ALV-UjW-pVYLLkY3FBEd38TfNUqCMN0Is7NfYU0yu3GtZMLYLKmt1mVu,"Love the app, but it has a lot of technical issues. For some reason, when you click the little speaker emblem in the bottom right corner of a video to make it play out loud. It makes it play in all the tabs, no matter which tab you're using. Especially when you're using the trending section, you'll hear the background from the for you page videos playing on loop. Also the news and trending sections get delays where you won't have any feed updates for hours.",2,25,10.76.0-release.0,2025-01-25 06:56:19,,,10.76.0-release.0,com.twitter.android
00cf0efb-e749-4209-8a71-6dbc54d75a69,Josh Hines,https://play-lh.googleusercontent.com/a-/ALV-UjXII0-GgDNvBJCMXzF9KcO8D8MMXjUbncZO5Qtc91fYc-f8QoLL,"𝕏 has great features, and I really enjoy the user experience. However, I'm continually running into technical issues like the timeline just randomly not loading (not due to network problems on my end, other apps and websites work just fine). It's a shame because I want to love this app, but it's just too buggy. Hopefully, the developers will release some stability updates soon. Until then, I sadly can only give it 2 stars.",2,1310,10.65.1-release.0,2024-11-06 12:58:13,,,10.65.1-release.0,com.twitter.android
8b50fe30-0b0b-4601-b1cc-2535c5e650ce,BA,https://play-lh.googleusercontent.com/a/ACg8ocKH8jUiVZzEUZIdh2PVsdjRqlWdWQWz0fynANQK35kxE4Td_A4=mo,There's just a few bugs that I've noticed like sound will play from the previous video while watching another and when going through several videos at once the sound will stop over and over until the app is closed. Also the app will open at the last video played and I'll have to scroll all the way up to the new posts. I tried reinstalling but it didn't work. I think it's just bugs in the app.,2,1829,10.72.2-release.0,2025-01-03 10:46:43,,,10.72.2-release.0,com.twitter.android
6625ef3c-4915-4d51-99d1-dacb0b7062ac,Matt F,https://play-lh.googleusercontent.com/a-/ALV-UjU0r60bVFoJwOZRP5RFBA0m1vgwgpEFnfjG_djLy3m3IK-xLO4,"The app will randomly stop working and just fail to load for hours on end. The browser version works fine when this happens, but without the same functionality. I like the platform, but the app is terrible because of this. It's like it's just stuck with no internet. No amount of restarting the app can fix it either. I even restarted the device and it still won't work.",2,770,10.64.2-release.0,2024-10-29 04:07:45,,,10.64.2-release.0,com.twitter.android
2e5399c9-0ebf-44cc-b4d0-41ac241b7ccd,Gabriel Haywood,https://play-lh.googleusercontent.com/a-/ALV-UjWeHCmvRya8kFHPe3k9QlcegF4n8c0uGozCMCD4TAmawS-_9fupwg,"Often, my feed will have trouble loading, so I'll have to force close and reopen the app to get it to work. However, doing this makes me lose track of what I was looking at in the first place​. Also, when trying to revisit old bookmarks, it just stops attempting to load at a certain point because it's too far back. This used to not be a problem",2,587,10.72.3-release.0,2025-01-07 00:36:50,,,10.72.3-release.0,com.twitter.android
ba5f4bac-5cca-4cf8-a350-b8335fc0dec4,Bob Wasko,https://play-lh.googleusercontent.com/a/ACg8ocKJ9GXoKE4cJUDDWQjONQZGRK2tQ6h66oAuMNib_YPp1HOGqg=mo,"App freezes, stops, and doesn't work 1/2 the time. I have to continually restart my phone for X to work. Only app I use that does this. It's not my phone. Content is great when it works. This is the only app I use that continues to freeze, spin, not update, etc. What's going on!? Have to restart my phone and hope that works. Updated 8-3-2024. Can't use it this morning because it's stuck on yesterday's last view. Nothing will play or open. I have a newer phone and every other app works fine",2,334,10.72.0-release.0,2024-12-23 10:32:55,,,10.72.0-release.0,com.twitter.android
51962acf-76b4-48e7-bc1f-25e62cccf2cd,Caroline Kahn,https://play-lh.googleusercontent.com/a/ACg8ocI1HF9U56mqYcBdqKpM5yI0aMf-Iu4zXGJ4cPOcslsuHaVUKw=mo,"Images and videos don't load unless they're ads. At least 3 of every 7 posts you'll see is an ad unless you pay for the app. Voice notes don't load. DMs crash all the time. They eliminated search in DMs and bookmarks ages ago, so bookmarks are basically useless. The app is basically useless. Only reason it gets 2 stars is because I'm trying to reward the three people (I'm assuming) that are allowed to try and maintain the android version of the app. It's not their fault their job is impossible.",2,281,10.63.1-release.0,2024-10-19 21:55:22,,,10.63.1-release.0,com.twitter.android
f49acf8a-dbf8-4020-91bd-832eb96ed1aa,Ihab Eid,https://play-lh.googleusercontent.com/a/ACg8ocL36UQQpahT6KvsLtlaTjGU56dwbWd6SQSu1tUG_bGHb-kjGg=mo,"Bring the old search features. I would like to see some search features that filter posts from 1 hour, 1 day, 1 month, etc. There's so many other problems I don't feel like bringing up. This app has really gone downhill since it became 'X'. I miss old twitter. At least it was usable as a news search. Now it's become a dumpster fire.",2,326,10.70.0-release.0,2024-12-08 06:05:24,,,10.70.0-release.0,com.twitter.android
abb8f793-65d6-4de0-8d20-129625a2bfc6,Kohner Morgan,https://play-lh.googleusercontent.com/a-/ALV-UjUFDE9gT9x9m8iVEdwcf5vaHBnC7rM3zQEFBW2JNqCI33tQCblMbA,"DOESN'T WORK IF YOU'RE CHARGING YOUR PHONE. The app randomly completely stops loading new posts a few times a day and completely ceases to work for up to an hour. It's been doing this for close to a year. Today, I figured out it only happens when my phone is on the charger. As soon as I unplug my phone, the app starts working again. What a stupid bug that should be such an easy fix.",2,295,10.70.0-release.0,2024-12-09 04:35:09,,,10.70.0-release.0,com.twitter.android
288c1d5f-8d4a-40f1-bfbe-e0695389bb0c,gerard way,https://play-lh.googleusercontent.com/a-/ALV-UjVXKNiQxqWPMvyWl5E43iU0sU4hs90CjsF9f-IuIOY8F-67NJjh,"I do love it. I live on it. But good Lord for almost a year now the app doesn't work at all every single time I put my phone on charge. And it is happening to so many other people and they still haven't fixed it. Feels like a kind of major issue to not have resolved for so long. Many a cogent tweet has been lost forever cause anything that fails to send while in that state just disappears forever. Please, Christ, fix this stuff. Never even mind the rise of verified AI replies farming money...",2,95,10.62.1-release.0,2024-10-18 20:19:51,,,10.62.1-release.0,com.twitter.android
7ea57fca-03ce-4187-a07e-9c8bc6374c4e,Red Lin,https://play-lh.googleusercontent.com/a-/ALV-UjWJ38Z1ur6Tqp6WWqgFV2RQm-oWgtC9SrVh0M6RMC6ZzoVYmzcf,"On the web, when you play a video, it plays the sound, but for about 5 10 seconds, it pauses the video itself. No matter if you rewind the video or try to see what is being played, it will not let you. after those few seconds, it starts playing normal. In the video preview of the post, the video plays without sound normally. It is just when you go to view the video that it happens",2,0,,2025-02-23 07:22:46,,,,com.twitter.android
f36ee375-2df7-47b3-a1a5-c5cc05a0acb1,Dominick247,https://play-lh.googleusercontent.com/a-/ALV-UjUerJw2kYV4krp7RLJ92GScG8bKUhRm6qjZfEG1SgnvhcYBZCbl,"It's really one of the worst apps I've ever used In terms of usability and technology. This app seems to be lacking greatly. Nothing works cleanly, messages dont send, constant app crashes, also Elon turned it Into to a pay to play deal, as to where you can actually still manage gaining followers on platforms like Facebook. Free speech is great and all but first we need an app that actually functions.",2,1,9.85.0-release.0,2024-12-15 20:08:47,,,9.85.0-release.0,com.twitter.android
b62ec45f-9f68-4f25-9266-0743f1444773,Aggie,https://play-lh.googleusercontent.com/a/ACg8ocLLM__NpkcwF7pwzvi3QqTUb5L0ktD4LkpCK4KmW5Vw_y6QWQ=mo,"I like Twitter (I refuse to call it X). It's where I go to get the real news, or at least try to. The app has become really buggy to the point that it is becoming frustrating to use. I now seem to be forever opening & closing it to try to get it to work. There are far too many ads, but most annoyingly constant playback errors on videos, or they suddenly stop playing halfway through. Tweets can take ages to load, and for some reason, the app is totally unusable if I'm charging my Android phone.",2,1210,10.58.0-release.0,2024-09-20 14:20:06,,,10.58.0-release.0,com.twitter.android
dae3cd6a-eb6e-4ab5-9a9d-78660f929da1,Ahaisibwe Martin,https://play-lh.googleusercontent.com/a/ACg8ocLJbtmyAqmhwrKrNckQFsE0pfVYOVZHBKDdoz0p0UzkZeM4tw=mo,this app has better features from that of Twitter it's a better. replacement,2,0,,2025-04-06 13:04:24,,,,com.twitter.android
8685494c-f027-4bc3-ba4a-96127118b2d2,Kyle Spotts,https://play-lh.googleusercontent.com/a-/ALV-UjUlQReregpUKGi5c-wfsKDBW_P9NP4CwGIWtR3N-adUOvGIdes,"Constant reloads every time you go back, lack of settings, forced auto play everywhere, etc.. Overall its a worse experience than using any mobile browser. I'm uninstalling",2,0,,2025-04-06 11:35:30,,,,com.twitter.android
d85268e7-19c8-4fcb-ade2-94ed18fff60f,Steve Francis,https://play-lh.googleusercontent.com/a/ACg8ocI4Sk6_Jt5zfBHrnKqDTCXTLBXHLSihRdBsJi2y7JXeukEa7g=mo,x is glitching and not reflecting messages,2,0,10.87.1-release.0,2025-04-06 08:53:45,,,10.87.1-release.0,com.twitter.android
c1b52894-9344-4882-b911-add56616e9e8,Mike Hagerty,https://play-lh.googleusercontent.com/a-/ALV-UjW7abQoHwli57J_Y1S78q_019NEL8f0zNdscUD23cAmNV7t8_FUSw,just bad content moderation even for crowdsourcing,2,2,8.74.1-release.00,2025-04-06 04:50:34,,,8.74.1-release.00,com.twitter.android
f2385686-9ef6-4a38-bfcf-7f8fb977bdb4,Harriet Youngblood,https://play-lh.googleusercontent.com/a-/ALV-UjXcFv8LKijxF7KiWUDYIn0SqivCIvfQux3auQirAYMw2FwYlpk,I'm waiting for my new friendships to be of mutual benefit.,2,0,10.86.0-release.0,2025-04-06 04:09:51,,,10.86.0-release.0,com.twitter.android
fa4e3b51-58d3-42f3-9256-d8ccce22c102,Moses Edwin,https://play-lh.googleusercontent.com/a/ACg8ocLqE0U4ZDlAp_5lhln9ZUz_xfGsMpoWvWIfdwyJ-NGjPg3pDA=mo,i love this App,2,0,10.72.3-release.0,2025-04-06 04:05:20,,,10.72.3-release.0,com.twitter.android
d079a51f-99f7-4768-8849-e921de6ba843,Suman Majumder,https://play-lh.googleusercontent.com/a-/ALV-UjWOtcOYVxAO0FKtJf7nfPtIfrbrNnSn-NCUtfgWrsZbUCChf6Yf,"connections are too slow , pictures and videos are loading so slowly that i loose interest on this app",2,0,10.83.0-release.0,2025-04-06 03:51:36,,,10.83.0-release.0,com.twitter.android
8fda46c1-51ce-4428-8b53-e07c3cce299c,Patrice Washington,https://play-lh.googleusercontent.com/a-/ALV-UjVlE4I_tQhEJdYfUCW_mVKX4YCrjD0kgTvhHRRQ5MqpATFstUGY,"This APP does Twitter nicely! I like the options for Twitter Spaces, which I use regularly. I do wish we could customize the font color, but it's more of a personal liking an isn't really important or necessary for proper usage. The APP does crash every so often, but no more than it did when I was using the web version! However it restores itself immediately after any crashes and I'm able to jump right back to where I left off without losing my place. Overall, I'm satisfied with this APP!",3,4573,10.85.0-release.0,2025-03-21 11:35:04,,,10.85.0-release.0,com.twitter.android
f8df4e02-d8a7-4c5e-ac6c-d9409e58a905,Andrew Rippa,https://play-lh.googleusercontent.com/a-/ALV-UjXOWRpXonpZncFEboTTn5ABCkkf42A5KoKX-SwzVeiNEEbIYwPB,It's an okay app... It's not any better feature or feed wise than most apps but isn't terrible in that regard. Has major issues with cutting down engagement on posts or making your post basically invisible for essentially no good reason. The AI is in bad need of improvement on that considering that interferes with both user's feeds and stunts other users/creators visibility and growth for non-existent issues while failing to do so with accounts that are actually problematic.,3,164,10.75.1-release.0,2025-01-14 19:55:25,,,10.75.1-release.0,com.twitter.android
e5ede3e5-e82a-40d6-863d-1ea0d1aba67e,Saliba Banddak,https://play-lh.googleusercontent.com/a/ACg8ocKT0fXSFtqRAMVtOAZ8E9NtnMicwTH3qVUy4HHhskLPs0Tvmg=mo,"Hello, i have been using twitter/Xfor a while by now and i found it as a great app to view social media. But i kept encountering a bug whenever i used my new phone, which is tecno - spark 20. it kept showing me the content warning even when i turned all of the settings to show all contents, but it kept showing me the warning which kept making me to click on all media to view it.",3,95,10.70.0-release.0,2024-12-06 18:06:38,,,10.70.0-release.0,com.twitter.android
b35cceb1-519c-4f35-8471-ca0d2f243a44,Angela Seymour,https://play-lh.googleusercontent.com/a-/ALV-UjX5wyUIf40HR34rAeIOjega5PvG_gJ34VAy1GIUl6b-zs_vI0DE3A,Recently the app hardly works. It keeps crashing all day long. It will work for a minute then it will freeze and close. I reopen it for it to then a minute later freeze and close. It's such a hassle to use the app now. It takes forever to load anything if it doesn't crash it. Also the auto refresh sucks. I've lost so many tweets because it refreshes for no reason.,3,0,,2024-09-01 12:05:41,,,,com.twitter.android
bf0ffece-d1b1-44fb-ac66-3c529a8d451b,A Google user,https://play-lh.googleusercontent.com/EGemoI2NTXmTsBVtJqk8jxF9rh8ApRWfsIMQSt2uE4OcpQqbFu7f7NbTK05lx80nuSijCz7sc3a277R67g,"Ever since the major update weeks ago (which moved navigation to the top instead of the bottom, you know, where your thumb rests) the app crashes constantly. Especially when trying to load pictures, but also when trying to click a link to a profile or external web page. It's awful",3,270,7.88.0-release.41,2019-04-02 10:12:02,,,7.88.0-release.41,com.twitter.android
8e18ec6e-93da-4c8a-b44c-0b66bd63d9a6,A MUSE,https://play-lh.googleusercontent.com/a-/ALV-UjVODQZIw62mMs-gd8DG3ws_YpO9pRvjzaQSUzO5NI-02t-Bjwm6Gw,"This app developed many glitches in the past two weeks. My account was suddenly suspended after the latest rule change which was never easily found. Allegedly, I had ""violated the terms of service on numerous occasions"". There was only one suspension prior. Suddenly, I keep having problems logging into the platform even via a web browser. There are ""too many login attempts"" and so the app won't let you login at all until it decides you are really you. It's not worth paying for verified status.",3,12,8.53.4-release.00,2023-10-09 07:54:47,,,8.53.4-release.00,com.twitter.android
140ef5fb-3dbf-4677-87d9-0fa2fd09ccfe,A Google user,https://play-lh.googleusercontent.com/EGemoI2NTXmTsBVtJqk8jxF9rh8ApRWfsIMQSt2uE4OcpQqbFu7f7NbTK05lx80nuSijCz7sc3a277R67g,"Good app. Easy to work with and has clean, friendly UI. But the fact that some account settings dont stick when you change them is really annoying and is the reason for the three star review. For example, the settings for ""always show sensitive media"" doesnt do that. It still regularly blocks media it deems ""sensitive"", even if the media is not actually ""sensitive"". Please fix that.",3,7,,2019-04-27 23:23:37,,,,com.twitter.android
3dea0356-9e30-4129-8b39-f7e1248f2f6d,Beth Selwyn,https://play-lh.googleusercontent.com/a-/ALV-UjUSW71mIEaVEmFBIiarjtrlulm6DuKTz93z-G-zl_xaXC_lV92Q6g,"PLEEEASE put the *Retweet/Quote Tweet* popup option BACK under the RT🔄icon! Having to go allll the way to the top right corner of my phone's screen for no reason is annoying, and completely ruins an otherwise relaxed, easy & one-handed use of the Twitter app! ▶ALSO: Pleeease stop ""refreshing"" my feed-totally out of the blue-by *unnecessarily* popping it to the top/refreshing it while I'm STILL reading stuff & wasnt done in that area yet! 🤷🏼 Thanks!",3,0,8.67.0-release.00,2020-10-26 10:10:51,,,8.67.0-release.00,com.twitter.android
6d84dbf4-25f1-438e-84d3-3b031019a36b,AirplaneStorage Hanger,https://play-lh.googleusercontent.com/a-/ALV-UjV8YeaPOy-WGGe8sU722a5o076wPk7E-ON_DqeSoovL8D5DG1_F,"I use this app all the time on an Android smartphone. Addicting. However, nowadays, I feel like half the time this app abruptly stops working when freshly opened. Posts/images/videos do not load, new notifications aren't displayed, and new DMs aren't loaded and shown. I try to mitigate this by Force Stopping in the app's settings and freshly opening the app, but almost all the time, this does not fix the issue. This app's functionality is shoddy on Android.",3,4,,2024-09-01 11:49:34,,,,com.twitter.android
d5e8784c-7ae1-4084-9027-fa19a5b1e355,Trinity ThatRand0mGirl From Wattpad,https://play-lh.googleusercontent.com/a-/ALV-UjXaizBbu3s0evaeCepXbH0lp5t-rqZP3rWb5S4b6LJLxfcE1Y1O,"Honestly I feel like there are things that could be fixed but otherwise, really good app!! Specifically DMs has problems, I feel like itd be better if they could recognize the difference between spammers and just two people who talk a lot. I've had issues where if my friends and I talk too much then the app thinks one is a spammer and will temporarily (a few hours) not allow our messages to go through",3,0,8.41.0-release.01,2020-04-29 23:54:06,,,8.41.0-release.01,com.twitter.android
aa00d99d-933b-44cc-8831-f4893e2c9fd5,A Google user,https://play-lh.googleusercontent.com/EGemoI2NTXmTsBVtJqk8jxF9rh8ApRWfsIMQSt2uE4OcpQqbFu7f7NbTK05lx80nuSijCz7sc3a277R67g,"The recent update is terrible. Prior to this, app ran smoothly and efficiently with no problems. Currently with this update, the feed does not update at all. When attempting to refresh, the refresh symbol pops up doesn't move. Nothing loads at all. There's no way to access the most recent tweets. I'm lucky if my Twitter will refresh once during the day.",3,19,7.69.0-release.9,2018-11-01 23:09:54,,,7.69.0-release.9,com.twitter.android
9917cee3-dc9f-4340-aae0-ac6d851f7120,Ivy Jensen,https://play-lh.googleusercontent.com/a-/ALV-UjVTVOuOU_sUG4edXnx1mvXRYRaF16w1ee3P7ZST8Jb-sSvwlAPAuw,"Quality of the app has gone down. If it ain't broke, don't fix it. Why does it take forever to load things? Sometimes I see 5 ads or more in a row now before I see a tweet. Broken dm notifications. What's changing on the backend? With years of app use before, I rarely ran into these types of problems. Settings layout is long and complicated now too. Hard to find certain settings.",3,951,10.54.2-release.0,2024-08-17 05:02:47,,,10.54.2-release.0,com.twitter.android
2c2558ea-e9f8-45cb-8bdd-99b99b0f418f,A Google user,https://play-lh.googleusercontent.com/EGemoI2NTXmTsBVtJqk8jxF9rh8ApRWfsIMQSt2uE4OcpQqbFu7f7NbTK05lx80nuSijCz7sc3a277R67g,The app itself works great but I have noticed that it misbehaves when not in use. It always sends me notifications when anyone posts and it drains my battery a lot. Seriously it literally just notifies u when someone tweets which is very annoying cuz apparently I'm not smart enough to read the tweets when I get on so it has to notify me everytime. I ended up disabling all notifications. I honestly expected it to perform better since it's been out for a really long time,3,0,8.22.0-release.00,2019-11-23 22:58:48,,,8.22.0-release.00,com.twitter.android
8be525a1-01c6-4bf1-ad52-f6ebf470928b,J Comstock (FatOlBroad),https://play-lh.googleusercontent.com/a-/ALV-UjXdaclb_q_hDU21qx609hPO6mvpcJxSJz8BjiG_BhKGruhHxIM,"Every time Twitter updates this app, there's a problem. Notifications get messed up, followers sometimes disappear. The last update now shuts the app down for no apparent reason. Out of the blue, the message ""Twitter has stopped working"" shows up and the app must be closed. Notifications are slow, and the home page takes forever to refresh. Latest update 070621... Videos no longer play. 😳😾",3,0,9.1.0-release.00,2021-07-10 21:22:10,,,9.1.0-release.00,com.twitter.android
4a2cf40e-6733-4276-bfd9-e8b90f1205a9,A Google user,https://play-lh.googleusercontent.com/EGemoI2NTXmTsBVtJqk8jxF9rh8ApRWfsIMQSt2uE4OcpQqbFu7f7NbTK05lx80nuSijCz7sc3a277R67g,"I love Twitter (other than the trolls and bots that seem to grow in number every day). My biggest complaint is that the bottom bar (home, explore, notifications, DM), disappear when looking at a tweet, seeing what's trending, when looking at a profile, etc. IT'S SUPER ANNOYING! I had to put it in caps because that's how annoying it is. I switched from an iPhone to a Google Pixel 2 and on the iPhone, the bottom bar stays no matter what you click on. PLEASE, PLEASE, PLEASE fix this. I'll be happy to give the app 5-stars once this issue is fixed.",3,18,7.68.1-release.7,2018-10-26 07:08:03,,,7.68.1-release.7,com.twitter.android
e05f5c39-c3b2-4cfa-89d8-b9d1f3b44214,NIDA MARYYUM,https://play-lh.googleusercontent.com/a-/ALV-UjVNi6DkUbHpw6hM8E1K7zTGSDS8txFLRkw92IfGhe5WVgUpA_c4,super easy to use,3,0,10.85.0-release.0,2025-04-06 11:42:59,,,10.85.0-release.0,com.twitter.android
7314bf77-4bf3-494a-b1cd-625ff0b1b3b0,Daniellla,https://play-lh.googleusercontent.com/a-/ALV-UjXGhVeSD2b8UO4lPpOEWcPn7CPXwYGkm8AXM50Cl4h8MpM2o3M,it's okay but it doesn't show you the content u want to see.,3,0,,2025-04-06 11:36:25,,,,com.twitter.android
76bba56e-36c7-4b73-8a0a-9c1e3498e1a7,Simon S,https://play-lh.googleusercontent.com/a-/ALV-UjV4mIm0za-HWpPEIJEjQgeniRO4d13ZUCJM0RG-1Beq53kOI4K9Tg,App is broken when using a code to log into fire tv or nvidia shield. Doesn't actually log you in,3,0,10.86.0-release.0,2025-04-06 08:33:23,,,10.86.0-release.0,com.twitter.android
4847d9e9-c2ef-4e6f-9668-d32a2a3b5df2,Finiwson Finiwa,https://play-lh.googleusercontent.com/a/ACg8ocLDFbsggjZ5sDraWWWvWMFikXRVoPSmHFClRx1ZU4kRQHNhpA=mo,nice,3,0,10.85.0-release.0,2025-04-06 07:39:16,,,10.85.0-release.0,com.twitter.android
9c484ceb-3957-4ae7-b9ad-d878654c1177,Domero Osokpor,https://play-lh.googleusercontent.com/a/ACg8ocLzelQKy4FkULFopIzmrbo0Jc02_Sbnx12cI4pSSYm3TQ79jg=mo,it's a great app... really loaded but it's not or security isn't excellent. you get suspended or shadow banned. really should be checked. causes a lot of emotional damage.,3,0,10.85.0-release.0,2025-04-06 06:50:32,,,10.85.0-release.0,com.twitter.android
b967844f-73da-4444-a6c0-2f5129a5d229,Swagx vibe bhoi,https://play-lh.googleusercontent.com/a/ACg8ocLJbZvwVxmcBJRA_D-cgvsx48b9BBHyaLx-osCWOK6oFqEKGg=mo,the app go well,3,0,,2025-04-06 03:55:08,,,,com.twitter.android
036f86f4-da28-4536-a18b-518e4caa7c99,Nabila Yesha Cahyadewi,https://play-lh.googleusercontent.com/a-/ALV-UjVvWNyief9xF28qKbiKfUT-cIsYvOeGoHUeuolxvjBto9xUG23ZsQ,so many bugs,3,0,10.87.1-release.0,2025-04-05 22:52:20,,,10.87.1-release.0,com.twitter.android
bfaa9d9f-417a-4d3b-afac-622c10f41840,Amy Meyer,https://play-lh.googleusercontent.com/a-/ALV-UjW_VexcI7VN24aqkBB_J1R-Ez-aPfLgJ7-3H-QI3zk_J5ajXoOc,"Works well, mostly. Areas for improvement: -advancing or backing up in videos. I mess it up. Please make easier somehow. -posts fail without telling me. I find them in drafts later. No explanation. -I accidentally heart a livestream while trying to adjust something. -I accidentally leave a livestream while trying to adjust something, look at comments, or something.",4,865,10.79.0-release.0,2025-02-09 00:12:55,,,10.79.0-release.0,com.twitter.android
5f4936ea-f0f3-44d1-b6ea-239a16387aa4,Eric McLeish,https://play-lh.googleusercontent.com/a-/ALV-UjV74LIei5G_9wPK4Fl5P8D9_zZAlmmftQiY5MkBs4RP5wfcBdNk,"All's well considering the site we're using, however: please, please, PLEASE, just STOP reloading my page the very moment the app launches. Way too often does this double launch get in the way of content I actually enjoy. I'd start the app, see some cool art or something actually interesting for a split second upon launch, only for it to be yeeted to oblivion wherever in the feed it ends up. Then I'm left either to search endlessly for it, or just give up, and lately it's been the later.",4,2,10.86.0-release.0,2025-04-03 04:40:55,,,10.86.0-release.0,com.twitter.android
6152e4c5-f132-432b-9bc3-091cbd8b633a,Chris Perks,https://play-lh.googleusercontent.com/a/ACg8ocKLRUAHAi2KNAYJEJG2fnS1nshMuO0aeIlO17cqf9TY-JIM=mo,"This is a review of X's AI Grok. It would be my favourite AI except for the fact that u can't save your history. The positives include unlimited questions without payment. You can ask for current X user sentiments on various issues. It's also got amazing recall for thoughts brought up at every point in a conversation and the ability to tie everything in. But once you exit the app the conversation is gone. I tend to copy and paste the answers for later use, but a history would be very beneficial",4,687,10.82.0-release.0,2025-03-09 09:18:12,,,10.82.0-release.0,com.twitter.android
c32e54c1-a62c-4e39-8beb-a0f92c79fe39,Tim Stammers,https://play-lh.googleusercontent.com/a-/ALV-UjXmzLEnLA_TKka1uUYgKW1GngtDedmQjZO9kmNAsAg2vBrqTkHpVA,"For the most part, I love Grok!!!! The only part so far that isn't working correctly for me is that if I go away from the Grok app to another app and come back, the screen is empty. And when I click on the history icon at the top, though it shows the summary titles of each thing I've asked, clicking on them will not bring them back like it will on my Android phone.",4,10,10.81.0-release.0,2025-02-27 21:57:32,,,10.81.0-release.0,com.twitter.android
4d58d235-2411-4430-89a2-8c213d860ee2,Matrix Editz,https://play-lh.googleusercontent.com/a-/ALV-UjWsd7mnIUfZ06bXUtKaG6BhuVuTkDGJfl-wB40Z2rJx8BbD5WTq,"I'm experiencing significant issues with Direct Message (DM) notifications on X. Sometimes I receive them promptly, but other times I miss messages entirely, even when the app is open and notifications are enabled. This is incredibly frustrating, especially when I'm engaged in conversations and expect to receive timely responses. This unreliable notification system hinders effective communication and makes it difficult to maintain conversations. I urge the X team to prioritize fixing this issue.",4,3630,10.72.2-release.0,2024-12-30 02:23:26,,,10.72.2-release.0,com.twitter.android
f28aeb53-ba8c-4d83-a53b-b91129a49cd3,Uroosa Arif,https://play-lh.googleusercontent.com/a-/ALV-UjWOPcYphidCyqFxukdvHgNg9pRgbYSKC5WYbmPN0qFVkJxhlygMxQ,"Please bring back the feature of not refreshing the timeline automatically and showing a small ""New Posts"" button/action on top which refreshes the timeline when clicked. Right now, I'm regretting that I updated the app because the timeline keeps getting refreshed every 10 seconds. Edit: It got fixed. But I think it's gonna happen every time I update the app or reinstall it.",4,1077,10.65.1-release.0,2024-12-24 12:39:08,,,10.65.1-release.0,com.twitter.android
c556379d-6006-4d7a-acff-fd51b4526c87,Lystic,https://play-lh.googleusercontent.com/a-/ALV-UjXxZRd59BIi0L9QkaTTG4nT3S66Ny4HfFtuqEJ6dBdHTivYfCs,"Works well for me. Grok is getting good, too. I love the features they add. One of the most free, and therefore most important online speech platforms. Would like a bit more editing leeway and there's some remnants of odd moderation. But if you're looking for news, opinions and want to see the full conversations there isn't a better platform at the moment.",4,405,10.68.2-release.0,2024-12-03 07:08:48,,,10.68.2-release.0,com.twitter.android
428c28db-3fca-4624-a504-61f82182caff,Brandon S,https://play-lh.googleusercontent.com/a-/ALV-UjVSYHQWbKANBDgMWAD2zCMu9FzcgFFI3kj3bCWxzYleUw4CPCRt,"Like the app and content. Content is not for the faint of heart. Not giving 5 stars because of the video player. It's horrible! Not user intuitive. Controls are not user friendly. Videos play fine, but mute, pause, time-seek... Feels like controls from olden days. 😋",4,68,10.64.2-release.0,2024-10-29 03:02:48,,,10.64.2-release.0,com.twitter.android
6c864137-8f07-4bd7-a4f7-d9a3c160e6a2,Andres Aristizabal,https://play-lh.googleusercontent.com/a-/ALV-UjWPrAznr25e-PJTdhXz1cMnqeRu_JlyDlnCJkZobLvnWeL9EjMU,"I've spent years training the algorithm to my personal preferences, so the app works well for me. I don't get even near the level of hate speech and misinformation that many claim to get on this app. That said, I think X could do a better job limiting the reach of misinformation and differentiating serious posts and accounts from sarcastic ones or parodies.",4,200,10.72.0-release.0,2024-12-22 00:39:05,,,10.72.0-release.0,com.twitter.android
ca75dc47-195a-4223-a845-e7ffacc81497,Vahalla Ratatosker,https://play-lh.googleusercontent.com/a-/ALV-UjUvDchP7Kr-vBQFqvzp8Kxl7npoE_c4mHsIa2a26IZyx62_bNg,"I really enjoy checking up on current events. But if you say you're not interested in an ad, it shouldn't appear again 5 mins later. I don't know how many times I've said I don't like an ad or not interested in an ad and the next time I've opened app I see the ad again. It gets quite annoying always telling an ad you're not interested yet it continues to show up.",4,87,10.62.1-release.0,2024-10-14 21:20:54,,,10.62.1-release.0,com.twitter.android
1520f294-8b26-4ed5-8a84-99b8bd41cc1f,A Google user,https://play-lh.googleusercontent.com/EGemoI2NTXmTsBVtJqk8jxF9rh8ApRWfsIMQSt2uE4OcpQqbFu7f7NbTK05lx80nuSijCz7sc3a277R67g,"So there was a issue with assigning personalized ringtone notification within the app. That problem consist of whenever you select the notification and back out, the ringtone isn't saved.  The way to properly configure the ringtone would be to select the ringtone and then back out of ""Push Notification"" to ""Notifications"". This saves all the configurations for your phone.",4,24,8.6.0-release.77,2019-08-26 17:47:34,,,8.6.0-release.77,com.twitter.android
6af26978-b401-4ef6-bdf2-cfa79b1686b1,Karen McCormick,https://play-lh.googleusercontent.com/a-/ALV-UjXER8MazePR_tmcawStsuaWKnlYI3Sml69RiUDd0TFpSRKh2ugV,"UPDATE: Fixed. Thank you. :) Whatever you've done to the video player in the latest update, please fix it! Videos are stuck on autoplay as I scroll through my feed and it's, at the very least, disruptive / chaotic. Then if I choose to actually watch a video, I've missed the beginning that was played in autoplay. I want to choose whether or not I play a video. There's no way to change or personalize this setting?",4,10,,2024-04-22 00:56:21,,,,com.twitter.android
50b69cd2-97ab-47ac-9e53-f9783141219c,RUSK1SPY,https://play-lh.googleusercontent.com/a-/ALV-UjVJigY57SRH3T4kfxuOlQhC4zzvV-zSA_lYrrer-RMrpC-c5aIx,"Twitter is a great place from my experience! Artists, blogs, and news alike all in one place. It's great! I'd give all five stars... if I could access it at the moment. Your latest patch, for Android, was supposed to fix the bug that crashed the app, and it didn't do a thing to help. It'll go in for barely a second before showing the same error as the other times ""Twitter has stopped"", so this is my report. If I can go back in, I'd happily add that 5th star.",4,4393,8.78.0-release.00,2021-01-27 13:15:07,,,8.78.0-release.00,com.twitter.android
9a5c858d-a4e1-44be-bbd7-70f8f09973ab,Wayne L Pendley,https://play-lh.googleusercontent.com/a-/ALV-UjWYbWF4Sv2dBDsOvtRX3hU0w2OsQhJ3O5R9awN4Am15ij9hlwPx3w,I've been using Twitter for years and I prefer it over the long rants on Facebook. But some of the controls and features are obscure and difficult to puzzle through. Example: I have 30+ years experience working with all kinds of software. Yet it took me *months* to figure out how to send Direct Messages on Twitter. Basic controls like that should be intuitive.,4,6503,9.38.0-release.0,2022-04-20 21:03:39,,,9.38.0-release.0,com.twitter.android
82ee5863-a4c2-4d35-9656-e9174ca0680b,A Google user,https://play-lh.googleusercontent.com/EGemoI2NTXmTsBVtJqk8jxF9rh8ApRWfsIMQSt2uE4OcpQqbFu7f7NbTK05lx80nuSijCz7sc3a277R67g,"I like the Twitter app, but I wish they'd focus on improving list support. Adding and removing people from lists is difficult to do in bulk, and viewing lists feels different from viewing the timeline. Since I've been transitioning from following everyone to trying to organize people in lists, this drawback has become more salient to me.",4,12,7.63.0-release.1059,2018-09-23 23:46:02,,,7.63.0-release.1059,com.twitter.android
d6603eee-7e46-4ece-a4ee-40bb59610442,Mohd Rizwaan,https://play-lh.googleusercontent.com/a/ACg8ocL_E98jC574E6GX7ZnxbMboRpJlFA04qnENrafvmrK8lnwl-9s=mo,good,4,0,10.87.0-release.0,2025-04-06 18:00:55,,,10.87.0-release.0,com.twitter.android
377a8d77-b9b7-426f-bc6c-7275bbfdd08a,Rajeev Singh,https://play-lh.googleusercontent.com/a-/ALV-UjXe6FtJ6t9KCSPeIB1O7PPIb28HCRlFf8BdPbk2dhbrioEuDkg,Very good platform for news sports entertainment new life style,4,0,,2025-04-06 17:43:54,,,,com.twitter.android
642212d3-4639-4127-8278-248302ac251d,Deepak Kumar,https://play-lh.googleusercontent.com/a-/ALV-UjU5rI8Xt0OfGaa-bax3dQsRpavCk-UoniSTDScqgRceb9mfRXo,Good Social Media,4,0,10.87.1-release.0,2025-04-06 17:00:12,,,10.87.1-release.0,com.twitter.android
6ce2fd37-7032-41d9-951f-d6d05124f2c0,Mayenin Donald,https://play-lh.googleusercontent.com/a/ACg8ocIFfpE8roqxZPdk3kgkPS8QUPlNGaxYuyvcJ6RYsTVujPPBdQ=mo,Fair enough,4,0,10.84.0-release.0,2025-04-06 16:54:25,,,10.84.0-release.0,com.twitter.android
4e4ab5a5-9769-41da-a72d-4aa52a6951fe,Snegugu Mabuza,https://play-lh.googleusercontent.com/a-/ALV-UjX2e86u6NY8oSrERwvQ9b-h7cKn0XC8k-rWQ8kfwcJ2kNQblOg,The glitches are becoming a problem but besides that it has been good,4,0,,2025-04-06 15:38:31,,,,com.twitter.android
da1ea72b-10f5-442c-8f95-17f0863ef0dc,G Bell,https://play-lh.googleusercontent.com/a-/ALV-UjVw9YRzh6wmL07xLw-AT4gZBCtY3iZV00_UwJhYm21unfSrc_p8,"I don't like how so many notifications come in at the same time. Can't keep up. Also, it often shows contract I'm not interested in",4,0,,2025-04-06 14:49:01,,,,com.twitter.android
5fe90b17-44e6-4652-a928-d44ce87fd40f,David Miller,https://play-lh.googleusercontent.com/a-/ALV-UjVACMF30_xu9AZuGEwFyuAw-L8uDtnZ9RX9-RV9PK3IshaqkyQ,best social media around. some mild bugs sometimes but it's ok much better than Facebook,4,0,10.86.0-release.0,2025-04-06 14:29:00,,,10.86.0-release.0,com.twitter.android
dc6e85bf-00a3-4e64-8bbf-9f48114c3ca3,Zoey Stone,https://play-lh.googleusercontent.com/a-/ALV-UjWJ7B_6M_ainGT-_-wscJb6Sb65vmGkQjd5x1oA1MBH9FPlHIrH,"Very grateful that unlike Twitter, X truly allows FREE SPEECH! X is saving the West! Thank you, EL❤️N! Also, I stopped using Google search. GROK is a gazillion times better for any search. Grok definitely passes the Touring test! Grok is helping me achieving my goals after three decades of chronic pathological procrastination. how? Grok is a great digital mirror & accountability digital partner! it's also functioning as my great digital private tudor ! truly life-changing 💕🙏💕",5,311,10.86.0-release.0,2025-04-04 17:26:25,,,10.86.0-release.0,com.twitter.android
b0aebb57-8157-454d-9b72-bf8d2b9d020c,John Wood,https://play-lh.googleusercontent.com/a/ACg8ocJNyEDE2UwMUfMs3xOFgFVUHK4aQglGURxleeRbcJEkUvdgRQ=mo,"Amazing App! I've been using the Twitter app for a while now, and I’m genuinely very happy with it! It's fast, easy to use, and keeps me connected to the latest news, trends, and conversations. The interface is clean and user-friendly, and I love how I can follow topics that matter to me. Whether it's entertainment, sports, or world events, Twitter keeps me informed and engaged. Highly recommended! ⭐⭐⭐⭐⭐",5,104,10.87.1-release.0,2025-04-05 11:22:25,,,10.87.1-release.0,com.twitter.android
fde0bab9-3d16-4921-b5c6-e5ff6e683f16,Dillon Hynes,https://play-lh.googleusercontent.com/a-/ALV-UjXf_3Ghkqfjn5zkTgxNNDeqyzuSbbuLBT9K_lLf4bAmdoqGbTKb,"I'd have to recommend the app. (edit) I receive notifications from users I don't follow less frequently, and it seems to be less intrusive. Maintaining 5 stars as all the stuff I'm interested in is on the platform. Unless X financially can't deliver its product anymore, it's highly unlikely I would leave.",5,4,10.87.0-release.0,2025-04-05 11:31:36,,,10.87.0-release.0,com.twitter.android
1eae1824-1a6c-4558-8bef-26960e63af43,Dilawar Hussain,https://play-lh.googleusercontent.com/a-/ALV-UjUzmpyJ86XemngzMitiMoe0W0VhP7LNkEIE3oVcga6uy4fi-VSs,"X is a fantastic platform for staying connected with the world. Whether it's breaking news, trending topics, or engaging conversations, X keeps you informed and entertained. The real-time updates and diverse range of voices make it a great space for discussions on virtually any topic. The interface is user-friendly, and the ability to customize your feed ensures that you see the content that matters most to yo",5,851,10.85.0-release.0,2025-03-29 09:16:55,,,10.85.0-release.0,com.twitter.android
3461e990-fb03-4327-8212-0abb461bb2ac,Joey Edwards,https://play-lh.googleusercontent.com/a/ACg8ocJoGahUy6QIYFSWQCR_rwrvDUlP_vUsAg9NmEdNpk9FuMn2=mo,"The Functionality of the app could not be better. My feed is super accurate in regards to what I follow. I love the ai robot gronk. It is extremely helpful when I choose to use it. It is an all encompassesing app: social media, videos and news or awesome posts. Love it!",5,0,10.87.0-release.0,2025-04-04 21:04:57,,,10.87.0-release.0,com.twitter.android
1df3bb73-e8a4-4e5e-bc68-dca32fe9216b,Eric Depasquale,https://play-lh.googleusercontent.com/a-/ALV-UjXYBenGCY3RgKAjPjfbjXvjV4-t4_7TbydNL5TFobQbXIGtb1A,"x is the most advanced app I've used so far! I was without internet also any technology for 2 years! So when I returned there was X, it's reasonably priced which I kinda scratched my head at first! but it's an awesome social media app anyone who is up to date, or any company or organization is using X I can't even go on to describe all the different perks. Thanks Elon Musk, for this amazing platform plus all the good you do in the technology field.",5,421,10.86.0-release.0,2025-03-30 12:18:17,,,10.86.0-release.0,com.twitter.android
a9d66810-3c38-40f0-bb35-40f1be915f6e,Michael,https://play-lh.googleusercontent.com/a/ACg8ocKEyifLcPWinjRoBbxscDCLAejc6lptQDM_cdL7mp-sKbFscw=mo,"super easy to use. It can do lots of different things. It looks clean and simple. A ton of people use it - like 330 million! It's awesome for getting news, seeing what's happening now, and even talking about politics.What's the good thing about paying for the app or buying stuff inside it?When you pay for the app or get things inside it, you: Don't see any ads anymore. Get to use even more cool stuff the app can do. It works better and doesn't crash as much. * It mak",5,226,10.86.0-release.0,2025-04-03 06:31:15,,,10.86.0-release.0,com.twitter.android
bd5918f3-4236-4f66-85b6-37b86eb7b052,Cultured Nousagi,https://play-lh.googleusercontent.com/a-/ALV-UjVlXm1NTD_hwI_3X9wEqbta_gQT4Flvo05KsUSaB5DO29gsdFvU,"x is great for news and entertainment and grok is a great tool for writing and roleplay and actually a great and entertaining writer. I've never had an easier time developing and writing descriptive prose and it's excellent at taking direction - I just wish the mature content filters could be loosened a little, and I wish grok could view and analyze images and video on websites in the future I have x premium currently but will be switching to supergrok monthly. deepsearch and deepthink are great",5,263,10.85.0-release.0,2025-03-27 22:26:49,,,10.85.0-release.0,com.twitter.android
b3b1db98-1981-4452-8049-a33ebcfac4ce,paul ross,https://play-lh.googleusercontent.com/a/ACg8ocI247H-Xga3fbhtZvCjuCZWd7RlRjMW-wYzG9QkfoDlLhbNrg=mo,"I am not really a networker, but I do find that the news and views very interesting. I am a people person but I prefer to engage in the old fashioned communication methods. I like face to face. I have a mobile but don't use it very much, video by tablet or my laptop is preferable. Talk mainly to family as they are distant away. I do not have a TV as Brit TV is rubbish. X gives me Elon, Trump, Alex Jones nightly and. you tube gives me Restored Republic and a little of Rumble. excellent",5,56,10.84.0-release.0,2025-03-16 04:38:45,,,10.84.0-release.0,com.twitter.android
4cbeb490-ba92-4126-9566-09a8a1f9bd6a,Obaseoyi J. Ofem,https://play-lh.googleusercontent.com/a-/ALV-UjV3BzeeeqUmAGJ26kDt1bwDQYBlSQadloeej1IFXosYFhpIrAZL,the irony of it is my experience with X dates way back... I have misplaced priorities on my part when it comes to data loss as a result of crashed devices and all that... it's amazing how all my data is intact and today I am still using X.. even when my fear was I have lost my handle for good. Thank you X.,5,0,10.86.0-release.0,2025-04-03 16:39:25,,,10.86.0-release.0,com.twitter.android
fd6a6438-bcd4-41d6-9187-7a67e0ee04d2,Jason Braun,https://play-lh.googleusercontent.com/a-/ALV-UjWWYCVp6XisAQRTrwtEiucgsmiVFynIcJPC10oj76mNL6ZkGow,"I originally had a bad review until X helped me get my account back. I was giving up hope on the progress I made and the memories destroyed by a hacker, but thanks to X, I recovered my account with their help and did NOT have to pay $170 to the hacker nor pay a penny to X for their efforts. the changed review was all my own without them asking. it's the least I can do and I owe much to X for their support only from my free will and goodness of my heart.",5,1,10.86.0-release.0,2025-04-03 09:17:46,,,10.86.0-release.0,com.twitter.android
1ee646cd-920e-45c0-89d4-ada283668c23,Svenja Johanning,https://play-lh.googleusercontent.com/a/ACg8ocKWVlIl7KW5HGNUQvUS7HbOfrm1d_MrZq3jpKl-qvW2Sr-Geg=mo,A great source of information! As an alternative viewpoint - in addition to the mainstream german media - X is invaluable. It's always helpful to view the original information and not just to hear the eddited version...I prefer to make up my own mind. j,5,5,10.86.0-release.0,2025-03-29 17:11:05,,,10.86.0-release.0,com.twitter.android
df18c6d7-95bd-43fe-8b5b-7ffb5d896889,John Hizon,https://play-lh.googleusercontent.com/a-/ALV-UjW0H-EWct_l_XU3nrvxavfN7-ChHjp4UDhuN_OLON0fTnaArCo,"Recent update causes the app to show playback error often when viewing videos. There is no option to turn off automatically show next video. Ads post also bug out causing it to show around 4 to 5 posts consecutively instead of showing every other times. Also, for some weird reason, X doesnt work while charging the phone, been like this for a long time already. Edit: issues I encountered has been resolved and the ads are tolerable and there is option to off to play next video.",5,873,10.84.0-release.0,2025-03-12 10:09:41,,,10.84.0-release.0,com.twitter.android
b019554b-56d5-4133-9062-837d43a46afc,Kemar McKenzie,https://play-lh.googleusercontent.com/a-/ALV-UjU_41hhlBAmMYwYM-fp4r7t8iJEnSVM0SPOA5U8UB5ZO27b_OJZ,"Aside from a few days ago, when the app crashed for no reason, and I couldn't see posts or post anything, it has been smooth. I am getting my news updates as usual and actually have been more informed through the app than through other conventional news media. I actually look for breaking news on X rather than from the cable news channels.",5,4,10.84.0-release.0,2025-03-18 18:34:17,,,10.84.0-release.0,com.twitter.android
471163b0-549e-4c88-bdb9-2285a27efb7b,mark tattam,https://play-lh.googleusercontent.com/a/ACg8ocJBJPfVldB5G8jkuIAEQ3wETGtu8AiRsSf4kdxzR8JhQbhSig=mo,turns out it wasn't Elon it was channel AI using a back door installed to the phone through x do not use channel AI login portal as it gives far too much authority over your account to channel AI and they maliciously use this to attack your system as well as your account on X through the creation of a second session masking itself as you by hijacking your login credentials and spoofing themselves as you making it literally impossible to get rid of them without changing your password & reinstall.,5,3,10.87.1-release.0,2025-04-05 22:23:06,,,10.87.1-release.0,com.twitter.android
b54c4c3a-ab91-413c-9357-0ed1a9b64167,Lada Putih,https://play-lh.googleusercontent.com/a-/ALV-UjWIwp7I3pBqA_tJ6_uqWthj7ggh3IHEzltK4O_UBD3GTHKQHF5l,"This app is one off great platform in media sosial. We can send messages directly or privately to our contacts or publicly. It is also used as a network to spread news, stories, political views, sports, entertainment and more. Easy to use.",5,0,10.87.1-release.0,2025-04-06 18:07:59,,,10.87.1-release.0,com.twitter.android
f28111cb-6fde-46f9-b810-b4f919a35a21,Prince,https://play-lh.googleusercontent.com/a-/ALV-UjUXG0KA8H6RfWXSjUvw-4MVbja7IJE_NUTwk4tO6FXkcuIpxzvE,awesome app,5,0,10.87.1-release.0,2025-04-06 18:01:36,,,10.87.1-release.0,com.twitter.android
0625e303-5ca1-49f9-bbe4-17b1414287af,Julie Woods,https://play-lh.googleusercontent.com/a/ACg8ocI8tMzqqNNV2hL4ml6TDJBh0VyQGJTF8DlzbR8B4qhPJP4QjA=mo,Grok is very helpful in determining pros and cons of various news items. Grok also helps resolve problems with various software applications.,5,0,10.87.1-release.0,2025-04-06 18:00:18,,,10.87.1-release.0,com.twitter.android
7a2031c3-f8cb-44a5-8124-269dba00fd6d,Marcelino Sanchez,https://play-lh.googleusercontent.com/a/ACg8ocLhABYbNUoIK7qJnVsa6hzxWV4E8dgpLZI0jdhNyh9hGHKMww=mo,Great! No censorship.,5,0,10.87.1-release.0,2025-04-06 17:46:20,,,10.87.1-release.0,com.twitter.android
8a0ab488-39fa-4f98-9534-f7e4904c8495,Shannon Peters,https://play-lh.googleusercontent.com/a-/ALV-UjXHMdAianUPgkeebVqIVNe-Y_Hfx6JyGWRQKzGiUuAixJV-XVod,"Free SPEECH, if you sit and was to watch people then you could about tell what they are about. Good thing we don't live there. We live in land of The Free where they don't do that. I'm happy to have a voice. Couldn't give free speech any less than 5 stars",5,0,10.86.0-release.0,2025-04-06 17:45:12,,,10.86.0-release.0,com.twitter.android
751dae2f-94d3-4310-a245-add1f2f724b4,Bhupendar Kushwaha,https://play-lh.googleusercontent.com/a-/ALV-UjV_anhQk7zzRqCoPxb_EMpEGGo6ipCECdLCiytnek5ZaBl3K6Q,very good 👍,5,0,10.87.1-release.0,2025-04-06 17:40:38,,,10.87.1-release.0,com.twitter.android
b8060d48-cc3b-4cac-a30f-dddd20bbe01f,Doodle Crabs,https://play-lh.googleusercontent.com/a-/ALV-UjUN2IoSPZu-l68K-dsEKY42Mi0AZPVtrklWCAHmKy-3eGXqZGs,I LOVE x!!! Twitter has been so outdated and we needed the change! thank you daddy elon 😘 all I did was scroll on twitter and now I can do that more with x! it has the best tools and features and I can get all my news from people who are also on the internet all day ❤️❤️ the best app ever,5,0,,2025-04-06 17:30:47,,,,com.twitter.android
7d20ad5c-ad74-4b74-bb72-525403463752,ZEM,https://play-lh.googleusercontent.com/a-/ALV-UjWYLQV42HF81YH6VVXSrVU8k-x9MFj_E5wvmM9Dk-gz7m45DFWM,"Please make an option to turn off quick add. Its just thousands of people who I don't know and I don't want to find out, it clutters the page, and is absolutely useless to the majority of people. At least have it only on a certain page rather than the main area where you messages and conversations are. Update; now it gives you notifications that random people have uploaded videos at six in the morning. Useless.",1,6998,13.25.0.31,2025-01-26 18:31:32,,,13.25.0.31,com.snapchat.android
e88ff135-91f5-4059-999c-1d4b720691a8,Valerie Smith,https://play-lh.googleusercontent.com/a/ACg8ocLaw6JNBluIHqvWQb9KoJPtwW5EoVf_XzU3qbgehZrkKCzS5Q=mo,I installed this app to keep up with a few people that live hours away. All was fine until recently when I started receiving notifications every five minutes. It's usually for people I don't follow and couldn't care less about seeing their content. And if I delete the notifications the same ones pop right back up in seconds. It's intrusive and annoying!!!,1,3373,13.28.0.43,2025-02-17 04:31:37,,,13.28.0.43,com.snapchat.android
0969ba7c-e41f-4771-85b9-8cf7ae735526,Jacob Rue,https://play-lh.googleusercontent.com/a/ACg8ocL7veWVWkqPQF-qJYm6GVJrD4OzTgvkxjA4jlhCY4vdv4dLOA=mo,"Awful app, full of softcore porn like every other social media app. Plays the music for filters when you don't have the filters selected. Just for taking your info and money. The only reason I haven't deleted it is because I have a few friends who I talk to just on here. Don't download, convince your friends to use discord or something. Also it's options are notifications every 3 minutes(literally) or no notifications, can't just switch it to notify you only when you get a message",1,1300,13.26.0.43,2025-02-05 05:32:25,,,13.26.0.43,com.snapchat.android
7cd9e067-76bb-4c3d-87de-0ca696f6b263,A J (thatguy95),https://play-lh.googleusercontent.com/a-/ALV-UjVaKH6XimHR90cAln9mFzzDZz2BbJlTtxY32f20ukYAgyj9LgI,"I like sending snaps to my friends, but this app tries to be a place for content, too, and it's terrible at that. Any content you want to watch is interrupted with an advertisement every 5 seconds, and the content itself is usually click-bait Adding songs to my snaps can be annoying because the app won't let me use certain parts of the song if the song is even on here. I also hate getting advertisements sent to me in my chat from different companies. I don't like that I can't get rid of MyAI",1,2970,13.26.0.43,2025-02-03 19:41:27,,,13.26.0.43,com.snapchat.android
c39ae592-57b6-4b51-9f98-b9d9f575e3fa,Dallen Anderson,https://play-lh.googleusercontent.com/a-/ALV-UjVW9SB3riUtv-xqukq0AHeBum269oPPAAapqGPdZc4uQl6VzBWt,"Over the course of the last year or so, snapchat has become more and more unfriendly to users who don't use their premium services. I don't mind having ads on extracurricular content that is distributed on snapchat, but ads on the app have become more and more invasive. Ads jump into spots where my most frequent chats are on the home screen. A garbage ""AI"" chatbot is forced to the top of my chat logs and there is no way to move it somewhere else, and I keep getting notifications I've turned off.",1,3344,13.27.0.42,2025-02-09 15:00:07,,,13.27.0.42,com.snapchat.android
ea33445e-38ae-499b-aacb-2ce85a398793,Lillie Tracy,https://play-lh.googleusercontent.com/a-/ALV-UjUJEoDNmIbdCQfEcZushPur0c62vxAh0SPC487rfrmyPnS5-_xU,"I use snap everyday, and it is incredibly slow when loading. Whenever I click on ""stories"", the ""My Favorites"" will load and none of my other stories will load. So I can post on them but not see the memories sorted. The ""1 year ago"" also does not load. I've restarted my phone and deleted the app and redownloaded. I don't have connection or loading issues with any other app. This is very frustrating. Edit: this is still happening on 2/27/25 and i'm just going to stop paying for snapchat premium.",1,1985,13.29.0.49,2025-02-28 05:51:12,,,13.29.0.49,com.snapchat.android
ee795462-bbec-4e65-b428-2389936f6ce4,Abbigail Taylor,https://play-lh.googleusercontent.com/a/ACg8ocKYm_uPLf8tXYkXvw5ypc_tUgPxZb9beS0sKc0IxhN_2lhxWg=mo,"Recently, I've been getting notifications for people's stories that I'm not following and have never heard of. This, and the inability to get rid of the snapchat team and AI conversations, is just invasive of my privacy and peace. I've been cutting back my usage of social media, but I WAS comfortable keeping snapchat because I was able to use it STRICTLY as a PRIVATE MESSAGING APP with a small list of my closest friends. Now, it's just trying to be like every other social media. I'm done!",1,1621,13.27.0.42,2025-02-08 21:37:01,,,13.27.0.42,com.snapchat.android
eb906fa4-4d22-4e1d-9cc5-5da5d6ab7520,Dr. Elizabeth Rose Starling,https://play-lh.googleusercontent.com/a-/ALV-UjWgNobPc77Xlx4j4vaxOvTv8Tq-ehRlOWyGf1SR8wHvpsPWlGEH,"I used Snapchat for many years, but I finally decided to delete it from my phone thanks to their invasive ads on other apps. These ads are designed with fake close buttons so that each time you try to close the ad, it opens up the Snapchat app on your phone. It's gotten to the point where I genuinely dread seeing the ad pop up, and I will no longer be using this app as a result.",1,1581,13.26.0.43,2025-02-05 12:25:02,,,13.26.0.43,com.snapchat.android
b9c59100-563d-40b4-8a03-5b6daff47c70,Kassidy,https://play-lh.googleusercontent.com/a/ACg8ocJT8xDUqhk9Bj7SK9ujDSFbQOh2FntQxvw1V7mipwdaIxEiDI53=mo,"A mess... Text disappears, filters glitch constantly and get stuck halfway when scrolling through them, filters will randomly add themselves right before I send, video sound is never synced, the bizarre hypersexual clickbait content they've flooded the app with is only getting worse, the A.I. cannot be deleted from the top of my list (unless I pay a fee of course!), video notifications are an absolute nightmare, and the app crashes constantly. And they won't stop BEGGING me to pay for Snapchat+.",1,3661,13.29.0.49,2025-02-23 14:25:26,,,13.29.0.49,com.snapchat.android
26e28aee-2ba2-48d8-8205-fcf95ff272c9,David Amos,https://play-lh.googleusercontent.com/a-/ALV-UjWbu6NQV_TxgebrlAo5epPD4hgGpBOn0-b2CXR_uIp-9K-kJI8c5w,"I understand Snap Inc. wants to spend all their money to add AI to the app (not that I'm a fan) but cramming ads in EVERY crevice of this app makes it suck. There used to really only be ads in the filters, spotlight, story area, and OCCASIONALLY in the chat feed. Now there's ads in the story area, spotlight, filters, AND in the chat feed EVERY TIME I OPEN THE APP. EVERY. SECTION. HAS. ADS. I only pay for premium to access features that are useful to me, not to get rid of pushy ads. Do better.",1,464,13.28.0.43,2025-02-19 23:01:44,,,13.28.0.43,com.snapchat.android
12713588-725c-4457-b0fb-ee6e9208bd64,Maria,https://play-lh.googleusercontent.com/a-/ALV-UjV2vstw5pr6lM5SqLQGUZtd0hjHPqriCa_PSTrJcPVbGGEnusv4,"I've been having an issue where the text size gets much much smaller in videos once I post them on my story, & I finally figured out why/when that happens. It happens whenever I zoom in/out my text while still typing (having the keyboard open) so I can change the amount of words per line. Once I post after doing so, the text all becomes one line and really really small (too small to even read). Essentially, the zoom feature to change amount of words per line does not work. Please fix this issue!",1,1969,13.17.0.42,2024-11-29 02:47:39,,,13.17.0.42,com.snapchat.android
7888ff54-dd38-4909-b8ef-1d48fa906e51,Anthony Lawson,https://play-lh.googleusercontent.com/a-/ALV-UjWVdcJgaUm7NswZeZ6Sq9qyRkNGKbikrUdXTCUykf7AtqwQzJVo,"I hate how many ads there is, it's annoying and I'm going to uninstall if it stays this bad. I can't watch one video without being hit with an Ad every 10 seconds, it was fine when it was on the story tiles but now they're in spotlight too and it's every 10 seconds. I can't even make it through a full size snap without an Ad being forced down my throat. Until this is fixed I won't be using aspects of your app and I will be using an Ad blocker.",1,1107,13.14.0.45,2024-11-09 00:27:37,,,13.14.0.45,com.snapchat.android
b1a2c0a9-2db8-47ac-a264-4b5b8f89529c,Jake Zollin,https://play-lh.googleusercontent.com/a-/ALV-UjUE-92TxXMVXesIU6P-nW70GZXjtpgYrpD3dnlPXTRvgx8j0MPt,"This app peaked around 2016-2018. Today it is a shell of what it used to be. The voice call quality is awful no matter how new or old your device is. The app can't send a video in full unless I sit there and watch it send. I have the app set to still run in the background, so it's not a setting on my phone I need to change. It's just that incompetent. The ads on here are awful too. All of the content this app offers is total slop. Specifically the Discovery page. Overexaggerated click bait slop!",1,3031,13.21.0.43,2024-12-31 23:32:31,,,13.21.0.43,com.snapchat.android
9a4c6485-eb29-43e2-a24c-9384041a67ea,Rima Phauna,https://play-lh.googleusercontent.com/a-/ALV-UjXjPumL0t8YJEy1P_vU-O53jmNdSbYWcX7ZaKKJ5hmKHZfRqZ5Tew,"I'm giving one star because the stupid AI chat won't go away. I've never interacted with it, never used it and it still sits at the top of my friends list. I can't remove it, can't block it. I'm constantly clicking on it instead of the people I actually want to talk to, the the whole thing freezes (because I never use it and it wants me to go through the starting options) and I have to back out and start over. It's honestly frustrating enough I stopped using the app. 👎👎👎",1,1713,13.22.0.61,2025-01-10 13:28:01,,,13.22.0.61,com.snapchat.android
b9e49327-821b-4b52-bfb4-58f6e2467548,Tom Burton,https://play-lh.googleusercontent.com/a-/ALV-UjVv6Ec-aMSqHEXH7Jz32Gg_SOcOJiu8jeBsskMWjA_3czuIH9U,"Becoming ridden with ads, ai, and people I have no interest in seeing. App has started forcing stories from people I don't know into the mix with friends stories. I keep getting notifications about people I've never heard of posting. In addition regular when I try to put text on a snap it puts it below where my screen can show, and there's no way to fix it aside from taking a whole new picture and trying with different text. Awful, awful, user experience lately.",1,1812,13.21.0.43,2024-12-31 02:58:27,,,13.21.0.43,com.snapchat.android
e8330922-fe97-41a0-b61d-bb70987903a2,ATGplayer,https://play-lh.googleusercontent.com/a-/ALV-UjUYPQhEZ1BHB5pO9gPtdoarxLzVvX1XYaWW7XM9JqdQQ7lu-G4eoQ,Changing the UI again just so people will accidentally open snapchat spotlight based on their previous muscle memory. Do you have any idea how scummy that kind of design is?,1,167,13.35.0.46,2025-04-05 23:34:40,,,13.35.0.46,com.snapchat.android
621900a9-42fd-4f55-a4cc-bf10131ed426,Kim “Alley Katt” Allison,https://play-lh.googleusercontent.com/a-/ALV-UjWiTMjbts8bRBlQofrA9TED50aidn4WpErQn0g0xwleasw-VAhUIg,Help help help help thank you for never helping or responding NEVER,1,14,500003.0.1,2025-04-01 03:40:59,,,500003.0.1,com.snapchat.android
5dc0b7b9-1014-4dab-8c9b-35ba8c6b347a,Chad Biller,https://play-lh.googleusercontent.com/a/ACg8ocJtv509P-9zE5AddfjsZXMcD8XS8B2RG2LD-1YUwrFiGu3jtp8=mo,"forced ads in my messages🤮👎 really annoying, really un cool of you meta.",1,16,13.34.0.52,2025-03-31 22:58:27,,,13.34.0.52,com.snapchat.android
ca5330ac-614e-4b32-b0c2-bd2ec6d94c0f,Gregor Steiner,https://play-lh.googleusercontent.com/a-/ALV-UjWrHngWyyio2h_bYY6wj9SvSigUBYBS-UltsBhAEn1M0hMSL9vl,App doesn't give you any health benefits. It dumbs up your life big time.,1,8,13.34.0.52,2025-03-31 20:48:46,,,13.34.0.52,com.snapchat.android
b770d32d-399e-4872-a1a3-1878a64aaad8,Abbas Raza Jhang 555,https://play-lh.googleusercontent.com/a/ACg8ocIMOnb2123uwXoaT6QjF-TOYY-YFIrNTY6qAmSa8zHNYyps0w=mo,chal be ni ra,1,0,13.33.0.47,2025-03-29 16:12:55,,,13.33.0.47,com.snapchat.android
a05fa047-95a8-49a8-a113-33444d889e3c,Vikas Kumar,https://play-lh.googleusercontent.com/a/ACg8ocLGnmMF-6lyHRY5KSzjbhVMXayAhOuBNcUq9TzBio2zzI9yag=mo,ghtiya aap h,1,9,,2025-03-29 13:25:56,,,,com.snapchat.android
c39f37b8-a7b0-423f-bee7-9c42ba257490,miriam vuong,https://play-lh.googleusercontent.com/a/ACg8ocJYzW9btM9pnMwo5jx7SVknzWO93q6KJkoCWSJ8pwG5NDkvUA=mo,"if we have to deal with ads on the chat page, move the ai to a different place as well this messaging app sucks now",1,56,13.33.0.47,2025-03-28 01:09:31,,,13.33.0.47,com.snapchat.android
b5d0fa43-435e-4db5-88f4-814399f1843e,Lunchbox :v,https://play-lh.googleusercontent.com/a-/ALV-UjUSa1_3SQo7wDkoRjChMqKUWj0pupDOtxbIsIUWzaSo44poRSvXFw,"The multi snap feature is almost useless. You can't even save the entire thing as one clip, it's individually. It would be so much better to be able to save it as a full clip. I saved mines and only 15secs were saved. Then I can't even edit them before posting, making the whole process confusing and stressful. I even have auto save to memory on, and my multi snaps don't save too, making easy to lose everything 🫤 . Instagram allows you to recover deleted things, that would be great on snap.",2,1201,13.24.1.0,2025-02-21 05:51:09,,,13.24.1.0,com.snapchat.android
78c1ec8d-0b5d-4380-8828-44755bbb0d10,Darin Bowman,https://play-lh.googleusercontent.com/a-/ALV-UjUBCwvFNVh6T2wfav9X5F6_wkvwdGe4aj7nGSZ3mlD9ylsS_5dltw,"Snapchat has the absolute worst in-game ads. It makes me want to uninstall the app. It's only good for making personal funny videos anyway and nothing else really. When you're playing a game and a Snapchat ad comes on, it makes you want to throw your phone through a window. They are so annoying, they are longest and most tedious ads out of any other in-game ad. The ads always have fake buttons too to make you think you're closing the ad when it's really just tricking you into opening the app.",2,1808,13.24.1.0,2025-01-19 07:56:33,,,13.24.1.0,com.snapchat.android
823ad397-2e7d-44c1-b975-f444ac3b29f3,Henry Drewett,https://play-lh.googleusercontent.com/a-/ALV-UjXqo_PLsLTQcSf2Z3FLq4OMauCBWEcrK5zxAVxz2nP8EzeK2kO1-A,"Annoying. I don't need snap to constantly suggest other people, ""friends"". I'll add my friends at my discretion. Also, the inability to remove ""snap team"" and their AI bot as a contact is highly invasive. Lastly, once I close the app. It's very annoying to see the same videos again when I reopen it.",2,1082,13.26.0.43,2025-02-02 06:49:08,,,13.26.0.43,com.snapchat.android
64a2a331-ccbf-4a44-8899-6b68f30a64e2,radhaisis tejeda,https://play-lh.googleusercontent.com/a-/ALV-UjWHMyF4lRnPr9fQVve_QBZFLiBzEaJDJ_o-j7BzLVpMrt3WJd29,"1. Why did you remove the black outlines for the text?? It makes it so much harder to read even with stronger colors like black, blue, or red. I still don't like the stupid 5 second ads. The old version of them was fine. 2. I can't add text to a video I recorded on the app. Why is that happening all of the sudden after the update?? Hmmmmm",2,3420,13.22.0.61,2025-01-10 03:48:27,,,13.22.0.61,com.snapchat.android
099983e9-9f01-4672-9cb4-e21795f093e0,Sara Pinkston,https://play-lh.googleusercontent.com/a/ACg8ocJ46Q0u0TYOvEb41QTzRG38T-i9WDZgI9aiYaqNigqt-8Eq2Q=mo,"I'd give more stars, but I don't appreciate getting the same notification over and over again. Even after fixing them to how I want them to be, I'll get the same notification about stories about 10 times. I can delete the notification, and as soon as I swipe, the same one pops back up within seconds. Ridiculous. The add music option doesn't allow me to hear the music either. I can't hear any sound while editing the photo or clip I'm trying upload to stories until after it's posted.",2,3034,13.21.0.43,2025-01-01 07:40:56,,,13.21.0.43,com.snapchat.android
47e5eb69-882e-4449-b107-b1db148984f5,ᴀʜᴏʏɪᴛsᴛᴇᴅ,https://play-lh.googleusercontent.com/a-/ALV-UjVOe-AjUOUiY_Fo7vAXpIotLvE-FqntP_mwFlb_mH7IQCOSR0kh,"Delayed notifications (sometimes by hours), chats not opening when clicked, and chat screens showing up blank refusing to load messages. These are just a few problems among many with Snapchat lately. This app has steadily gone down hill as it seems to come out with new bugs more than new features. If someone sends me a snap sometimes it will buffer indefinitely until I close out and open the chats (80% of the time I'll click on the chats they won't open and if they do the screen is blank). 2/10.",2,2671,13.21.0.44 Beta,2024-12-26 19:38:39,,,13.21.0.44 Beta,com.snapchat.android
1f30df68-a24f-4645-990c-7f418a357ac1,E,https://play-lh.googleusercontent.com/a-/ALV-UjUQRx7EfXvgn3dRVW4MSMwpSuFXXrnBr_YtQ6RtFrtxBv1n-0IUjQ,"Steady decline I just updated to the latest version hoping it would correct the ads playing over snaps but it doesnt, even when the app is in the background the audio continues. As far as privacy, why are you showing me random photos from my phones camera roll. This feature should only be limited to snap memories. The number of ads that play between the reels is insane. I would much rather just see a 30 sec add then get to see the reel that to continuously break it up into random blocks.",2,2383,13.21.0.43,2024-12-19 04:25:00,,,13.21.0.43,com.snapchat.android
a16955fa-488e-41c4-b73b-9c750f5a46cd,peyton,https://play-lh.googleusercontent.com/a/ACg8ocKGjvOXjT_62D5yn3qClo9zwAJciGB_CV9Co-8QsxxwDOFe64nD=mo,"used to work decently, now it freezes and fails to load or send anything constantly even with consistent internet connection. worst parts include search for gifs, bitmoji, etc. feature and anything to do with videos. if i let a video loop more than 5 times (like while im editing or adding text or anything) it just freezes and won't even save for me to try to send it later. its horrendous and makes the app nearly impossible to use. 6 years later update: now doing the same things again 😭😭 fix it",2,73,13.31.1.0,2025-03-13 02:56:15,,,13.31.1.0,com.snapchat.android
0b60121f-1a34-4fd1-9534-13375c0e5716,Boones Ferry,https://play-lh.googleusercontent.com/a-/ALV-UjXmQ3ujqdqcIHh5q_rt-VreyBeuFB4LMne7djcKbm3JLC2_ukc,"I don't like that I'm not able to rotate my tablet when using Snapchat. I'm not talking about going from portrait to landscape, I'm talking 180° turn, so it is still portrait. It's next to impossible to charge my tablet while holding it and using SnapChat. Please, it seems so simple, add rotating or flipping the screen an option. . There are a few navigational issues that imo could be more intuitive. It means spending more time learning how to use the app instead of just using it.",2,119,13.31.1.0,2025-03-11 11:41:59,,,13.31.1.0,com.snapchat.android
82692e60-ccd1-48fd-a4d2-d12e809e71d2,Joe Curry,https://play-lh.googleusercontent.com/a-/ALV-UjUl0pYfXSotnnkh7wjpMsm0FQHkcTFaXVjQRZDUKsLykKMqPjWUxg,"In terms of the basic functionality, it does what it needs to do. The extras are the bits that don't work or annoy me. Recently started getting notifications about people posting to their story, sometimes the same one multiple times as well, despite the fact that the notifications for stories are off. New format is horrendous. Barely interact with stories since they moved.",2,5642,13.24.1.0,2025-01-23 23:55:04,,,13.24.1.0,com.snapchat.android
90efd6a2-7390-4ae6-8dbb-c72f938f4963,Top M. Hatter,https://play-lh.googleusercontent.com/a-/ALV-UjUfeY1BReTLi3iEOSfOiXdWY_sJw6-oCagPoQRGdmkz270hxmI3,"Editing means the ability to make corrections to a subject material. That is not what they allow. Once you make a snap, you can only remix and overlay. Otherwise, you have to start all over. This includes having to get a clean copy of the original image. How is Snapchat the only one using ""Edit"" wrong. The ridiculous pressure to pay for streaks and such is very off-putting. These push notifications for feeds I am not following is interfering with the ones I am, including friends.",2,5899,13.28.0.43,2025-02-21 02:55:00,,,13.28.0.43,com.snapchat.android
01cb06fb-2a6f-4300-a51c-458c50c1b07c,coca blue,https://play-lh.googleusercontent.com/a-/ALV-UjXWLEDpHDqmYtxsgHdDfApI9Vafuv298MxeXs3oQhmpyYynAAk,"As someone else has stated. Ive been using snap since 2015 and love the app. But the past few days whenever I call someone and leave the app, my microphone will be ""off"" meaning I have to keep snapchat open or have it as a side window which is super annoying! I can't even lock my phone while talking on the phone. I thought it was my phone permission settings, but nothing was ever touched. Please revert this back to how it was so I can be on call AND be able to leave the app without being muted.",2,353,13.25.0.31,2025-01-28 18:59:35,,,13.25.0.31,com.snapchat.android
46425d4c-7e72-468e-ad0f-33be894054b0,Kylie Sanders,https://play-lh.googleusercontent.com/a-/ALV-UjUjOWcKtTzi23CiybYBe6gA2sjTX56nBYAvi9NPrEyxLQ3IujeB,"I've had snapchat for so many years now, & overall, it's been a decent app & hasn't really had many bugs. Recently as of 1/26/25, I'm not sure if it was an update or a bug going on, but before when you were on call with someone in the app, your microphone would be able to run in the background while in other apps. As of the last 2 days, i haven't been able to do that & have to have the actual facetime screen OPEN somewhere just to be able to talk. I've seen other people complain already, fix pls",2,127,13.25.0.31,2025-01-27 03:27:05,,,13.25.0.31,com.snapchat.android
9edbd7b9-bd71-4e06-85d8-1881cc5b3449,Kayzleanne 537 (kayz537),https://play-lh.googleusercontent.com/a-/ALV-UjWOi0kvVSziWYKakFEwXDelVRfnV_N3iMhDjEJ3mXFPocmqqyQ,"Once loved, fading away quickly. In the last few years, I used Snapchat all the time. My husband and I would send memorable things of our children and ourselves to each other and save them in chat so we have them for later. Lately, he has been able to save videos in chat, but I haven't. I'm ready to get rid of the app because this feature keeps changing. Please fix it so I can save videos in chat again.",2,56,13.30.1.0,2025-03-05 06:18:52,,,13.30.1.0,com.snapchat.android
ab32f86f-82b6-4e58-a798-b1066d03a806,Catherine Fitzpatrick,https://play-lh.googleusercontent.com/a-/ALV-UjUYxVquz5nxmwQKBcgbz_uqQD2c7frrYP6vZKR8y2KbqLcmSP8,"Used to be a great app. However, almost all features are useless and just crowd the app. So many issues, like long-time friends popping up in ""just added"", chats refusing to load, constant story notifications when I have them turned off, the same ""random day"" flashbacks over and over again, the general uselessness of flashbacks (one daily would be fine), story suggestions from people I don't know or care about... the list is never ending. And you keep adding more, it's ridiculous.",2,2680,13.24.1.0,2025-01-21 14:25:37,,,13.24.1.0,com.snapchat.android
70a63f54-89c4-4b7a-8796-5dad516908ec,Hamza Khan,https://play-lh.googleusercontent.com/a/ACg8ocKY-yUjTioeI510V1X8mB3YUFZ397q9XA-sO76-aIHYEDCmUQ=mo,🤌🎀 sehla do man ko÷ kyun ye rotta rhyy? dehly gi phirr ye raat jo hota rhy^ per ye mannnn mayos ha bhut its a song i love this app song for app🎀,2,7,13.35.0.46,2025-04-04 14:39:43,,,13.35.0.46,com.snapchat.android
3794a595-0921-44df-8a02-ddda9a8d8397,Varun Bhanushali,https://play-lh.googleusercontent.com/a/ACg8ocLokmy2K96IoKZuICx3cvCCNtjONuCVfhzMb0AKdNdjz4O2UQ=mo,My snapchat account doesn't show ultra wide camera feature. Please solve this issue as soon as possible. Please fast solve bug.,2,18,13.34.0.52,2025-04-03 12:16:00,,,13.34.0.52,com.snapchat.android
53c1081a-84e0-4296-b3bf-3e3b73b78748,Arnav,https://play-lh.googleusercontent.com/a/ACg8ocJf_7WorH7WTWupbFRFCeD26jwGZ27RdjSiBMuTYvVSx5aXng=mo,not good,2,12,13.34.0.52,2025-03-31 00:01:37,,,13.34.0.52,com.snapchat.android
251ddbc2-e451-461b-9163-8f75b8158a85,Arsalan Ayub,https://play-lh.googleusercontent.com/a/ACg8ocJHZJ8dwlu3qkJMnwvN311HWDDsvrHUnmbmAYGSgc4Tz0de4w=mo,"The most unique app of all time, having great and beautiful filter and amazing chats with friends 😊",2,12,,2025-03-25 00:28:35,,,,com.snapchat.android
7850560d-079e-40e8-9ba5-41de1a815b9e,Medora,https://play-lh.googleusercontent.com/a-/ALV-UjUjvObuC8a3ZZ0bNscaYGvB0jLxweBY7XXw7hyQT3Njejzhhf7rPw,Lost all of his personality with the update. I keep hitting the video button even though I mean to hit the friend button on the bottom to see my friend's stories. Looks more like Facebook now.,2,29,13.32.0.43,2025-03-13 21:20:13,,,13.32.0.43,com.snapchat.android
be659a3f-bc1f-4c1c-8a52-825e0d05fdbb,Rashid Hussain,https://play-lh.googleusercontent.com/a-/ALV-UjWN05Z_7Gbjd_shLzZfI0B0d7xWAxJXV5bC-0HQI9MswAvIOI1N,Ok ok hn,2,4,13.31.1.0,2025-03-13 21:07:56,,,13.31.1.0,com.snapchat.android
1676cef5-cc1f-4f65-b314-7c78ffe2c8d5,Diego Ramirez,https://play-lh.googleusercontent.com/a/ACg8ocJujANeoMQ6xda8pvdec4og-nflS5FQXCWZRE6S_nbgd9P98Q=mo,it's good but I think there is too much notifications. should add a option to see what notifications to get only notifications you want. Snapchat also is a snitch,2,5,13.32.0.43,2025-03-13 19:39:29,,,13.32.0.43,com.snapchat.android
412ed436-9a8d-496e-a256-2610e7b2f01a,JB XP,https://play-lh.googleusercontent.com/a-/ALV-UjUUdClMhmcp-enZOPGfLJu0Rd5XkcFnmphbbWJ7AIN98wV4x6KB,"The ads have increased SUBSTANTIALLY. Which is fine, they have to make money too. However, they are quite intrusive ads now. Also, the discover tab has moved finally, but it's still just blatantly in the way and you see some borderline inappropriate stuff pop up. Finally my biggest annoyance lately is the auto opening to front facing camera. It's quite annoying having to constantly flip it back to rear facing",3,6058,13.31.1.0,2025-03-12 06:40:13,,,13.31.1.0,com.snapchat.android
39fc5e6e-e06e-42f5-9eec-67137e0702b3,Aubrey Ross,https://play-lh.googleusercontent.com/a-/ALV-UjV96bUH9wFm4RT6zutwT0zO38L4UFWs1JrTJC_7PyXkVJPDrtbc,"I have found this app to be quite impressive, particularly for texting purposes. However, I have encountered some issues with the calling feature. Specifically, the absence of a speakerphone option unless a video call is initiated is somewhat inconvenient. Furthermore, the audio on voice calls is often too quiet. On a more positive note, I enjoy the filters, which I find to be amusing and endearing. To enhance my experience, I would greatly appreciate it if a speakerphone option should be added.",3,11198,13.24.1.0,2025-01-19 13:00:08,,,13.24.1.0,com.snapchat.android
a8d11429-1788-43b8-a651-c58ebb881782,Perri Pierce,https://play-lh.googleusercontent.com/a/ACg8ocKiQ74L7LU58WDYQgLvqkwGWNMRL0pj5BOKA8ypm67Z9S3vdA=mo,My only complaint is that the songs I want to add to Snaps are NEVER available. Should be adding the artist's whole catalog instead of bits and pieces. Edit: Bring back the option to where we can block Team Snapchat. I don't care what they have to say at all. Edit 2: It would also help if we can choose which parts of the song we want to use instead of it being limited to a 15-30 second audio clip. Also ads need to stop popping up in the message section. Shouldn't have to pay for that option.,3,7574,13.29.0.49,2025-02-27 08:29:20,,,13.29.0.49,com.snapchat.android
30801325-e59c-4c32-9fb7-2639182d9a4a,Sierra Walker,https://play-lh.googleusercontent.com/a-/ALV-UjXQrtpaE1D4URrOBbQIDdVYgac0oeU8D8_-evHtZlhXApJDEbzAmg,"Uses to be a really great app, but now there are just ads everywhere. In my chat feed, in between my friends' stories, and every little thing in app seems to slowly be becoming a premium feature. Also messages bug constantly and show they haven't been opened or videos show as having been opened when they haven't. Also it's super hit or miss whether I get notified to new snaps or messages, sometimes they just appear and I never get a notification until I check the app later.",3,238,,2024-12-03 15:46:35,,,,com.snapchat.android
b5fd375f-9046-4b1a-b9f7-0a609c71168d,Michael White,https://play-lh.googleusercontent.com/a-/ALV-UjXCZzbtOLt91rOH1BNp4cEg2FyqTU4b2mI52rBKeWjAmuV6Zpwh,"Would love for there to be an update for the audio message function that would be a very simple change. Would be great if you could lock the record button so you didn't have to constantly hold it down. You can record a massage for 10 minutes max. Thumbs get tired just holding for that long, it'd be convenient to just lock it in place so you don't have to hold it. Also, instead of just automatically sending the audio, it should let you review and confirm it before sending it.",3,105,13.26.0.43,2025-02-02 06:06:01,,,13.26.0.43,com.snapchat.android
a2a776aa-ada2-4405-98a0-722cbe430143,Kim A,https://play-lh.googleusercontent.com/a-/ALV-UjUUYP_RNWASH8piHeyR-rtOqGsQ816KxHp43xwAPopF8QiK5F0,"I like Snapchat enough and use it with a lot of friends, but I repeatedly have this weird audio issue off and on that I have no idea why or how it happens. I'll be trying to record a video with audio and the audio ends up not working what so ever. Even if I restart the app, restart my phone, and un install and re install the app. None of those things seem to fix it. Last time this happened it was stuck this way for a few months. Fixed itself. Now it's busted again.",3,241,13.25.0.31,2025-01-27 22:01:00,,,13.25.0.31,com.snapchat.android
a8213e0b-0eba-4a20-98d3-d0164793db92,〔Blaze〕,https://play-lh.googleusercontent.com/a-/ALV-UjUzI7e9RbmXKeU-pV_6bSYBqcqjkflFF6GyCfSAeolf9b4AFp1S,"Some of the changes made to the interface took time to get used to but I no longer have 5 buttons at the bottom of my screen. It's only chats, camera, and shorts. All stories appear at the top of my chats and my map is in the bottom middle of my screen. I can't access hidden suggested stories and when I add someone, if I've hidden their before I added them, I can't view their story unless I go into the friendship page. No one else's snap seems to be this way and I do not appreciate it.",3,75,13.30.0.50,2025-02-28 07:51:22,,,13.30.0.50,com.snapchat.android
12309b6b-e0db-481d-98ef-3f882574a0b9,Christina DeRousse,https://play-lh.googleusercontent.com/a-/ALV-UjW-bznKPcHuX5ZvrlmY8xARVrJrUIono8-QMkGoGG_f3O8fK10j,"Snap is fun. But there's a few things that make it annoying and not fun. The repetitive notifications - If I clear a notification, it means I've seen it. No need to continuously send the same notifications. Sending snaps- page bounces around when selecting story and recipients. Why does my camera keep turning to face me every time I open the app. Leave it how I put it. Sheesh. So annoying",3,467,13.28.0.43,2025-02-14 20:46:43,,,13.28.0.43,com.snapchat.android
d9d86314-fbf3-424c-8698-e4059cc07ef0,Kaylee Ferguson,https://play-lh.googleusercontent.com/a-/ALV-UjXS2xekLekNBh_ftmqUvrNj9MNzEZ-04pKKgmc_6b_xfP64bpyU,"I've Snapchat for a while now, and it's usually worked fine, but for some reason for the past month or so now it won't access my camera roll. It's just a black screen. I know my permissions are set right, I've checked for updates, restarted the app and restarted my phone, and so far nothing has changed. It can access my memories thing for some reason, but not my camera. Hopefully whatever is causing this bug gets fixed soon.",3,635,13.24.1.0,2025-01-18 08:59:54,,,13.24.1.0,com.snapchat.android
498d62cb-c30d-4be1-bd9e-8808069c59b9,Joseph Crumbliss,https://play-lh.googleusercontent.com/a-/ALV-UjWOiG9l_w627IrpO39h8qeF7zFscvvn67_hE7oFSyssp4CLwW8,Alright until the new update. Things are harder to see stories from friends who have posted them all I see is random quickadd stories most the time and it difficult to decipher who's is who's without checking all of them. Before it was easy cause they had a wide view box but now it's so impractical. It was simple enough how it was why change something that's worked forever,3,56,13.28.0.43,2025-02-16 01:29:17,,,13.28.0.43,com.snapchat.android
fd30a5b2-d2ea-435b-b316-8abf77ffe104,Izzabella Barber,https://play-lh.googleusercontent.com/a-/ALV-UjV172tRHoKCoIzaO5GkKVbDyZJTCBpGYRAO-ysZ4vL8rfT1_SNb,"I had snapchat downloaded and had to delete it for a tiny bit, I've been trying to reinstall it for 3 days now. I'm not sure if this is an issue with Google play or snapchat itself, I've gone through all of the troubleshooting shooting options, made sure there was space, made sure everything was up to date as well. Nothing has worked. Any help would be appreciated. Overall, it's an awesome app, though.",3,55,13.27.0.42,2025-02-14 07:35:07,,,13.27.0.42,com.snapchat.android
e4282b9d-7def-4bc5-8f80-0962db1929a7,jonathan dorzilme,https://play-lh.googleusercontent.com/a-/ALV-UjXLGVHUCPCRzrKgJiZlHuPHW1eAQyrxUGliBatUdNh5powkJp8,"Using Snapchat has been a blast, but I have encountered a problem. I can no longer take photos with one person, and I'm curious why that is. I have been using snap since the 2024 spring break, saving a lot of photos. I'm puzzled as to why I can't save her pictures, but I can save others '. I have reported this in the apps, but nothing has happened in the section. I'm wondering if it's just my phone or my account. By the way, she can save my photo. I trust in your expertise to fix this.",3,62,13.26.0.43,2025-02-02 09:43:49,,,13.26.0.43,com.snapchat.android
08b4556c-f59d-4575-84d6-5d3dab270f88,Möwïë420,https://play-lh.googleusercontent.com/a-/ALV-UjU7C0sLYMzO5kAzVDQp_CfP3f6cFix2ivpN9Bknv3mQXZZ2wTXJ,"I don't know what's going on but it says I can get Snapchat+ for only $1.99 a month for a resubscribtion. But when I go to pay for it, it says that I have to play for either an annual subscription, a normal monthly subscription ($3.99), or a platinum subscription. So in other words I can't resubscribe with the discount or whatever it would be called.. fix it please, if not I just won't bother with it.. it is what it is..",3,162,13.23.0.38,2025-01-15 15:25:13,,,13.23.0.38,com.snapchat.android
7300b002-f67d-4ef9-824a-53be361ebf51,Kyler Tull,https://play-lh.googleusercontent.com/a/ACg8ocKZT1bDPjppastWhAKycJ40JCQ6P4HwjN3nQnvQ8fiXEAj3rA=mo,"Icve been using Snapchat for 3 years now and it's an awesome app. However, although the content is pretty good, you can watch anything without getting an ad every 15-20 seconds. This gets extremely annoying as it was never this bad, and you can't even watch reels without getting ads anymore.",3,34,13.30.0.50,2025-03-01 23:46:36,,,13.30.0.50,com.snapchat.android
c63d6e8b-e86e-4703-a55d-6515df16a769,ʜǫʀᴇsᴜʀʀᴇᴄᴛɪᴏɴ,https://play-lh.googleusercontent.com/a-/ALV-UjUcNKiA9qU9q55hJ7tczqa7Tv5viXtRGs00OR5X3fAlyHzKVY4a,"It's okay, not the best. Trying to watch stories and spotlight is so annoying cause the amount of ads is INSANE! Trying to call someone on here sucks, it echoes like crazy. The app makes my phone SOOOOOOOO hot, even if I'm just texting someone, watching videos, literally just having it open my my phone super hot. There is times on spotlight you will come across inappropriate videos with filters over them and snap chat does not take them down.",3,84,13.27.0.42,2025-02-07 01:47:10,,,13.27.0.42,com.snapchat.android
05508bda-9eac-4c5a-b7f4-7b188c3137c7,Dilawar Hassan,https://play-lh.googleusercontent.com/a-/ALV-UjUiuFaS4AmIz1LDGfJztNxRofifSZbCguD_T7fLwRiNpH9FB0jP,dilawar9949 Hassan,3,0,13.26.0.43,2025-04-06 18:11:53,,,13.26.0.43,com.snapchat.android
aa6df8a0-2c43-41a6-a4f3-9abd8a456f45,Mujtaba Khan,https://play-lh.googleusercontent.com/a/ACg8ocJ_gyFJTVvq6ra7-RWkSRc2eqYcx5GZWAxuQfXaYlHUAWIJZg=mo,hello Snapchat please my account is log out please fix my account thank you,3,7,,2025-03-22 12:52:32,,,,com.snapchat.android
afc66506-3024-4e68-a1a5-642377adeb5a,Dushyant Rathore,https://play-lh.googleusercontent.com/a-/ALV-UjWfkisFUOWNY_a0vkzzjKmhUOs8PdZF3SToW93N2556RzNvUz0w,please give a direct ultra wide option in Androids,3,11,13.32.0.43,2025-03-13 21:54:26,,,13.32.0.43,com.snapchat.android
3ecf3a0b-3b18-420c-9cd7-5496956426fa,Arfa Shaikh,https://play-lh.googleusercontent.com/a/ACg8ocKHv46S6HVesrzzpHTp6KIvC7aEfhfcEWG806aupXGgM-Zk6A=mo,I've tried to restore my streak by fam app but it's not working please help I don't have any other upi options rather than fampay 😭😭😭😭,3,2,13.31.1.0,2025-03-13 20:34:23,,,13.31.1.0,com.snapchat.android
398e29f3-83c8-49bc-a9a1-2998dd3e8fa6,Bhavasun Bhargav,https://play-lh.googleusercontent.com/a/ACg8ocIEkc2y7DaJAx0cr_RNSKaRnZz6gjd_ba-9cI_7hmM4cTYCQA=mo,bad,3,2,13.32.0.43,2025-03-13 20:27:40,,,13.32.0.43,com.snapchat.android
0c766c23-b518-495f-9001-b4530849c4ce,gaza ras,https://play-lh.googleusercontent.com/a-/ALV-UjXpqoi_lAeCFpOEPlfj-k6aq9cghpBkg6ARJTy9bG1Gt24au9io,"The app is really good. However, the ads with this app are very annoying. I hate it so bad that every app you open, this app pops up...",3,3,13.31.1.0,2025-03-13 20:18:09,,,13.31.1.0,com.snapchat.android
b0b6af66-8f75-40ce-927d-eee89e2abb9a,Cezara Preda,https://play-lh.googleusercontent.com/a-/ALV-UjUe9UFl3kWQrpxCfQ9qQLKFIUgxYGWRzV4Uk_plEj-dRCJtyQRH,"I love this app but i hate when I do a clip and I want to put it to ""my eyes only "" I can not and that makes me so mad like somane can get on my phone and see the cringe clip it's making it uncomfortable 😣",3,3,12.90.0.46,2025-03-13 20:05:10,,,12.90.0.46,com.snapchat.android
24710902-43b4-48a1-9e0c-d7e13435c491,Jade Kathleen,https://play-lh.googleusercontent.com/a-/ALV-UjUkhtG_k1GIkH-kAwSD4jEDK7adpcdI-qHqePulMsCqx7XVOTKr,"I've used this app for like 10 years, never have I had this many snapchat Notifications. I understand you want to remind users, but I will go into my settings and turn off specific notifications, then in a couple days I'm getting the same notifications again. I go to my settings and they some how turned themselves back on? This is so frustrating cause I get like 10+ notifications a day just from snap. But I can't turn them all the way off because I can't see when I get a message!!",4,432,13.12.0.37,2025-01-27 00:40:14,,,13.12.0.37,com.snapchat.android
01fdab67-8713-4728-b41d-a49a34d79323,Sydney Robyck,https://play-lh.googleusercontent.com/a-/ALV-UjWPHn2PIptJCq3mkIuPJYEORz4ELw7Fx2DvLi6mXU7ibnFOD_tXEQ,"Great app. Updates sometimes give way to small glitches in the app. My current issue is when I'm watching snapstories from my friends or watching tiles from other creators, a background sound will start playing as I'm watching them. Like one of those royalty-free songs you put as background music in your commerical or ad... it's definitely the app glitching but I'm not sure what's happening.",4,4468,13.23.0.38,2025-01-14 03:01:13,,,13.23.0.38,com.snapchat.android
eccf208a-9a69-4b97-a9f7-4d8f79d2217f,Peter Masci,https://play-lh.googleusercontent.com/a-/ALV-UjUEEQG-goObulWOaoTO5J7duhb0Dn7PnzuqfG4moSURfY_z5Cjk8g,"Please, enough with the ads. Really, on the damn messages page. Can we get rid of, or make it an option to auto open stories if I press the story button on the bottom. I just want to navigate to that page, not automatically pull up people's stories. And this new scrolling down story view is really annoying. Stop changing things we like, or make it an option in settings at least. It was fine the way it was.",4,1138,13.30.1.0,2025-03-05 20:17:13,,,13.30.1.0,com.snapchat.android
7c28e544-2e23-4a5d-833f-3903422e8a5a,Maria Ruiz,https://play-lh.googleusercontent.com/a-/ALV-UjWY0GGAH4LT-9McmN1Mge9hkuLPRDmST_J--EEujY9Yrv7HStuWTA,"I love this app, the only reason why I'm giving a 4 stars instead of 5 is because it sends random notifications of your friends who had posted stories which is a useless notification in my opinion. it has also been glitching alot lately, when it's recording a video and plays random music from a tostitos filter when i first click and open on the the app. I came in here thinking maybe the app needs updating but it does not.",4,54,13.26.0.43,2025-02-04 15:25:53,,,13.26.0.43,com.snapchat.android
b296ca07-972e-49b1-8318-38a4e0cd810c,Andrea Afifi,https://play-lh.googleusercontent.com/a-/ALV-UjUKwxJVC8NUEas5aNDYxTKzU1RMygoehPSIx6fHYnpLGQnpAS4,"This is a really good app. I love it and using it for communication is just my thing now; I have to say ONE thing I find off about it, and I don't know if this is a glitch or what, but you'll see. I use Snapchat web and mobile interchangably. Well, one night I was on my phone and computer texting two people at the same time, right? Well, I accidentally clicked call on one of them on my computer, and now I'm unable to call on my phone because it gives me some sort of error. Please help!",4,24539,13.26.0.43,2025-02-10 12:36:25,,,13.26.0.43,com.snapchat.android
edb9c60f-e0ba-49e0-9dd3-7b2e28b27467,Isabella Sherrill,https://play-lh.googleusercontent.com/a-/ALV-UjUYKG3QQHnGW0GLW_bcSfUDlZF9VwnKAVBdhhsnwfBd-Fo3g_b1,"Its great to talk with your friends and stuff, but its so annoying that they are making every little thing Premium. Like, i can't even see my friends in chat??? It's so stupid annoying. Good for talking though ig. (Edit) SO, im just gonna say that the spotlight is all messed up. You'll try to watch a longer video, and an ad will stop you from finishing it, and it won't play the original video again, and it's super annoying.",4,3623,13.15.0.40,2024-11-11 23:42:39,,,13.15.0.40,com.snapchat.android
aacd3be0-ae65-4630-98cf-27e4ce45a946,Dillon Welsman,https://play-lh.googleusercontent.com/a-/ALV-UjVaSqvSywm5K1rhCYNBwDheGTJLPU68tMJCVo2vVCPwm0L3XN47,"Good app but... wish there were a few changes. I feel like you should be able to turn off spotlight, or make it so it only shows 60 videos a day or something. and this app runs horrendously on android. I never go above 24 fps, it's about 8 during a filter and it takes about 40 seconds for it to respond to a tap that was too fast, or to load a large image. I don't understand this because it runs well on iPhone. it also uses up a ridiculous amount of storage for user data and cache. fun app though",4,43796,13.20.0.38,2024-12-15 06:22:36,,,13.20.0.38,com.snapchat.android
7e370937-2f49-4455-bd6f-49351d385010,A Google user,https://play-lh.googleusercontent.com/EGemoI2NTXmTsBVtJqk8jxF9rh8ApRWfsIMQSt2uE4OcpQqbFu7f7NbTK05lx80nuSijCz7sc3a277R67g,"(Like/bump) It's a really good app.There's something annoying tho. If you want to delete a message/s, you have to tap/hold one at a time and a confirmation prompt will appear each time. That's not the annoying part. The annoying part is after every tap/hold, the keyboard automatically pops up. Even if you close text box/shut off typing cursor, any tap+hold will automatically trigger the key board to show up on the screen. It's really annoying. It happens with almost any tap+hold you do in chat",4,1526,13.15.0.40,2024-11-09 03:32:46,,,13.15.0.40,com.snapchat.android
f51be31a-a7c6-4441-8e4a-ba3c23bad176,Amber Sasse,https://play-lh.googleusercontent.com/a-/ALV-UjUOfz3s4Z4AfuwaF0hIZ_mGg8psW3OrZCIvnavBpIUnvNUpP5ooAg,"Overall a good app, but the latest upgrade, the new fonts, plain Jane! Can't you keep the old ones and add in more options? I enjoyed the old ones much better than since the update. Wish I could go back. This brings my review down for snapchat since I didn't have any options to keep the old fonts. To note, the old fonts have been available for years now, why take them away instead of just adding more to the mix? There's now less fonts, and they are plain and boring.",4,3174,13.13.0.36,2024-10-26 02:38:24,,,13.13.0.36,com.snapchat.android
30241b53-0d9c-46c2-a0ae-5e8aeeb6da4c,Skye Madgett,https://play-lh.googleusercontent.com/a/ACg8ocIpXCy58VPj8Zcv9pH9UZ8YNIJgKge88sMh3hjhxqW050nscg=mo,"I've been using Snapchat since 2020, never had ANY problems till about a day ago, my friend sent me a snap video, and I tried to click on it and it instantly clicked me out of it, I tried restarting the app, deleting and re-downloading, and it still wouldn't work. So I haven't been able to open any snap videos and I really don't know how to fix it! Of I could get some more help thag would be wonderful.",4,770,13.16.0.40,2024-11-20 09:31:11,,,13.16.0.40,com.snapchat.android
55e2d41a-21ba-42b8-b09a-54d6be0dc860,Kristen Vannoy,https://play-lh.googleusercontent.com/a-/ALV-UjUmpPqKrbS6A7ZFlVoGpz6mIsY0MpSbnsyuC0Ah7Mho8r4RFFr3,"It's a great app, But I wish I could block team snapchat, they always seem to get in my way, even if I try to block them the ""Manage frienship- then block"" option doesn't seem to be there. Even if I updated my snap to the latest Features.. But overall a wonderful app, Easy Communication, Fast sending texts, Smooth running app!! 9.5/10 definitely recommend 🔥🔥",4,581,13.21.0.43,2025-01-02 12:35:24,,,13.21.0.43,com.snapchat.android
6e72be28-4084-46a1-a519-bc04be8e5905,Aaron Klein,https://play-lh.googleusercontent.com/a/ACg8ocJrVFd8QtmcPZbKaSn5whiusiKGHJVragWz7MIveviDat_mpw=mo,I keep this for staying in touch with people I barely talk to but post on here. The app itself is cool but the notifications are always annoyingly timed. I'm swiping away notifications I don't plan on checking and EVERY time I get rid of the last one it sends a notification for a random story from popular people. It never fails. It's as if the app is programmed to try and always have a notification present and it's giving real pick me energy. It's noticed. It's transparent and desperate.,4,7331,13.17.0.42,2024-12-02 04:27:16,,,13.17.0.42,com.snapchat.android
4a3cd33c-64cc-49ca-a1be-a407457dffea,Stacey,https://play-lh.googleusercontent.com/a-/ALV-UjU5DgHxqigrpvvPnZLxaKjjjk4Juwe1MTS97b0Ql_u7ZpOYA1Uc,"There are a few things I'd change. Should be able to layer photos on snaps. Also the option to crop is a little backdated. Voice and music combined would be good. And the text options are very basic, being only horizontal and having different text background and text colour combinations would be advantageous",4,570,13.20.0.38,2024-12-16 22:45:12,,,13.20.0.38,com.snapchat.android
585451a7-0d8a-4030-a6e3-2076c7f8b747,Morganne Logan,https://play-lh.googleusercontent.com/a-/ALV-UjUgW2yaR6Cla9CxKUTyMQ0Yn51JocRWg_lzzEgJvZSYdaxgjhXG,"I use Snapchat a lot but the past couple weeks, or even months, I am getting notifications for my friend's stories. I've tried all sorts of ways to turn the notifications off for stories and had no luck. I don't want to turn off notifications but I am sick and tired of constant story notifications. I don't care and irs creepy to look at people's stories right away",4,0,11.55.0.33,2025-02-21 00:35:01,,,11.55.0.33,com.snapchat.android
71a62e1b-ac73-4f94-8296-9477a672098b,audiee,https://play-lh.googleusercontent.com/a-/ALV-UjWWRcUH8SUcV-Cec4CLTO8xcOW6R-DAthIB-LV5To78rPA8AahV,"I've had Snapchat for a good amount of years now, it's one I used when social media started to get more popular. My only problem and complaint though is not being able to change my username whenever I want. I understand the reason as to why it may be set to only change ""every year"". But I find it ridiculous whenever I want to change my username and can't. It's annoying and I hope this feature can be removed or changed completely.",4,2,,2024-12-03 08:52:24,,,,com.snapchat.android
27029c7b-b883-4392-989f-0a15c7910b3e,Shaurya gupta,https://play-lh.googleusercontent.com/a-/ALV-UjV5wgQT0DJfL0NMdsm4CKaAofyU04Bs6UiVY33mAp87_F4yY7sb,ITS IS VERY GOOD APP,4,1,,2025-04-05 14:31:26,,,,com.snapchat.android
10f5124b-1c5f-4d57-b702-50a75a221eff,Harsh Nagar,https://play-lh.googleusercontent.com/a/ACg8ocKtjz0EfAZcMKzHsisViydIHiRalSeSW2078R-w-MjdIrPxSg=mo,Please give me ultrawide in android,4,13,13.33.0.47,2025-03-31 06:22:30,,,13.33.0.47,com.snapchat.android
bb659618-17a4-44e7-b892-a397e3fbfe55,Aneeta Singh Yadav,https://play-lh.googleusercontent.com/a/ACg8ocLQV2-BU-GQK7g_d2mca_z44oE992ND4jPlndY1lm0PLN3lmOU=mo,I 💘 this aap it has so many filters according to our face .... But please do some changes 🙏🏻,4,4,,2025-03-13 21:58:12,,,,com.snapchat.android
da5730b1-7f83-45c0-b689-f9a83eae1d71,Himanshi Teotia,https://play-lh.googleusercontent.com/a/ACg8ocILcnO5feDmKdkFRZwupbawAHPXKlEVzZWtq2i4naSvgvvhug=mo,I can't download it why😭and it suddenly disappeared from my phone,4,1,13.12.0.37,2025-03-13 20:22:53,,,13.12.0.37,com.snapchat.android
21dee849-e599-475d-bc68-f03e1ad08926,Ashok Chauhan,https://play-lh.googleusercontent.com/a/ACg8ocIo_LnkghDXtCqT72niM6-lZ1OpGYBPHgfFMNFoVrxNZqDVLg=mo,Se is best app for photos and videos 😄 And se good photos 😊,4,3,13.32.0.43,2025-03-13 19:57:57,,,13.32.0.43,com.snapchat.android
9da84040-fde8-45ba-b294-354749dc429e,Chinnu __,https://play-lh.googleusercontent.com/a-/ALV-UjUjLLf_JLi35cx0s6cLUYStYRtKVMcn0MycMSDQPmsiAsLgjNlj,Better in Living filters,4,1,13.27.0.42,2025-03-13 19:38:17,,,13.27.0.42,com.snapchat.android
b41eb148-1a35-42ec-a284-197aea2157d3,Utkarsh Sharma,https://play-lh.googleusercontent.com/a/ACg8ocLLuCCkV2v5njAvqQjRAXmje9BDHkd_wk1wGD6Oko1o5dTFK8k=mo,Overall it's perfect but I want that you should give a password feature to unlock for security so that we need not to use anny third party. Kindly accept my request and add a security password method.,4,2,13.28.0.43,2025-03-13 18:57:04,,,13.28.0.43,com.snapchat.android
6a63fd7e-7878-4db7-af26-497998f75e63,Jayden Sanchez,https://play-lh.googleusercontent.com/a-/ALV-UjVUNg73ScuL8hBHEtuZDxqkXIl-2cis114iYZmt1qJ6boZpSFM,"I've had a good experience on Snapchat, it's a good way to communicate with friends, and as a person without a phone number I was thankful that I could sign up with E-mail, and the thing about the subscription is that for a year it's only $30, that may seem expensive to some depending how useful you think they features are, but even without the subscription it's a good overall experience and I recommend the app, also editing is finally free 🤩",5,43051,13.23.0.38,2025-01-16 20:11:43,,,13.23.0.38,com.snapchat.android
4b4a02b0-58d8-4e6e-870d-05b4aa5a8d95,Zosia Hlad,https://play-lh.googleusercontent.com/a-/ALV-UjX3S9-a5HPeefCh5Qk8mtQKlfmBdKAt21ofIq6GJ7j7Or9Wgvlw,"I bought Snapchat+ to give it a try and there's really no advantages other than seeing half-swiping, when people are on the chat, or customizing the app, which is really unnecessary. the whole thing is mainly for customization for 30 bucks a year. I've had it for about four years, but there's really no point. even with he snap+ there's ads everywhere, even on spotlights now. there's an add on the stories every 20 seconds. otherwise it's an amazing texting app and for face timing.",5,42792,13.17.0.42,2024-11-26 04:23:54,,,13.17.0.42,com.snapchat.android
d040d59f-9c62-4e1e-b026-a224197c17b5,Kylie-Marie Shepherd,https://play-lh.googleusercontent.com/a-/ALV-UjXmCaC_4dZdMmqQszojwhT50Hr-uRykJr7oUzoF6wR24_wv9Jg,"I love this app, perfect for teens like myself I love the filters and the bitmoji customization! The stickers it provides with the bitmojis are cool af, 10/10 Highly recommend. Not a whole bunch of ads plus you can skip most of them. The snapmap is very helpful for tracking your friends and family to make sure they're safe you also get bitmoji stories which are always a good way to lighten the mood. GET SNAPCHAT",5,163,13.31.1.0,2025-03-10 08:36:31,,,13.31.1.0,com.snapchat.android
1ce89f0e-4def-4344-810d-f92556865c48,Xintisous “ElementialDragonSoul” Vrimlisus,https://play-lh.googleusercontent.com/a-/ALV-UjU23FEX1FAe6ievevf74_iWKBTlL3BT6fpJwcwz7w8H1zXds5I6Gg,Snapchat is all right. Does help get your point across. Yes you can delete messages and stuff from your selection as well too. When your conversated wants somebody you can delete it for someone else. Is seeing eyes as well too. So of course this app is helpful. But keep in mind it's only used for talking and you can views and stuff on there as well too. Like interesting videos or whatever.,5,88,13.30.1.0,2025-03-06 14:34:17,,,13.30.1.0,com.snapchat.android
9927615b-a1fc-47eb-9596-2c436b118183,Captain MAK Sparrow,https://play-lh.googleusercontent.com/a-/ALV-UjXNlTIqUJJo4lYp0-fkblqeqgjxmm8OWqYRlk_6i49x5gOHbeQ,"Since the last update the location has been constantly updating. I get endless notifications, and it might be slowing down my phone. Not sure tho cuz my phone is slow anyways. Besides that it's my favorite social app. Feed is customizable and ads are all skippable after 5 seconds. Stories are awesome; some of them are really entertaining.",5,123,13.27.0.42,2025-02-07 06:05:32,,,13.27.0.42,com.snapchat.android
055daba0-8f2c-4522-a6b0-7dce5ede151b,Mary Jane,https://play-lh.googleusercontent.com/a-/ALV-UjXBQF7WIq3vARkZf1-VKiZrR_eWPE2kmKrMks2uIq5rkqWG34jF,"Snap chat has the best camera! And I'm not talking about skins as I normally won't post edited pics. If I share it's doctored. When that's not the case it's absolutely obvious. I have used the fun features but rarely ever dare 2 share such silly shots. If I do, it's prob just on an individual basis. Producing better quality images, snap finally allows me to feel comfortable taking photos with me in them.",5,31,13.17.0.42,2025-02-23 04:44:36,,,13.17.0.42,com.snapchat.android
3ba0aefb-d118-4eaa-80ab-931fcea66d5a,Todd Huffer,https://play-lh.googleusercontent.com/a-/ALV-UjXH1XifxuvpUV8kDajFAptZm7VbhtTL29FVyI5YReLkzqB6cCRt,"I absolutely love this platform. Although not a dating site, it did help me to find the love of my life. If I would change one thing, and it's a new update recently. It would be the new update on super best friends forever.Ine updating to current number of days, or even months. Cause right now it stays at 2 months. I would change that to at least counting the months and giving us a visual goal. Cause right now, it's almost useless other than a cool new icon by our names.",5,771,13.21.0.43,2025-01-11 13:56:23,,,13.21.0.43,com.snapchat.android
eac900bb-fb97-4599-b660-f4a670d28c27,Alistair “Treyway” Alone,https://play-lh.googleusercontent.com/a-/ALV-UjWIpd2-Ia93OOzaj_A6h4rebcq0RkaSfIaSddIG1V_nzSKWmP5z,"Snapchat is a fun way to stay connected with friends. The filters and lenses are hilarious, and the Stories feature is a great way to share what's going on in your life. However, I wish the app was a bit more intuitive to use, and the Discover feature can be a bit cluttered. Overall, it's a solid app for casual social networking.",5,41036,13.21.0.43,2025-01-15 02:14:51,,,13.21.0.43,com.snapchat.android
724ada8e-3b93-4383-8354-88a365c912f9,Samantha Luna,https://play-lh.googleusercontent.com/a-/ALV-UjU7fF8ZD7CCPXgKW8zRNwxHTkr-80tkoohtyrW2K5kq5Kew7AhK,"Please consider the following: -the option to rearrange filters at the bottom of screen. There's nothing more irritating when you accidentally open a filter that's obnoxious and loud, let alone when it's one I'll NEVER use. -the option to remove auto enhance on snaps. My snaps look better before actually taking a selfie! -the option to remove the AI chat -the option to remove the stories page if we don't want to see random stories that are not friends or subscriptions Sincerely, All of us.",5,3482,13.21.0.43,2024-12-25 02:51:32,,,13.21.0.43,com.snapchat.android
bf31266d-d543-484a-bb50-52284d2ceb39,Joshua Loper,https://play-lh.googleusercontent.com/a-/ALV-UjWErgthOn1yckK2iahr-opIXrD6FksbIih3Vs0sMwAqhytVAJNM,"great app. easy, simple, rewarding, honest, accessible, to the point, fair for users, no pressure just a better experience for a phone. now I just need more friends! :) 😉 recommended even without a lot of friends. good for young audience that just want to see results from a phone. enter: the non phone Snapchat! just kidding.",5,5651,13.21.0.43,2024-12-20 02:25:47,,,13.21.0.43,com.snapchat.android
92b7a960-e76c-4c46-b603-b68a2aee1aba,Ashlynn Herr,https://play-lh.googleusercontent.com/a-/ALV-UjWsvvrOnKVSqsbl8QqTJHcScIKj8DWfiTcRZXOAdSANdh1oJg72,I love this app! I also love all the new outfit styles for your avatar! I do wish there were flowy floor length skirts and dresses though. I do have 2 suggestions for possible future updates. #1 is being able to design your own outfits with personalized pictures. #2 is allowing you to layer leggings under different skirts.,5,324,13.21.0.43,2024-12-24 23:51:25,,,13.21.0.43,com.snapchat.android
7ce20338-a656-415e-9607-c99b8ec207f7,Jaydin Boudria,https://play-lh.googleusercontent.com/a-/ALV-UjUz1GxCP8wk66N_mjkmd2ZI3oyLh5N072hUuGF5jJyanP78Oo4,I absolutely love this app. You can connect with friends and family and post stuff on your store. There is a bunch of great filters and the videos can be really funny. I love this app on thing that I do dislike is that you have to pay to change you background to you photos in your phone. But other than that this app is the best app I have had this for almost 4 yrs,5,1244,13.15.0.40,2024-11-15 08:36:09,,,13.15.0.40,com.snapchat.android
188a8da2-70b1-4e80-9fb3-7a0dcdd2ba10,Sharron Kenneth,https://play-lh.googleusercontent.com/a/ACg8ocLKoSml_3rks4v29jOc60jy6s5Eu6rQdgyY9HrGXQMzza-kCg=mo,"The app has been great so far. I just have one complaint. The audio icon which was used to mute videos before is no longer available. For, the app would be very great if it could be put back. Some of us don't like adding a song to our videos. Some of us don't also want to hear the original audio of the video. Hence, why the mute icon is very necessary.",5,6387,,2025-01-06 04:00:52,,,,com.snapchat.android
a521f2f2-face-4a96-b1cf-da07fab16d23,Cats999,https://play-lh.googleusercontent.com/a-/ALV-UjWmWcTSyG12KK7rXkRZJ3icliHxIJvAAzQMXfMrOJSPhTQEv_dJ,"I love this app, I use it to text my friends. There's only a few issues I have with it. I'm on a Samsung Galaxy A51. Sometimes, I won't get notifications for no reason at all, and I won't realize half an hour has passed since I got a text from my friend. There also isn't a dark mode on most android devices, but Apple has it. I understand how hard it is to make sure dark mode is functional on every OS, but it would be greatly appreciated. EDIT 9/13/23: SNAP FINALLY ADDED IT IT WAS ALL I NEEDED",5,1414,13.10.0.40,2024-10-08 20:41:22,,,13.10.0.40,com.snapchat.android
915678c5-80f2-4448-9315-95a37d7e78a5,Olivia Amber,https://play-lh.googleusercontent.com/a-/ALV-UjVB1pWu8NBVMzJqVjyamXmO9P1I-Yehw-25d6Gx7VThVmY1AYZU,"I personally love this app, it's a great way to communicate with your friends. Though sometimes it glitches. Recently, I went to record a video to send to my friends, I started recording went to turn it off and it didn't turn off. All the side buttons disappeared, I tried effortlessly, over, and over, and over again, and nothing. I also went to add a text, and every time I had written something it disappeared. Overall, this is a wonderful app to chat with your friends, I highly recommend<3",5,2001,,2024-10-08 14:13:39,,,,com.snapchat.android
b4778bcf-4fb2-444e-9dc6-5465c0767f2b,Corentin,https://play-lh.googleusercontent.com/a-/ALV-UjXBmJYB4kS2kALiPqu-0kLu5MrEiA6HNjnozNmKfD7Lv1bNPMBr,👍,5,3,13.35.0.46,2025-04-06 00:32:52,,,13.35.0.46,com.snapchat.android
60311af5-6291-4175-856f-1d46857dffff,Ankit Singh,https://play-lh.googleusercontent.com/a-/ALV-UjWMzKS69kjW0XdOJWOUaIozaRnnr02HozUmxbz2Cq_Alpjbei_x,filter ke liy thanks,5,1,13.34.0.52,2025-04-05 12:54:40,,,13.34.0.52,com.snapchat.android
178c99ef-9962-48b4-a141-857861f89fcd,Aaisha Batool,https://play-lh.googleusercontent.com/a-/ALV-UjU-ohy6yUfQziDjbZfs_02Mzrp5oNwfhzpd0VKi2343Vl4mjvM,Please give wideangle in Android🙏🏻🙏🏻🙏🏻🙏🏻,5,8,13.35.0.46,2025-04-05 00:43:33,,,13.35.0.46,com.snapchat.android
61e671f1-6fba-43db-8664-218f3cc29b6b,Saad Saad,https://play-lh.googleusercontent.com/a/ACg8ocJFMYhfT_mwamVLuU5XDJlc_Ul3sahn0zghXY5Rr-fFQM26ZA=mo,Nice and very happy and good app❤️❤️❤️❤️🥰🥰,5,4,,2025-04-04 20:26:14,,,,com.snapchat.android
5baabc14-8c69-4b71-8344-3c8dd97f140f,lnstaII [ CASHPIRATE ] App to Earn,https://play-lh.googleusercontent.com/a-/ALV-UjXTI3-wCzZtN76tPqgYUj_aLxEWJkrV10JlfQzCFqZH9R4w9Ks,"The ads have increased SUBSTANTIALLY. Which is fine, they have to make money too. However, they are quite intrusive ads now. Also, the discover tab has moved finally, but it's still just blatantly in the way and you see some borderline inappropriate stuff pop up. Finally my biggest annoyance lately is the auto opening to front facing camera. It's quite annoying having to constantly flip it back to rear facing",5,3758,13.35.0.46,2025-04-04 16:21:37,,,13.35.0.46,com.snapchat.android
9d51701e-0964-4af7-abae-1e0caf8ace67,Zohaib Deaf,https://play-lh.googleusercontent.com/a/ACg8ocJsZFD8Ad17IBB1ksLbDPwNXvspVDDCg0gSX-IJPXCkfPf7Sew=mo,"Share the moment! Snapchat is a fast and fun way to share the moment with your friends and family 👻 SNAP • Snapchat opens right to the Camera — just tap to take a photo, or press and hold for video. • Express yourself with Lenses, Filters, Bitmoji and more! • Try out new Lenses daily created by the Snapchat community! CHAT • Stay in touch with friends through live messaging, or share your day with Group Stories. • Video Chat with up to 16 friends at once — you can even use Lenses and Filt",5,1,13.34.0.52,2025-04-04 09:29:43,,,13.34.0.52,com.snapchat.android
0278e571-afc8-4ead-951c-021e7d7ac092,Badiatu Saad Tahir,https://play-lh.googleusercontent.com/a/ACg8ocJjvC6Jiwwja-LaoQeTwtmab6HXNF0iC4AsQ6ZrgYnX9l9zyA=mo,hi this app is so very nice,5,0,,2025-04-03 21:19:44,,,,com.snapchat.android
a1c68aba-3e76-4b70-928b-d235458316ff,Casey Batson,https://play-lh.googleusercontent.com/a-/ALV-UjWN-c2TWEHDdvJQ4ziHerp8CjOECawdPvp81KAEw-M7dRuEU7_t,"Love(d) this app. Haven't been on in a few years, but holy cow, did it change ... What happened!? It's almost 100% ads and shop links now. Nearly unusable. I used to find some unique blogs/articles/ideas not found in most of the big search engines and was hoping it was still a good place for unique takes, but now I see it's no longer Pintrest, it's Pintrash.",1,537,13.1.0,2025-01-25 15:59:04,,,13.1.0,com.pinterest
26e5b30c-76aa-474a-a33a-963f93edc2ad,Jaq Gaeta,https://play-lh.googleusercontent.com/a-/ALV-UjX1eY0r3JnvQPFYgaqjrYDqcBrvuVXMVCFNjNT9JzgeGIE3yGdibA,Dang. Used to love this app. Got back on after a couple years hiatus. Now realizing the INSANE amount of ads. I tried looking up a designer and the first 16 posts were unrelated fast fashion sponsored posts. I counted them! That's on top of the top banner linking you to /more/ ads. And then every three pins is a sponsored post. Pretty frustrating to curate boards when all you see are ads. Un-installed. Will have to find another way to curate links and images:/,1,417,13.4.0,2025-02-11 11:47:04,,,13.4.0,com.pinterest
95ffa98c-ee17-4249-b113-7488a6542a28,Aaron Hancock,https://play-lh.googleusercontent.com/a-/ALV-UjWXBcc6ZVzzwKYmHwHD5OBR0aZEInoQKEeD-_hBileBsqrh6mLR,"Pinterest is nothing but ads now. I wish I was joking, but every other pin is an ad. Many other pins are actually links to Amazon products or some other online store. The app is virtually unusable at this point and time. Probably always will be. Now I just use it on my desktop where I run adblock or on Brave, which also has integrated adblock. 2025 Update: AI generated content (including ads) is running rampant on the site.",1,247,13.8.0,2025-03-21 03:01:03,,,13.8.0,com.pinterest
91c166e3-f2e0-499a-afa5-9f6e451d16de,samira9215,https://play-lh.googleusercontent.com/a/ACg8ocJE8GFuE9N3cWlmzpTYKDH4D1ggzsVNELZmWhMaN0yU50UZnA=mo,"The amount of ads is just too much! I can barely see pins because the ads almost outnumber them. There is at least one ad in view on the screen at all times. For every 3-4 pins, there are 2-4 ads. You don't think that's a bit excessive?! It looks like a wall of ads rather than pins. This is just ridiculous! Also, it's harder to move pins and sections around using the organize feature now. Sometimes they don't move at all, or they move too fast and instantly to the top or bottom.",1,292,12.46.0,2025-02-16 16:06:29,,,12.46.0,com.pinterest
640d8646-e3a4-40a7-b116-194461fbeaf8,Opal,https://play-lh.googleusercontent.com/a-/ALV-UjUpO7jRv89OmHa-irFn_3DL16Lg6E2zDx4ATwhv2BuyJUgQf-d1,"This is an app made for ads. It is unusable. They've injected ads into literally every empty space that exists in the app. If you're reading this and considering downloading this app, DON'T. Just use the desktop site and install an adblocker. There is literally no point in having this app unless you want to look at ads. If that's the case, then by all means, get the app and enjoy your ads. But if you want to look for ideas on anything at all, you won't find it with the Pinterest app. I promise.",1,553,12.44.0,2024-11-26 09:56:09,,,12.44.0,com.pinterest
bc8f5303-5a9d-486d-a018-9cf51e9253b4,Kristen A,https://play-lh.googleusercontent.com/a/ACg8ocI9XtpBhVyeHOkwoOh9RfKzfVzg2FqPr5XSuvYcmwZiEmyH6Q=mo,"The ads and Ai are overrunning the site. I can't find good crochet patterns anymore as everything is just ai and ads. And its getting to the point that you can't tell whats ai or not so you can pick out a pattern, make it, and turns out it was just ai. It doesn't fit, doesn't work, and you just wasted days of your time. Very upsetting as I've been using the site for over a decade. Whatever has happened recently with what's being pushed is a disaster. Hope I can find something better soon.",1,479,12.46.0,2025-01-06 11:13:16,,,12.46.0,com.pinterest
2b310ce8-1aea-4557-9c9a-aab6516fa3b2,Fantom,https://play-lh.googleusercontent.com/a-/ALV-UjWhQh1s_oNjIDjkEhckSS6yY_J-72mgJOYFdE5QHh8GyzDXYtSJ,"The updates are awful. They've taken away all the personality of Pinterest, the color is gone and replaced with that gross boring and hard to look at dark ui that every other app has. And now everything is an ad! It's catering to shopping and feels more like a shein catalouge. This used to be my go to image site, but I'm looking elsewhere now. It doesn't feel like Pinterest anymore. It's all ads and shopping.",1,248,12.40.0,2024-10-27 18:45:15,,,12.40.0,com.pinterest
98d30789-8c56-458d-92cc-9c4e57ef0648,Sydney Berg,https://play-lh.googleusercontent.com/a-/ALV-UjXICr0Tu7LwKJrUtF1Zi3wGWlAhd5-gg9imEeUde17LLkIFlAA,"I used to love Pinterest. Scrolling for hours for ideas for knitting, recipes, and decor. There were ads, sure. Nowhere near what they have now. I had 21 posts counted up. EIGHTEEN of those were advertisements! I open Pinterest occasionally and inevitably close it after about five minutes because I've got better things to waste my time on than filtering through ads. A platform has to pay somehow sure. But not like this. Save your bytes, don't get Pinterest",1,257,12.45.0,2024-12-08 03:04:46,,,12.45.0,com.pinterest
ab7574b7-79a3-4a95-8ec2-9f7e7eaa32dd,roslin goblin,https://play-lh.googleusercontent.com/a-/ALV-UjX76TRHDXETc-m-OHjHpzVGuCj_3GJ4Cdw0sFpHzbt2j1QQrZ9a,"Ads make it unusable. When FOUR video ads play at once on the screen, sometimes the screen is 100% ads, or I have to flick through five ads to find another genuine pin, it's too much. I've looked for accessibility options to disable video auto play and it doesn't exist. Really frustrating, which is a shame because I used to love the app and now it's gone from being therapeutic to a source of anxiety. Not to mention the flood of unethical AI ""art"".",1,126,,2025-01-07 12:15:42,,,,com.pinterest
f6c23552-7f9d-4f00-a6ae-920adb7c4b02,Winnie Vasquez,https://play-lh.googleusercontent.com/a-/ALV-UjUL8F9y6Lq_vOer2goh3KDFDlVlMvLO2kQa4RQG5a-dJNUuboNz,"Years of Pinterest gone! I've had an account for 4+ years with lots of pins saved. Recently, my account was logged out and when I logged back in, everything was gone and some weird pop up saying authentication failed in different languages. Now it's all gone and I have to start from scratch but I don't think I will use it anymore.",1,73,2000000000.0.0-CrOS,2025-02-12 23:33:04,,,2000000000.0.0-CrOS,com.pinterest
e4b3632a-c9f3-47f4-85ef-012eaddc1c60,Adrienne Lewis,https://play-lh.googleusercontent.com/a-/ALV-UjV6OCF_evENLH0h4quutui8D7-O1tMm1cXKgweXADSRSJ_5I4O6,"All the other 1 and 2 star reviews say it all. The ads and AI images have completely reuined the experience. Update: I posted this review 11/18/24, and I just un-installed the app. It became unusable. Genuinely hate it now and wish it could be given zero stars. I don't bother with the website anymore, either. Same problems there.",1,121,10.34.0,2024-12-09 03:09:49,,,10.34.0,com.pinterest
9937e11b-3e2c-49f3-b563-8ccabcc20121,Veronica Romero,https://play-lh.googleusercontent.com/a-/ALV-UjUBKvX0t5nJvvAYkgn3TaIZac2zz6XBqCYdc4IuINfprRw6Jwo,"I hate how a pop up shows up with options to send a picture every time I download a pin. I keep accidentally sending pins to people 😂😅 other than that, way too many ads. I see more ads in my feed than regular pictures. The notification section has been broken for a long time. I'll get a notification on my phone that someone likes my comment, but it won't show up in my notifications. Nothing shows up anymore. When I get likes, when someone saves my pin, nothing.",1,92,,2024-09-02 02:15:37,,,,com.pinterest
15fe3a8f-0ced-4e64-a5c8-c3fb84d39f8a,Jewel,https://play-lh.googleusercontent.com/a-/ALV-UjXi6zw-X2B56YFVjO8tCRTVWO0NdYWH3Mbm5f0Ym4Til-hydMNdIA,"Been using this app for years but just recently it's been glitching, I'll get a notification for a comment, I click on it but it doesn't take me to the comment like it used to, it just shows my feed. The second issue is that it's entirely stopped working, there's no updates needed to the app, my wifi is good but it says I'm not connected and it's not letting me do anything just the screen when you aren't connected to the Internet, won't let me click my pfp.",1,258,12.35.0,2024-09-22 12:39:07,,,12.35.0,com.pinterest
fd8ead30-abdf-4e94-8285-51b4976cc62c,Mars,https://play-lh.googleusercontent.com/a-/ALV-UjVrfgi3uHz2v1WtlsuYPnQ-9MLNhWxnaaUnZH90cTJj3HqiWQwv,"This has become nothing but ads. For every actual pin are 5 ads. I have no idea what they've been doing the past few years, but with every update, there are several new issues. Like with the number of ads, there are 5 new issues with every 1 fix they do. & the whole ""block the advertiser profile"" doesn't work. I still get their ads & sponsored posts. I'm sick of this app now.",1,447,12.31.0,2024-08-29 07:53:51,,,12.31.0,com.pinterest
b8b0e967-0ad8-4763-83e7-4ea58bbd385d,Courtney Allen,https://play-lh.googleusercontent.com/a-/ALV-UjVdSl6xtzQYPA_7cKvcko_FpPoMgfBTpY3waT511XWYT-UQcEs,"rating it low to make a complaint. It's annoying now that I can't look at long form post now. There zoomed out pretty far and it makes it hard to read. I can zoom in on some most art just that stupid cut feature and I can't scroll down all the way. This was a issue before for a while and was fixed again, but now it's happening again. I don't know if it's the app or something in my settings. It's annoying, please fix it if it's an app issue",1,1,13.12.0,2025-04-04 21:27:24,,,13.12.0,com.pinterest
d41bd0f9-0ea2-4781-a30e-6918fcfdc04a,lilstar,https://play-lh.googleusercontent.com/a-/ALV-UjWawQbHpC2eMr3pE0LiVWZga4wuIx3JIkV6-wQ4CYJeEL2adnrc,"Please add features like unsend messages, then fix the share shortcut that displays a list of certain accounts which sometimes if pressed incorrectly can cause users to send images or videos to certain accounts, it's really annoying!!",1,1,13.12.0,2025-04-06 18:27:41,,,13.12.0,com.pinterest
51a9d122-9559-4c56-823e-59c5db9b7363,Christine Cooper,https://play-lh.googleusercontent.com/a/ACg8ocIruix8gomS45NeyT8kOnYFnAZrHzAyuOmQuL0BNJcnEVBKRw=mo,when I search for a specific topic do I not get photos anymore? Am I doing something wrong?,1,2,13.12.0,2025-04-06 17:47:40,,,13.12.0,com.pinterest
f1bc8f84-1402-427a-9119-d9ff49472074,Praveen Kumar,https://play-lh.googleusercontent.com/a/ACg8ocJgDWUXWwBZ2gJtT832UYhRVjxVLxCH0o3IfJkSluVQYVGk2Q=mo,kya ghatiya he,1,0,,2025-04-06 17:14:39,,,,com.pinterest
9d323583-78e9-4ae4-93c1-1a7795ef8fb2,mgpaing pr,https://play-lh.googleusercontent.com/a/ACg8ocIRsrtagZJboVPiEHtap1D1XBfx6NsQFFbRx7IGK-NoEy9tTg=mo,i like,1,0,13.12.0,2025-04-06 17:00:18,,,13.12.0,com.pinterest
60e25cb9-8ecf-43be-98d6-97e05273c018,Bruce Leroy,https://play-lh.googleusercontent.com/a-/ALV-UjWIP-1v3kmKbvDe1gxCu-CoBVyxXw-tPxPtXeW0c-1-k-ocjLZZ,"Censors**t beyond belief! For example, an official photo of a former President of the United States is ""hateful activity"".",1,1,13.12.0,2025-04-06 16:59:46,,,13.12.0,com.pinterest
71e2c0b3-35d6-4c68-aad3-3b086ab92ca7,Angela Scott,https://play-lh.googleusercontent.com/a/ACg8ocLht_8ceuVsSUAuQl2RR6R_Uu3tvkiV-7KbzPZlF3nbQkD5iw=mo,after the recent update it does not let me search. not happy,1,3,13.12.0,2025-04-06 16:28:24,,,13.12.0,com.pinterest
61ca67fe-910b-4139-ab98-35955b5895e4,Werner (werner marais),https://play-lh.googleusercontent.com/a-/ALV-UjX4pkbo-bzzlKMYbtPYKVnC1AtgUZYlqnYt0V7ePxl0ucL_0Xse,please fix the search option,1,4,13.1.0,2025-04-06 16:11:21,,,13.1.0,com.pinterest
63645ef0-3133-4074-84cd-3f03979702c7,J. T.,https://play-lh.googleusercontent.com/a/ACg8ocKHqKMCGnmRJ_d9jF5FYTKGZAqjVoNYJ2upHaKOw1g_p-FoVQ=mo,"I have been a huge fan of this app for years, but like everything else, it's been destroyed by ads. The search brings up nothing but shopping options. I'm looking for inspiration, not to buy everything. I've tried hiding the ads, telling them not to show them to me, etc... it improves my feed for about a week and then we're right back to ads, ads, and more ads. It's a shame because it used to be my favorite app.",2,622,13.4.0,2025-02-11 11:33:33,,,13.4.0,com.pinterest
4da2ed57-75a2-4b98-a81b-d106711221e0,Ellis Conover,https://play-lh.googleusercontent.com/a-/ALV-UjXNmiXgrVk1TAEDkjk3XruOKjeh0BLhyjitaitxh5HKKCKgU-VE,"I've been using pintrest for 10+ years, and I used to love it. It was a great way to discover new artists, and I was impressed by how good the algorithm was at finding things I'd like. However, the excess of AI art is ruining the app and making it borderline unusable. I don't want to see any AI content, but my feed remains full of it no matter how many times I click ""not interested."" Please do something about this.",2,83,,2025-01-30 09:44:31,,,,com.pinterest
23df8f67-67b8-423e-9375-d108cec1f87d,What Am I,https://play-lh.googleusercontent.com/a-/ALV-UjWaqgBgEwPDEyS2ek5fM__uLtaXVWci8RTCUv6LGqBztYZU_EU,"I've used this app for a long time, so it's easy to notice when things get bad. I keep getting recommended the same things even if I press "" seen pin too many times "", and it's also recommending me things I often say isn't relevant to me. The AI art is taking over my page and I can't get it off, same thing with things I have already seen multiple times. I miss the old Pinterest.",2,5,13.10.0,2025-03-21 22:07:17,,,13.10.0,com.pinterest
92d7a872-2c20-4698-a98b-88dfc74042ff,Tyler A,https://play-lh.googleusercontent.com/a-/ALV-UjVQwXpe70cYnbBV3IExxzB9V24CQ2sf_g-Qa3vnWQtxASm6izcR,"I've been using Pinterest for 10 years and used to love this app. I would spend hours reading short stories, laughing at funny videos, being inspired by arts and crafts others made, getting build ideas for the video games I played; but Pinterest can't do that anymore. Everytime I have opened the app, all I see are blank boxes or ads. The few pins I am able to see are AI or things I already have saved. Now they are wanting to train their own AI, so I guess that means it's the end for me.",2,1,13.12.0,2025-04-01 23:42:49,,,13.12.0,com.pinterest
9e9e63d0-4dbd-436c-af20-627dd1ba2809,greyhoundish,https://play-lh.googleusercontent.com/a-/ALV-UjXHAnFBlw092JtP38tw_1s3bw-q2MINEZteVXXaJ5PZItx5kN_h,"Pinterest could be great! I love the inspiration I get from posts for outfits, makeup, hair, etc. HOWEVER, under mobile data videos, refuse to load. I have checked the app for updates, I've reinstalled it, I've cleared cache, and I've adjusted the settings, but nothing seems to work. Video advertisements play flawlessly though, of course. This has been ongoing for over a year.",2,217,13.9.0,2025-03-13 08:51:01,,,13.9.0,com.pinterest
dde3cb00-8b3b-43ce-8e08-4a8bc6129427,Musawenkosi Mncube,https://play-lh.googleusercontent.com/a-/ALV-UjWTMgFIUKkO-zs17XSr8OKzNQBomSDG4gBpXGeVFOqTLrlTKOasBg,"I've been using this app for more than half a decade. I get my hair inspo,fashion inspo and general day to day life tips from it. But the recent surge in ads has been annoying to say the least. There's more ads than actual content now and it's making the app look tacky and usage not as fun as it used to be. Please take it back to how it was before.",2,104,13.10.0,2025-03-22 03:22:01,,,13.10.0,com.pinterest
145af4b8-1f45-4386-a45c-1116d778fa73,Ena Elizabeth,https://play-lh.googleusercontent.com/a-/ALV-UjWOrPt7m9uMk88BN_NDWeBLryU5TJTz_zYDd_r4Pi8ciJV7KKcS,"So many functionality issues lately. Most recently whenever I open the app the clock at the top of my screen just..dissappears. Whenever a pin is clicked on the buttons at the corners obscure the content just enough that if there is text behind them it's unreadable. And the amount of times I've been informed of a ""violation"" on my account for saving a pin that I did not make and got taken down for its content. What's going on? If these issues and more get fixed I'll change my review.",2,448,13.11.0,2025-04-02 00:15:14,,,13.11.0,com.pinterest
e2a35b6f-507f-404e-9a95-66acae460104,Jennifer D,https://play-lh.googleusercontent.com/a-/ALV-UjWlisSzrUg4E5RnLWx21rDF8VXQhkUGRvzkHZb78-M0LGF_RESAFA,"Please fix the issue of when I click on one, save it and go back it scrolls all the way back to the top instead of dropping me back at where I was! It's making to where I don't want to click at all or I want to give up on the search. Edit 3/12/25 WHY am I suddenly unable to click on the picture to go to the page? Stop making useless changes. This app has already become a nightmare with the ads, this only made it more annoying.",2,14,13.9.0,2025-03-13 11:19:07,,,13.9.0,com.pinterest
ca8db1b2-3ef1-4c5e-b778-5ef03c6070c5,Jadzia Daniels,https://play-lh.googleusercontent.com/a-/ALV-UjWS2BqGEAcL1C8iLRXc2h-XN1ym3lrg9AoU38JBGpgxu4kq318,"It's mostly good. It seems to recognize the skin tone I prefer to see regarding beauty which was a huge issue before as well. My new issue is the AI reporting my appropriate pins - of which I never even created - but not doing anything about actual pins that exhibit sexual behavior, the kind that seriously belongs on porn sites or Only Fans. Almost every month I get an email about a ""violation."" It's not even my fault. It seriously needs to be fixed. Also, the plethora of ads need to go!",2,8,13.9.0,2025-03-16 07:56:01,,,13.9.0,com.pinterest
0c50c721-b166-4548-82e5-3e49daad23ab,Tanya Hapgood,https://play-lh.googleusercontent.com/a-/ALV-UjWc8jagdEbCbzIbNfHqkPKzxNzvILAA4Uraz4B7bYHH3mZCPvP0,"Lately when opening a pin to see the full content (like a comic with vertical panels), the image zooms way out so it fits in the small square and there is no way to zoom in on it. Also, the excessive amount of ads is painful when trying to navigate actual art and ideas. You know, the whole point of the app...",2,6,13.9.0,2025-03-17 22:59:30,,,13.9.0,com.pinterest
901a5035-fc66-4a80-9f9d-4f5c09651172,danny phantom,https://play-lh.googleusercontent.com/a-/ALV-UjUZrSM6r33mK_kTShOxWtNuZHSwU79qJRthb21wqCWDxN6Ab4n6,"Pinterest used to be a great app/site; I love the concept, and I've used it for years. Now, I'm begging on my hands and knees for them to cut back on the relentless ads and inconvenient updates to the user interface. It wasn't broken; they need to stop trying to fix it. I don't usually leave reviews, but Pinterest gets worse and worse with every update.",2,281,13.0.0,2025-01-09 23:43:29,,,13.0.0,com.pinterest
f132d960-985e-49a7-abc8-5b08e2c27b34,Alison Tucker,https://play-lh.googleusercontent.com/a-/ALV-UjVX8Heku0LIZXZwTto_s5bnqmW3p0R1ZGzKLrDdRREihaUZV7bhQQ,"Pinterest has been my favorite app for several years! Til recently. All the video ads, sometimes up to 3 playing at a time on my screen, extremely distracts me from whatever I'm trying to look at or read. All the movement and flashing in my peripherals makes the app extremely irritating. And there's no ad-free option. Thus the 2 stars now from what use to be 5 stars. Very disappointed!!",2,16,13.8.0,2025-03-04 21:00:14,,,13.8.0,com.pinterest
bfccdd10-0bd7-485f-a94f-9c01ea037396,Wren Renko,https://play-lh.googleusercontent.com/a-/ALV-UjU-VBg3cndw3dxeBX392Jng4nJJdtX9PNSnvrFnCU305_MNsWSz,"Updating this a little, it's gotten worse. Theres so many ads you can't even see any content. Pinterest is basically ad, ad, ad, ad, ad, something you like, ad, ad..... my feed is super repetitive in between those ads too. It's like it's stuck in a loop of the same 3 subjects. There is no option to actually search for interests, just an aesthetic recommendation. And I can't even toggle on the buttons to have it base what I see off of certain boards. Kind of a bummer, I used to love Pinterest.",2,133,13.5.0,2025-02-28 16:55:39,,,13.5.0,com.pinterest
a1a65060-343e-4b6b-a3fe-958ec53accef,Sophia,https://play-lh.googleusercontent.com/a-/ALV-UjWWKYvoIflhcDyGLIqluPpd7zopzEBhkvw4qqzCnEHqLGT1hRqG,"There are so many ads that it is disturbing. Instead of seeing a board full of what you like, you visualize pollution from ads trying to convince you to buy random items. I would recommend using the website with an ad blocker; then, you will clearly see the amount of blank space left. If it weren't for the variety of content, I would definitely have chosen an alternative app.",2,206,13.0.0,2025-01-13 03:46:09,,,13.0.0,com.pinterest
97c5df95-5e09-40e1-9368-f9070d3552b3,Em22,https://play-lh.googleusercontent.com/a-/ALV-UjU8tHXHZIOsgRaYP8WlAmNfo8CSYX3IDU1N6yEDpoLYPtd2r0E_RA,"Recent update has made everything unpinnable! When I got to pin something, it'll bring up my boards, but when I click on the board literally NOTHING happens. This has been an issue for a LONG time, but it would happen every 2nd or 3rd pin & you just close the board menu & repin & the 2nd time it'll pin to my board. NOW, it happens EVERY TIME & it'll take 3-5 TIMES of having to close the boards screen, try again, nope. Close, pin, click board, NOPE, try AGAIN then on 3, 4, or 5th try it'll pin!👎",2,8,13.9.0,2025-03-14 13:00:18,,,13.9.0,com.pinterest
fbb1758c-61b1-4cdd-9cfe-d0003cafbf42,Vusumuzi Philani Ndlovu,https://play-lh.googleusercontent.com/a-/ALV-UjXu_LVJ7w0qEQ7lPRJxb-W3Tsf5In9Vu8IE6MkR9-nuyy142YI,Good app but guys you really need to your notifications in status bar stuff l sorted. I want notifications but it's definitely sucks and stressful having notifications from one app lining and piling up on your notification status bar whether I scroll down to check notifications. Just do what apps like Gmail and Riddle are doing - GROUPING ALL NOTIFICATIONS FROM THAT APP IN ONE GROUP THAT CAN BE EXPANDED TO SEE ALL YOUR NOTIFICATIONS FROM THAT APP WHEN YOU CHECK IN AND SCROLL DOWN IN STATUS BAR.,2,0,13.12.0,2025-04-06 17:51:25,,,13.12.0,com.pinterest
1756246b-0d0a-4a5b-b1aa-1e2d3b244578,Anita Darmawan Lawrie,https://play-lh.googleusercontent.com/a-/ALV-UjUgGzsljbQSrTgLoNYhoWdqyaTmcJfs5Wa9MIx4IubGXlY0bDxx,What's going on? Why now I can't search for anything?,2,3,13.12.0,2025-04-06 17:29:49,,,13.12.0,com.pinterest
9845d39b-e5fc-488f-a1ac-ab9d65038f12,Shifa' AlFoori,https://play-lh.googleusercontent.com/a-/ALV-UjUXZv8D-_j4vTmtnGqZc_9DOWw2QNIEyTH8bVf8KBE_EPLKqqyW,"In this pandemic of AI-generated images and ""art,"" having the option for users to label their posts as AI-generated could be helpful, along with the ability to customize feeds and search results accordingly. I want to personalize my feed and search results so I don’t have to see any AI images. I don’t expect everyone to use it, but at least it gives us an option.",2,1,13.12.0,2025-04-06 16:37:02,,,13.12.0,com.pinterest
99d338a2-90a5-4917-b1c8-dbe8c5cff922,Viktor Brnic,https://play-lh.googleusercontent.com/a-/ALV-UjW3Sa7hJlO_3bcEIR-h_sGM0a2mp0bN8BHmCbFjUsMmqjsc9UOC,idk whats happening but i cant search up anything whatever i searc nithing pops up just the thing i searced no images no nothin,2,3,13.12.0,2025-04-06 16:16:31,,,13.12.0,com.pinterest
c60ef18e-84ab-4740-aa18-9c174f5e78f6,kimani reed,https://play-lh.googleusercontent.com/a-/ALV-UjV9pRi8zppSQsJttCDEh0JZiKAMofpERJHhyIn3RI8XkMu8ol4z,I can't look up anything! I type in what I want then the screen goes grey and doesn't show anything. I looked up dresses and hair styles both hair the same. I deleted and re download the app and it was fixed until I went to use it again a few hours later.,2,2,13.12.0,2025-04-06 15:50:09,,,13.12.0,com.pinterest
46f6c5a9-7748-4307-a588-c15798cddbdc,Allison Rosm,https://play-lh.googleusercontent.com/a/ACg8ocJAPWi0yJuwtZKE0xAo71-dA23x-FiFpFoha0km8KDL24MShA=mo,My music stops as soon as I open the app.,2,1,,2025-04-06 15:10:51,,,,com.pinterest
a0d6bb0a-2231-46f2-a30f-c1819bc4c2b7,kaushik makawana,https://play-lh.googleusercontent.com/a-/ALV-UjURCJfxTT1Ph35f1cFRNgq3myQasTmhbLffcAytk1tniuq71Fw,The app is running very slowly after the new update.,2,0,13.12.0,2025-04-06 14:22:58,,,13.12.0,com.pinterest
76ac81d6-d327-4873-b553-0e001ff1c854,Allie Grabowski,https://play-lh.googleusercontent.com/a-/ALV-UjUEEtgvD2EAjAi02B1L1burBIrp8sClNLWxl9qw1dSdlBER344r,"It's a good picture app, but each time you download a picture, a pop-up to ""share with friends or sent in message"" will appear, and if you're not careful you end up accidentally senting a picture to those the you follow or they follow you. This is supper annoying for both parties and 99% it's an accident but can still make the other party mad.",3,82,13.9.0,2025-03-23 09:54:03,,,13.9.0,com.pinterest
b00ca5fe-ea8c-4c2b-8d72-120c715282b4,Lynn Webb,https://play-lh.googleusercontent.com/a-/ALV-UjW8sn7pKSCMA5mv6w-Hjugl2kj5HORLFIv_OqTyyuI-wsN8m_o,"Love Pinterest for recipes, but first it started with a whole bunch of Instagram/Tik Tok/Meta ones which I don't watch (wish there was a way to not have those show up) and now it gives me notifications at least 3x a day (fine with), but 2 won't even open, they say ""Oops! Something went wrong!"" and ""You don't have access to this!"" and just crashes. It's been several weeks now and I'm just tired of it. Please fix soon.",3,191,13.5.0,2025-02-20 20:57:34,,,13.5.0,com.pinterest
d9d00528-63fa-43ae-acb1-4c5e0fc4b717,Izzy Halverson,https://play-lh.googleusercontent.com/a-/ALV-UjXKE7mdQfhoaFCyIsSJO9MqIvaVmXLytb3T0k0xwoAMQWmT62gW,"I love Pinterest but recently they updated and now I can't listen to audio on a bunch of videos even ones that have original audio :( new edit: I do love Pinterest and is the only social media app that I use everyday! but recently there is so many freaking ads, literally more add then pins I'm a scroll it's ridiculous I've used Pinterest for years religiously but the ads have gotten out of hand there are literally three to four adds right next to each other and it's so annoying when you tap on",3,0,2000000000.0.0-CrOS,2025-04-01 21:30:58,,,2000000000.0.0-CrOS,com.pinterest
df0d3b69-6bf2-4e6b-b9b2-a64fce9c17f2,Chris,https://play-lh.googleusercontent.com/a-/ALV-UjUwv3wGvdmioT3OGatdYEZ9PCFZMG6UQM7daHZtgWI_yDpD0bQl,"Great app, too much ai. I mainly use this app to gain inspiration from digital artwork, but ai generated imagery is like a plague to my feed. There have been countless times where I saw an image I liked and saved it, only to find out that it was created by a machine and without any actual thought or creativity. I always find this out through the comments and not the post itself. Add an ai tag or allow us to properly filter that sort of stuff out of our feeds, and this'd be a 5 star review.",3,88,12.30.0,2024-08-20 23:40:35,,,12.30.0,com.pinterest
61cae76e-199a-4011-be09-c7b78084bcbe,Sierra (Sisi),https://play-lh.googleusercontent.com/a-/ALV-UjX4pwAzuulOLSJrwdvnHZlXdEJJ2Ix6sbb1Yg3J5oxOGgFPIVO9ow,I used to love Pinterest but there's way more ads than there used to be that are super annoying. The collage feature needs some work too; when I'm making a cutout the auto detection sucks as it usually doesn't get all of what I want but there doesn't seem to be a way to edit it. I just have to take what it gives me or use the entire image which defeats the purpose of doing cutouts :/,3,0,13.12.0,2025-04-03 03:43:17,,,13.12.0,com.pinterest
e4ad9e9e-33ca-4eee-a5dd-86264b36938d,Marco M,https://play-lh.googleusercontent.com/a-/ALV-UjXApRby9rZILCOoviE1ts6fhWozpanh4aX7OA9ZTuO-6rwj0Yjy,"Thanks for adding the setting to turn off Pinterest sounds. it's made my use of the app way more enjoyable. However just today, for some reason, it's starting pausing my music every time I open or close the app or a pin. it's really annoying. can y'all fix this please? Also PLEASE do something about the massive overflow of generative AI images.",3,75,13.12.0,2025-04-03 21:06:53,,,13.12.0,com.pinterest
beb16c7a-d36e-469d-9142-3ed03f7a76ed,Wasp,https://play-lh.googleusercontent.com/a/ACg8ocIBBIrz5pPSIuuv6SyibLHu_1cEC484COivCzNSIYby0NGYLA=mo,"Honestly its a good app except that ads are taking up most of the screen. Say if 8 pictures are on your screen at the moment 6 of those 8 are ads. It ruins the immersion I used to get whilst admiring art, ideas, and relaxing. With so many ads it's clear that the goal is to maximize money earned at the expense of the viewer. I understand advertisement is how companies like this make money but it's more than a little infuriating",3,0,13.11.0,2025-04-03 03:32:22,,,13.11.0,com.pinterest
11a7f6ba-d6ce-4fd0-871b-8ec2b0fe4a78,Elizabeth,https://play-lh.googleusercontent.com/a/ACg8ocL1NAS3mIMpNwJGVATdSXMkoVcaeQQ9HwW4UTOSgB3qr3Br7w=mo,"Long-time Pinterest user. Don't care for the latest algorithm. Pins I've already viewed, liked, and even saved keep reappearing in my feed. Sometimes similar pins appear in clusters, which I don't like. The recommended pins in ""Updates"" are a joke! Pins that were supposed to be baby animals were actually Queen Elizabeth II and memes about divorce! What in the world?!?!?!? **PLEASE fix the current algorithm!** So much for improvements from AI... Less ads, too. They're too much. Thanks.",3,0,13.11.0,2025-04-05 10:04:53,,,13.11.0,com.pinterest
cefd77ad-1ae7-492c-937f-9463143a854b,Selena Gilbert,https://play-lh.googleusercontent.com/a-/ALV-UjW4YKvoUHkDVAxzVK0QyUjqgM_dFJdN9c_EJlCyy39O1zCdSPU,"this used to be 5 now I've brought it down to 3 for two reasons: interfacing change and usage of AI. in previous version u click and image and it immediately takes you to the website. Now, you click it and it takes you to similar post based on the image. that was a feature there before but it was a box in the corner . also understand AI is used everywhere so im not saying no more Ai but may you have to click the image to see its ai generated . it should be started on the feed so you know before.",3,0,13.10.0,2025-03-28 06:24:10,,,13.10.0,com.pinterest
f92f2a28-ed64-4fc5-86c4-88f79526a4eb,Lost Artist,https://play-lh.googleusercontent.com/a-/ALV-UjVeQwPxJcvQnjiQAqxId9keu7dUeIOPAQmuQ52atWkswMVttLXL,"great app if you know how to curate it, but unfortunately, the app is filled with so many sponsored posts that you don't realize that, when something looks cool and you want to click it, you're brought to Amazon for the 15th time in 10 minutes. its just one huge ad and it's annoying. can be good if you're being hyper focused on if something is an ad or not.",3,2,13.9.0,2025-03-22 03:13:08,,,13.9.0,com.pinterest
67cd9437-549b-4363-bc9d-abc276e9fd61,Ray Fox,https://play-lh.googleusercontent.com/a-/ALV-UjUxjrE5e4elnJH2t-r9pX4AAAM9d9ssCOMkktF9o2JFPWc8oerY,"I use this app for animation inspiration and other things, but the recent updates have been ruining it for me... I don't really care about the ads. My biggest complaint is that most of the pins I have collected for years that have audio, have the audio blocked, saying that the audio is unavailable in my area which is bull because I can listen to the exact same audio on other apps (like YouTube) just fine without moving from my spot. This annoys me because it makes over 300 of my pins useless.",3,3,13.10.0,2025-03-22 14:08:48,,,13.10.0,com.pinterest
a450c5ce-9a89-4dfb-9bda-22b70448d519,Just Me,https://play-lh.googleusercontent.com/a-/ALV-UjVp4796whMujpj8IF0cTjSkYcFYHXliNNXqCoDTenMojjF29gYpwA,"ive always liked this app.. its good for getting inspiration and ideas. but im fed up with the dumb new thing of if you save something, it pops up a page to send the pin to people. if you're not super careful, you'll send random things to people you dont even know and there's no way to delete it then! if i wanted to send it to someone, i would have hit the send button. NOT the save button. please fix this!!",3,18,13.4.0,2025-02-13 21:00:04,,,13.4.0,com.pinterest
d17bd657-75bd-47cf-a7f3-4d15a66d9f50,Xochtil Rodriguez Silva,https://play-lh.googleusercontent.com/a-/ALV-UjUr44RQugCo3ZM2Yba0lhrTBFHzrFOw9ny0Fn6aBT0Cjh0ZdWBE,"I wanted to re-edit my review, the app has gotten so much better since the update. A lot less glitching but it's still kicking me out. The app seems slower like if it's lagging and that's usually when it closes out. Other than that it's wonderful I love pinning. My feed is perfect at this point and there's so much to explore. I spend a lot of my time on my boards. This app lets me get creative and I absolutely love it.",3,33,13.3.0,2025-02-07 00:07:21,,,13.3.0,com.pinterest
a25517f7-eeaf-470a-b390-836c870f69fa,Chloe Crockett,https://play-lh.googleusercontent.com/a-/ALV-UjXNdbCQRUi0665iD3EcRp8GgZIhxVCPxEU9H5PRr8dSXl3CPpc0,"I LOVE Pinterest and use it daily! Since the most recent update I've noticed problems though.. the biggest being when I try to save Pins from external apps they won't save. I've saved a couple things the past few days and when I went to my board to find them they were nowhere to be found. Lots of my Pins are from outside of Pinterest, so I'd like this problem fixed soon it can be a five star app again.",3,8,13.3.0,2025-02-05 21:44:38,,,13.3.0,com.pinterest
afc24315-df6c-4a17-9d11-74eea5618252,Abby Amos,https://play-lh.googleusercontent.com/a/ACg8ocIDzh6_6VZfC8CFgIxbSljG0KTxRQ4saWEcOQAaXm1_5cJezQ=mo,"I used to use Pinterest all the time! It was really the only social media I used. But like most others reviewing recently, there are far too many ads!! Every other post is an ad for something and I do not care. Because I love Pinterest so much I've been holding onto hope that this would improve but if it doesn't change in the next few months I am deleting this app and never looking back. We do not need social media, social media needs us.",3,47,13.1.0,2025-01-23 09:16:20,,,13.1.0,com.pinterest
ce83a2a1-ac6d-4a28-bf30-92bd2db4f645,kao !!,https://play-lh.googleusercontent.com/a-/ALV-UjXl1djwsIlRGnOPNB4SyvcZeRGi_31-r2IPAPE6C1G1IQZ7hJ1Gxw,whys the search bar going bonkers,3,0,13.12.0,2025-04-06 18:20:09,,,13.12.0,com.pinterest
dd7289d8-b1c1-45e4-8322-c6ebf40c8c1e,Redeye Warrior,https://play-lh.googleusercontent.com/a-/ALV-UjVkLM4cltecO2sX2NN-pA7saPJV3OUbC9HQIcp5lFv2NdmaKOLa,"Momentan andauernd das Problem das die Suche nicht funktioniert, woraufhin ich jedesmal die app neu installieren muss",3,3,13.12.0,2025-04-06 18:13:58,,,13.12.0,com.pinterest
164ae1da-7f38-47f2-807a-180ae4132fae,/SARA\ 2.0,https://play-lh.googleusercontent.com/a-/ALV-UjW2r6GNz7pku5DSxpWd-z3cV8wMH7tKxM2sgLfL618HxStrjCg0,"I wanted to point out that the search is glitching on mobile, when I type something and search it, but it appears as a blank page. pls fix it",3,2,12.46.0,2025-04-06 18:09:28,,,12.46.0,com.pinterest
b20fa336-d63a-4ecf-9b2a-36f415e5424c,Kris Grothe,https://play-lh.googleusercontent.com/a/ACg8ocKQ5JsEHAZ6yuv9KoM7c7AWU75o_l2AFdvdFOen1J_L5oLW_Q=mo,"I love Pinterest but since the last update there is a bug where I can't use the search function at all, and also ads are now taking up like 60% of my home feed. Sometimes I need to scroll just to see something that ISN'T an Ad, sometimes every second pin is an Ad, it looks horrible and is extremely annoying.",3,2,,2025-04-06 17:25:01,,,,com.pinterest
6e0b0be6-9fc9-4e72-8bf0-7df0c00fbdfd,Ba Arthur,https://play-lh.googleusercontent.com/a/ACg8ocLpc7SqN9q8tQ8w74NLQ2W9BRbSAp182c2Q2I4mgSgfzCnIIw=mo,"Najuta kwa kuchelewa kuifahamu,ipo vizuri mno.",3,0,7.43.0,2025-04-06 16:49:51,,,7.43.0,com.pinterest
498a70eb-0610-4894-9d85-f3ce7390f1f2,Mari Ali,https://play-lh.googleusercontent.com/a/ACg8ocIR7E_Y9mDEXOTw9VUHw-RQpRMuEwsTSk_2bZE_bztoBqlOxe_9=mo,the most recent update has a lot of bugs please fix them I can't use the search tab it's lagging and not loading anything,3,2,13.12.0,2025-04-06 16:08:38,,,13.12.0,com.pinterest
50e72ac6-43d6-405e-b71c-48181f63981a,Kim camplin,https://play-lh.googleusercontent.com/a/ACg8ocL6Uwl_16Sj9D0RNN5cN_45FFqqSe9uTA8yaZH4E51n-oAuwQ=mo,Technical issues. I've been using it for years and all of a sudden I go to use the app and search stuff and it goes to a blank page with the words of the search and a back arrow... Uninstalled and re-installed and it started to work again. Came back a few hrs later to search something and again the same thing. Going to have to uninstall and re-install.. doesn't seem to have any necessary updates to do.. If I have to uninstall and re-install every time I might give up on the app.. hopefully not.,3,1,13.12.0,2025-04-06 15:39:45,,,13.12.0,com.pinterest
7de93cb9-9a93-428c-bc5e-1f6faaed4cf2,Mary Klein,https://play-lh.googleusercontent.com/a/ACg8ocKWWk4juJi40yBeydlXwmGTSEggeqyFrxrHTooNEyScNi5jdA=mo,"It is easy to find everything that I seek for information, inspiration, and new trends. My only frustration is blocking material I personally find socially unacceptable. I would think that based on my pin/search history, the algorithms would detect that I don't or haven't shown interest in certain material. UPDATE: 12/2024 - Since my first review, my opinions have not wavered much. Since acclimating to improved app enhancements and features, I have been enjoying the advantages more.",4,821,12.46.0,2024-12-29 00:18:41,,,12.46.0,com.pinterest
dee28c51-2d8b-4612-9295-f071a92e2598,River Jacobs,https://play-lh.googleusercontent.com/a-/ALV-UjUZj4Kl0wtHQJLjtg5Pmczwh_V5wHSCMqq-LUDtWOZv0SuqlxqNDQ,"Okay, so the AI stuff has gotten better. That's great! But my biggest issue now is that your app makes me so dizzy and sick. You've got static images, and then on the side you have videos and ads?? This is an app for artists and creatives and cooks, not to buy diapers....why aren't the ads creative based? I have photosensitivity, as well. So I can't use your app anymore unless I want to get a migraine or feel carsick while not moving.... I hope you fix this.",4,461,12.32.0,2024-08-31 20:01:31,,,12.32.0,com.pinterest
d53e30f5-fad2-4e5f-ad6b-feb1ffa26e3c,Brandon Martin,https://play-lh.googleusercontent.com/a/ACg8ocIqSSG-qCUGZbBIkP7nu9M4JX-ewIoTpnQaHBI1teGJOdDQVw=mo,"I love the app, I've used it for a long while. My only complaint is that they consider saving a post as posting something when you aren't and you get tons of warnings for this when it doesn't make any sense for that and it can get your account suspended if you do it enough times. I would like for you to at least fix that and activate my account please",4,0,13.11.0,2025-03-28 01:16:51,,,13.11.0,com.pinterest
3a898bbc-143b-4597-bc32-059e6e089e3e,Shakynah Isaac,https://play-lh.googleusercontent.com/a-/ALV-UjX-oBayD6uyzFb2qQkYET-iQ4GwZJalcZIo87C-lQbzFlHxYNsf,"This app is amazing! I use it every day to post whispers and other content about music and life. The only problems I have are posting videos because they take FOREVER to upload. The other problem I have is our chats. The feature of talking to other people on the app is a huge MUST, but the problem is, is that we can't call or send pictures that aren't from Pinterest. It would honestly be an amazing feature to the app to talk to others and send pictures.",4,66,13.1.0,2025-01-29 08:43:11,,,13.1.0,com.pinterest
6f31ecd0-90e1-43ff-b84b-6159b04d6df5,Paras Sharma,https://play-lh.googleusercontent.com/a-/ALV-UjVirKBiOeGUAM87RvCchTYkKzf-aY1qH00iaVhqq3I4qLw9pm8FBA,"Hi! I have been using Pinterest for years. I love the app. I have a problem to report. On Samsung S23 Ultra, whenever I open a GIF, it doesn't play or work. With videos, it works fine and there are no issues but with GIF, this issue persists. I use my tab samsungS7+ and everything works fine but with my phone S23 Ultra, it doesn't. Please resolve this issue as soon as you can! Thank you 🙏",4,3533,13.3.0,2025-02-05 21:00:49,,,13.3.0,com.pinterest
85cf592c-4ea0-4f42-b557-bc68ddac7ec9,Angel Subs,https://play-lh.googleusercontent.com/a-/ALV-UjXjty5uktWjrXDtk0crq3zBQxNqSgfiLoKkwQx50NgSkj5Os6M,"I've loved using Pinterest for art inspo and references. It's a peaceful break from all other toxic social media. However, recently Pinterest is full of AI slop. I can barely find actual references and artworks now. I wish the team would take some measures to restrict AI generated pins. Apart from that it's still a great app and I love the aesthetics.",4,80,13.10.0,2025-03-26 01:54:06,,,13.10.0,com.pinterest
dcbd7c2b-f062-4e74-9729-f63418a119c7,Morgan Hitch,https://play-lh.googleusercontent.com/a/ACg8ocK8E6WlcjhRtZpcrffoGnAtBc2UQAl03LI9gv8O8dbi2TRhIQ=mo,"I've been using Pinterest since like 2014, and I LOVE IT. it's just so relaxing and fun to use for mood boards or planning how im going to decorate. my only caveat is that in recent years they've added SOOOO many ads and I hate it; it's like ever other scroll is another handful of ads. I go on Pinterest to chill not to be persuaded. other than that I love it",4,2,13.9.0,2025-03-23 05:21:08,,,13.9.0,com.pinterest
ab2e43ab-0850-4347-bcb0-ca1a84f8f73e,Alegra Ramirez,https://play-lh.googleusercontent.com/a/ACg8ocIJxOKu5zxWW5AaoiAUz4-LHPK8HAerm_z2ZxxsY4JZ6gGK6g=mo,"I love everything about this app except that it only allows 50 characters when naming the pinterest board. There's so many names that I love that would perfectly match the vision in my boards, but I can't name because there's not enough characters. Another thing I don't really like is how many ads there have been recently, half if not more of my for you page is ads.",4,189,13.9.0,2025-03-19 03:13:01,,,13.9.0,com.pinterest
cb9b19b2-c0dd-4eba-b434-78ec0219a729,Norma Marullo,https://play-lh.googleusercontent.com/a/ACg8ocJ2EnHoKnBwD4jr0RYfQu8DXsNddK_QTisLMmRpnURefAfmVw=mo,"Love Pinterest! I can search for things , ideas, and new ideas I never thought about. It's easy to organize and share with others. Sometimes, the algorithm is annoying, and things get repeated too much. It's not enough to stop using the app, though. I have used Pinterest since it started and will continue as long as their quality stays or even gets better.",4,4,13.8.0,2025-03-12 03:26:24,,,13.8.0,com.pinterest
7e4fb316-65cb-4de7-8333-501f73a3d4f3,Lucia Thomas,https://play-lh.googleusercontent.com/a-/ALV-UjVhRRbOtBqbaNf7vpHNJvbTvkPNEJePe-Ai9vKVCLHs3rBpr0w,"My experience has been very good when looking for different menus to prepare. Just recently, I just lost most of the recipes & crochet ideas that I had saved. I'm just not pleased when the format makes changes or organized what I have saved. I'm not interested in fast changes.",4,52,13.0.0,2025-01-13 08:04:02,,,13.0.0,com.pinterest
0ccb2802-2304-48ff-b1a7-19261c79e2e4,Deborah Fellows,https://play-lh.googleusercontent.com/a/ACg8ocLazYLSooVrOtR7cJ0uEUnh5iP_m8pcWcDAX2BYHw9uPzsang=mo,"I have loved using Pinterest for several years. It has been very helpful to me for organizing and saving creative ideas. I object, though, to their requirement that I submit my birthdate to them. I find this too intrusive and cannot see why they would need or require it, so this has curtailed my exploring and sharing of ideas.",4,6,13.5.0,2025-02-20 03:49:30,,,13.5.0,com.pinterest
d05827d4-b7dd-4ea8-aa60-ffb3b999137e,JOHN NADER,https://play-lh.googleusercontent.com/a/ACg8ocIEi8Rxg4SUaeKIKetKaeon5jj8LVFrcarwT2FTmzyQWtHHyQ=mo,"It's a great app for helping you find items of interest. I don't particularly care for the operations on clicking on an item, researching it and then going back to your point of origin,only to find that it refreshes and you lose where you wanted to be. It's very annoying. When this happens I stop using the app for a time.",4,34,13.0.0,2025-01-14 04:20:15,,,13.0.0,com.pinterest
7fd5b1ec-feec-4ae4-a448-25043c05b5ae,K T,https://play-lh.googleusercontent.com/a/ACg8ocLzzOdSP_4G9_1tZQBsOmGrbkbi0OqZveOSnvSiBE4YljKwuQ=mo,"Great app overall. It would be nice if when I click on an image it didn't have the ""search image"" and ""cut"" options on the image itself. These, many times, block portions of punch lines & descriptions making them very hard or impossible to read. Thank you.",4,7,13.5.0,2025-02-14 21:06:01,,,13.5.0,com.pinterest
9ad3b2ff-a407-4889-9e87-49a50fc6ad17,Christine Shar,https://play-lh.googleusercontent.com/a/ACg8ocKPzhRhS-r7H7LmFpHB4UhBu7-jaixdDXfCd9O5dqvoc77RqA=mo,Personally I love the app a great way to draw or learn or etc. Pinterest is a great app tho something did happen. I had a board with drawing references and I left the app then I came back and that board with most of my references (about 25 to 30 ) was just gone. I was a bit sad about it. But besides Everything else was just...PERFECT I love it.,4,1110,13.1.0,2025-01-20 05:34:03,,,13.1.0,com.pinterest
07974d02-4588-4c7c-b2f1-96d05b04f987,Z NR,https://play-lh.googleusercontent.com/a-/ALV-UjVz4aKd6WPo7ZTdfVukvg8X3JqnQdKv16EcRHeUvU-YzhaLnylP,"Pinterest was my most beloved app, I still like it so much but recently they updated their policy to use our pins to train AI ! Other than that, these ai art(?)s are ruining my experience on this app! I do not want ai results. I want human art, human photographs, real human clothing inspirations! I've been hiding every AI generetad thing that appeared to me till now, but at this point, it's too much! If this doesn't get fixed I'll have to lower my score and abandon my beloved Pinterest.",4,188,13.7.0,2025-03-07 17:58:07,,,13.7.0,com.pinterest
bb82dd43-231b-4924-9378-1e733785f946,Ruma,https://play-lh.googleusercontent.com/a-/ALV-UjVtDh8u_Doa1x2vPIE40HPrSPJ1mZ9JqyBOyBToTeHtLCDdp6dg,this is a great app and all but I hate it when I click download image and after that the save or share screen pop-up and I always unintentionally send something to someone. maybe a skill issue in my part but why does it automatically pop-up,4,0,13.10.0,2025-04-06 18:31:11,,,13.10.0,com.pinterest
1f8617bd-5f41-4895-b47b-d6f30bd529b2,Romea Juanima,https://play-lh.googleusercontent.com/a-/ALV-UjX3bSioPM-JV1BhQNKYrlJItSdaeAkipYOsIXAef5_oSmnGoBy5,it's nice but there's a bug... every time I search something up the search bar suddenly goes into the middle and it doesn't show me what I wanna see! so I can't search up some drawing references... Can you fix this bug please?,4,4,13.12.0,2025-04-06 17:21:54,,,13.12.0,com.pinterest
73d4c37a-927c-421c-9a1b-80ddd880ef43,Sueda Şengül,https://play-lh.googleusercontent.com/a-/ALV-UjWajZd24drO9s8-F6ntfErYy5mG4gT7476sMtMR94zUM-L2zeFC,I think there should be a feature to delete watch history.,4,0,13.8.0,2025-04-06 15:31:19,,,13.8.0,com.pinterest
014b1e02-e5e7-46f2-a35a-7b18987f6225,elvyinne,https://play-lh.googleusercontent.com/a-/ALV-UjXpHDlwOrCoRCO8gNlM4s7UIUy5x6glF8HFqQbxkf0XtxW3SrOj,"Whenever i try to search for something in the search bar nothing comes out and only the name of the thing im searching for is there. It includes even my past searches, i've tried uninstalling and installing over and over but it gets back like that everytime i leave and open the app again! its very annoying having to uninstall and install again just to open the app",4,1,13.12.0,2025-04-06 13:36:09,,,13.12.0,com.pinterest
c220e8f4-a737-4a7f-a554-852959ca2822,Beatrix osas Acheeampong,https://play-lh.googleusercontent.com/a-/ALV-UjUO6H5KyC7oCIcDzwTN67NYY3f9JD0M0lAHgTsVXDhrden1GmJk,"HOW THE HELL HAVEN'T YOU GUYS NOT ADDED THE DELETE FEATURE ON CHAT!? (it's still an amazing app, I've now made so many oc's, character designs, watched funny memes, some room ideas, cute DIY's, etc!)",4,0,13.12.0,2025-04-06 13:02:40,,,13.12.0,com.pinterest
b39af692-a325-4054-aa9d-8b49678958dd,Ezra,https://play-lh.googleusercontent.com/a-/ALV-UjXCKyb1GnU-Wgt0wjAS0CE3elFDinoS5oI8PhUlmWfqg16I_Tj3,honestly such an aesthetic app,4,0,13.12.0,2025-04-06 11:03:52,,,13.12.0,com.pinterest
873af833-6365-4435-bf12-6a6d0d79f332,Ferrer Miguel,https://play-lh.googleusercontent.com/a-/ALV-UjXVWRFdQ8rpS-fFQLouKCzqOY5h7nsUNeXpW7ebLUND7YmdCo9q,something's wrong with my Pinterest pictures not pop up everytime I search something I restart my phone still same then I started deleting it then downloading it again still the same this thing just happen for like 3 days I just open Pinterest then I started searching after pictures start no pop up wifi good it's not even the connect like there no picture at all need help dude start delete then download it still same no picture po ping up,4,0,13.12.0,2025-04-06 10:46:55,,,13.12.0,com.pinterest
b12ac9ea-c91f-4f11-bb77-be77f92aab73,Olivia,https://play-lh.googleusercontent.com/a-/ALV-UjWRHVeDO9ubnXqmxQamv054PR0aKN3UpBjU4PygFJtSZF-lcclj,"Pinterest is a very good app for putting things together and having different styles. It's very fun to use, you can create many different pins and boards and create collages. I have an idea that you guys should add is, there should be a search bar when you are trying to sort a image/ video in a certain pin because it takes awhile to scroll through all of your pin boards. Next sometimes when making a collage it lags really bad and doesn't let me save it this becomes a big issue for hard work.",5,4809,12.46.0,2024-12-31 11:30:14,,,12.46.0,com.pinterest
0dc9c55d-2e10-4d8a-9275-c889f9cd7939,T. Anderson,https://play-lh.googleusercontent.com/a/ACg8ocIOPzdcxzZHyY6CmrDo3oVuRDOKYELYWAzeAFqafNtmA02jMvVf=mo,"I’ve been using this app since 2015, and it’s always been 5 stars until the recent April 2025 update. The search in saved pins is no longer working for me, and despite uninstalling and reinstalling, the issue persists. I’ve tried contacting support but only found a forum of FAQs. This app is my favorite, and I’m hoping this review gets attention for a bug fix. Is this affecting just Android users, or is it more widespread? Please fix this issue soon!",5,44,13.12.0,2025-04-06 05:35:27,,,13.12.0,com.pinterest
16caeec7-9b65-43dd-b9ac-bd377c86cecf,Rose Quinn,https://play-lh.googleusercontent.com/a-/ALV-UjVTdjGwvumPlawOo5gSEeXsLo4XaeQaOQdC5QmP0BM1KV7Ow4E,"I love Pinterest so much! It’s also a lot easier to pin images on here (a chromebook) then I thought, and I like how big the picture is when you tap on it to look at it more closely. But I do have one complaint, when I want to watch a video it doesn’t play, or if it does play it turns to static, I don’t know if its the app or my chromebook, but its really annoying, but overall I am obsessed with this app!",5,12,13.10.0,2025-03-25 08:23:41,,,13.10.0,com.pinterest
5219aa92-36aa-42d6-92e0-80fa4d9e1aca,Lillian Goodwin,https://play-lh.googleusercontent.com/a-/ALV-UjWHyVaj0BYiPGAWquX3a5U_XwxeK3Nv1NK8ARRBI_CONv3qfw8n,"Great experience. However, the newest updates as of March 8, 2025, aren't that great. The minimalist design on all the tool bars isn't all that appealing, and the new explore button on photos makes it worse to see what I'm looking at. It has a rainbow effect behind it, and it feels even bigger now. Everything still works the same and us great, I just loath the redesign. Sincerely, a loyal user since 2018.",5,49,13.7.0,2025-03-09 08:14:06,,,13.7.0,com.pinterest
bc2b7819-b1c2-4f7c-8872-55fc1b77770c,Samantha Parrish,https://play-lh.googleusercontent.com/a-/ALV-UjWt9HtgbbteyqxJ9UFnCAwvUrbuwHyqLntg2O-CygQXrViExUN7AA,"The app is great overall. I really love it and I'm just glad I'm able to find multiple pictures and have them organized my way. The only thing I hate is that I don't get notifications if I am chatting with someone right when it comes through to my side. It gets really annoying. But when you start talking and it becomes fluid, the notifications are good until you stop s'chatting and you get back on hours (or more) later.",5,183,13.3.0,2025-02-01 05:43:10,,,13.3.0,com.pinterest
423a43de-3f04-4c58-a1f0-03bc782737b0,lakeysha azqiara,https://play-lh.googleusercontent.com/a-/ALV-UjVjeQ_-0hTBaYzuACnbXPOI-6-kzQT8go5Qc0_lJuYmDNBYlXzB,"i love this app, i've been using it everyday and even post there. but why, after every update, it becomes more slow? and i recently encountered a bug, where at the most random times pinterest will just close without any warnings. and also, please stop turning off my comment section randomly, it makes me delete the pin because of that. oh and whenever i'm going to reply someone and hit post, it just says that they blocked me even though i never met them. overall, good app for inspos.",5,1457,13.7.0,2025-04-03 07:59:16,,,13.7.0,com.pinterest
1704acd5-adb6-4d49-8284-f9335551fca6,Chigozie Amaechi,https://play-lh.googleusercontent.com/a-/ALV-UjWjhc6FPhwgJ8g5Q5ZSQKjBG-ggioHWx0fWjYE4E3BRAgHOA08,"My experience in Pinterest I've totally fantastic. I can browse through a never ending streams of images, organized into categories or boards. It is fairly accurate at tailoring recommendations based on my interests l, which makes discovering new ideas even more fun. I enjoy saving pins to specific boards that I choose. It will assist other users keep their aspirations nearly prepared for the next level, whether for personal projects or future reference.",5,4104,13.4.0,2025-02-08 23:31:14,,,13.4.0,com.pinterest
139c1528-9921-404c-b193-07b5e2aa48dd,A Google user,https://play-lh.googleusercontent.com/EGemoI2NTXmTsBVtJqk8jxF9rh8ApRWfsIMQSt2uE4OcpQqbFu7f7NbTK05lx80nuSijCz7sc3a277R67g,"Still crazy about Pinterest, I use it several times a day, for a variety of reasons, love what I can do with it. My brother is using it now, and recommends it friends and co-workers! I use it for Affirmations, inspiration, recipes and entertainment. I have started using it to send funny things to my brother, he loves the Pet Shaming! So much to find, and enjoy.",5,141,13.1.0,2025-01-24 12:47:04,,,13.1.0,com.pinterest
84b52ad7-7206-4667-9540-14c5c4249859,Chanel Alexander,https://play-lh.googleusercontent.com/a-/ALV-UjX7mMxQJV7J0h3ObLFO4AyNJDFycXig55PPMW9S4jFTtLWtliYh0Q,"Pinterest has been such a great app out of my experience of using it. I've been using Pinterest for over 4 years now, and it never fails me to get some art done when I'm on artblock. It helps me find my artists I can look up to, allowing different media of art popping up every time I open it. It's been quite my go-to app so far out of my years of using it. Keep up the great work, Pinterest. I can't wait to see more updates to this app ♡.",5,214,13.1.0,2025-01-19 22:04:58,,,13.1.0,com.pinterest
7bd9b93e-e64c-4754-8629-c1d2d0e0e610,Christina “ɮօօ” Abell,https://play-lh.googleusercontent.com/a-/ALV-UjXdFaa86Zx4jp_c1PYmp64Rbv3bZySt0DEU6KLQtCrE2lKYiy4q,"📍Pinterest is a treasure trove of inspiring ideas for every interest, offering a visual discovery platform that fuels creativity & exploration. Whether I'm planning renovations, searching for recipes, gathering travel tips, or education. It offers a wealth of curated content & user-generated pins to spark ideas. I appreciate the intuitive search functionality & the ability it gives us to save & organize pins into our themed boards. It's my go-to source for discovering new ideas to spark!",5,2086,13.7.0,2025-03-03 04:33:20,,,13.7.0,com.pinterest
70122a9b-1362-4967-a531-320511cbd78a,MariE,https://play-lh.googleusercontent.com/a/ACg8ocKTIC1w5MkQxkw-N80BKAUW4JXWWiNMIIN1-UDw0ImxAom51w=mo,"There's always something that catches my attention like diy projects or recipes I've tried some and mmmm the crusted chicken breast with Parmesan cheese. Old recipes as the generation of certain times the recipe changes for the family as they grow so they add something or take ingredients.. no disrespect to our elders. They took like something new to eat, it's all good. Thanks Pinterest 🙆",5,849,13.4.0,2025-02-05 16:56:04,,,13.4.0,com.pinterest
51917f06-878a-439c-9cd2-4f15a6f2104a,Seychelle Rose,https://play-lh.googleusercontent.com/a-/ALV-UjW0QMz0uBqgleHPlY6BoiJoF6MhDG4n81CaGW2qF0zF_cmKylHc,"I am a big fan of Pinterest! I can find any recipe, travel info, craft, decor, outfit ideas, and anything else I can possibly imagine with a simple search. I have been a fan of this for years and have cultivated a multitude of ""boards"" that allow me to organize my pinned content. This app is amazing and I have spent many a rainy day just enjoying sifting through all of the incredible pins!",5,2182,12.45.0,2024-12-11 01:43:10,,,12.45.0,com.pinterest
cdea484d-9442-40f9-acaf-13ee0452a5bf,Lexus Lexusstark,https://play-lh.googleusercontent.com/a/ACg8ocJmfPpkJxWsQ6M9tlVRj2ftJ5BPtjbS48BGdQmtJZ-XSrkniw=mo,"Love the pinterest app! There is only one flaw with the android version... the apple version had the alphabet on the right hand side while pinning something. You could quickly select a board with that feature. In the android version that doesn't exist and you have to scroll through to find the board you want, if it starts with z then its all the way at the bottom. I'm sure this isn't a big deal to new users but I have used the app for many years so I have a ton of boards.",5,457,12.46.0,2025-01-05 23:44:26,,,12.46.0,com.pinterest
31d54d6e-756c-4dc5-afcb-d533240b43dd,Trudy Hill,https://play-lh.googleusercontent.com/a/ACg8ocKdhJTgnS6bFczDGOq4NtlYiJLdPH5iXX10a19CPB2VlcaDcQ=mo,"I just installed Pinterest. I have heard so much about this app, I finally decided to download on my phone. I 💕 the app! It has so much to offer recipes, pictures I can save to wallpaper, hair products, DIY and to so much more. Really amazing product featured that I can buy. The app shows a ton of amazing creative design works, popular foods, fashion and fun stuff for all.",5,812,12.46.0,2024-12-18 10:03:58,,,12.46.0,com.pinterest
d3f9a75d-15ac-4e79-b180-d1fc3e5f7095,A Google user,https://play-lh.googleusercontent.com/EGemoI2NTXmTsBVtJqk8jxF9rh8ApRWfsIMQSt2uE4OcpQqbFu7f7NbTK05lx80nuSijCz7sc3a277R67g,"I love Pinterest dearly but moving the ""save"" button to the right hand side of the screen is so mean 😭 I am left handed and I can't reach the other side of my phone without using both hands and it's not comfortable when I'm trying to relax (I know, first world problem) but it's something to consider when redesigning things in the app! Not everyone is right handed lol us lefties already have to adapt to so much!",5,1531,12.41.0,2024-10-31 10:08:02,,,12.41.0,com.pinterest
d4463871-a6e0-4600-bbe3-072ce86ba4a9,Pallyalil,https://play-lh.googleusercontent.com/a/ACg8ocKJbp6a_UiEhd4cx5TEJYl_VYEvBdxftlo3a4KSeNrThpPsfQ=mo,super,5,0,13.12.0,2025-04-06 18:23:01,,,13.12.0,com.pinterest
1a26e84c-78d3-44ff-8d11-fbc8b09905ea,Prince,https://play-lh.googleusercontent.com/a-/ALV-UjUXG0KA8H6RfWXSjUvw-4MVbja7IJE_NUTwk4tO6FXkcuIpxzvE,best app,5,0,12.46.0,2025-04-06 18:09:58,,,12.46.0,com.pinterest
36333a08-023e-4676-ad49-61c60ee05a62,Angelese Weaver,https://play-lh.googleusercontent.com/a-/ALV-UjUNf5p6dYFxRRV_jzcRPaRxSph_VTTnnWpgSao8QW-C0rbYlTdm,I am a full time artist and I don't always know what to create but because of Pinterest I get ideas for all different things and tutorials galore on how to do them!,5,0,13.12.0,2025-04-06 18:01:58,,,13.12.0,com.pinterest
636a222c-2ebb-4320-9d3a-7cc7c29a583d,Stephen,https://play-lh.googleusercontent.com/a-/ALV-UjVT214Ifqp1vTBvpAKzskyplUQiS1JEUfWhFOzc9hvK53JG00ou,awesome! gives me great ideas I can run with. easy organization and retrieval of ideas,5,0,13.12.0,2025-04-06 17:57:10,,,13.12.0,com.pinterest
cef700e8-814a-48b7-9534-376d3189dbe5,MD AMINUL ISLAM,https://play-lh.googleusercontent.com/a-/ALV-UjWxI4rUEDJN9_XcSCkbquFalYYw-tW_V_mALBX9goramE7f6DMx,Boss,5,0,13.12.0,2025-04-06 17:51:23,,,13.12.0,com.pinterest
ac8e0e67-d2b9-4c6c-9a2f-c91b1c6b2ef7,Golu Mehra,https://play-lh.googleusercontent.com/a/ACg8ocKcelpYzeH_dewYGNXCWBazzY2OWeDWNZeuG8QRodOXOfjPBA=mo,is apps ko koi mat istemal karna,5,0,,2025-04-06 17:48:23,,,,com.pinterest
fc24d820-cd15-4450-8b6c-5d8ec18c504f,carole campbell,https://play-lh.googleusercontent.com/a-/ALV-UjXnTo8xIMdQdPCoDLGPNknuWTNLcfnqEIGRA0lltas-_ikrIAT3,love Pinterest everything in one place from cooking to sewing knitting and interesting things,5,0,13.12.0,2025-04-06 17:45:25,,,13.12.0,com.pinterest
be6c0b77-7c2c-45aa-99be-ecf34ded00d0,Destiny Malone,https://play-lh.googleusercontent.com/a-/ALV-UjVpdpQKVkpRC-qXZ6-Nmvmao7vemfCfpzmHQBb9nYrg-oBFHbp2kQ,"Lots of problems. If you use a template and customize your outreach, it just reverts any changes back to the template when you send. Only realized this after wasting time customizing dozens of outreaches. An old colleague replied, and I was embarrassed to see it had sent the standard template with no personal touch, even though I took care to craft it.",1,4262,4.1.1007.2,2024-11-24 19:47:40,"Hey! We are sorry for the experience you have had. We'd like to take a closer look at this for you. Can you please send us an email with your details here: https://www.linkedin.com/help/linkedin/ask/default-social?source=GP Thanks! - PK
",2024-11-24 12:27:44,4.1.1007.2,com.linkedin.android
234d2b20-2f9d-45bc-acd6-1113a59e1677,Jessa R,https://play-lh.googleusercontent.com/a-/ALV-UjXN47fyJkfrBvBs8cup8Fu6j98iFEWbFURrbBepYnHXZLOc7kgO,"For the past few months I haven't been able to open the app on my phone unless I happen to get a notification. When I tap the app the usual way I see the loading screen for a split second and then it crashes. I've reinstalled it a lot and it's definitely up to date. I've been relying on the browser version on my desktop computer which isn't very convenient, especially while job hunting. Additionally, why am I expected to provide ID? When I tried it rejected it anyway. This app doesn't work",1,696,4.1.1048.1,2025-03-24 20:24:29,,,4.1.1048.1,com.linkedin.android
c6f53ce1-ec57-49ae-b8dc-01a45c88302d,Allison T,https://play-lh.googleusercontent.com/a/ACg8ocKddjx3fPwI-JqL7-_Lx3eQ0vDg3WhNpSoRYUdYqbPZ_te1Ew=mo,I am having major problems with resetting my password. I cleanly recall my old pw incorrectly. It keeps sending codes..I verify.. and it still won't let me reset. I need a person to contact and assist. ASAP. This has become extremely frustrating. It's still working on my phone... but won't let me change it. And despite verifying and entering codes provided can't change. Of an update happens and I have to sign in again I'll be locked out. And none of the settings features work to reset! Help,1,70,4.1.1045.1,2025-03-18 01:00:22,,,4.1.1045.1,com.linkedin.android
d0febdb1-9e11-4947-8c21-2c8ca84d5a30,Allison Lipscomb,https://play-lh.googleusercontent.com/a-/ALV-UjWyL5uznmW9D6p7cjNUQWi8tBstDPV1ljB7MAH0TZDdOvByfURAog,I got an email saying I needed to log in with the PIN emailed to update my password. PIN didn't work. Contacted them (somehow). Went through their extensive verification process with my passport only to get another email to change my password and . . . another PIN that didn't work. So I'm back to square one. I would just stop using the app but not having an updated profile or a hacked profile can affect employment prospects. LinkedIn has no customer support available outside of their app.,1,116,4.1.1044,2025-03-14 01:16:36,,,4.1.1044,com.linkedin.android
ba778728-0c2a-4d14-aaa0-f17e503b3396,the original d4l Hannah,https://play-lh.googleusercontent.com/a-/ALV-UjUUqfY1geu9xFFyjDD_nKp1qHW3iyyLpQtVsaUFLjxawjxvaQoe,this was a massive waste of time. app forces you through multiple steps just to ignore your location and show u 2 jobs in a totally different state. then forces you to jump through hoops to delete the stupid thing. the whole thing was people posting about how successful they are and adds for random junk. to say I'm unimpressed is an understatement,1,30,4.1.1049,2025-03-27 01:14:09,,,4.1.1049,com.linkedin.android
f2ad8afb-c637-4c2c-8e98-b1bbf81c6606,Christopher Santos,https://play-lh.googleusercontent.com/a-/ALV-UjV20qRLQB41Ua469TTQkUOUS3V4eLX-w1f5pQXAulolZBwsHNQ7Og,"The LinkedIn service concept is working very well allowing me to make connections. However after setting up my account, enabling two factor with authenticator and passkeys. It felt secure until it temporarily restricted my account. I barely have any data stored along with multiple forms of two factor, yet they require me to submit a government ID for the second time?! Not worth it.",1,127,4.1.1041.2,2025-03-09 18:26:28,,,4.1.1041.2,com.linkedin.android
33c2587a-473b-43f7-8faa-1bc0c0f8e1bb,Jacobus Albertus “Jaco” Bierman,https://play-lh.googleusercontent.com/a-/ALV-UjXjH9XVh4sobV7TEc1bfAOoheD_8c2dAkqplH0Qo_lZwqYwXUjB-w,"LinkedIn undoubtedly serves as a valuable networking tool and a powerful job search platform. However, when issues arise and assistance is needed, the experience can be deeply frustrating. Reporting problems, particularly those involving companies, often involves navigating restrictive drop-down menus that fail to capture the nuances of the situation. Despite persistent attempts, users often find themselves without adequate resolution, leaving them feeling like just another number in a vast",1,1322,4.1.1041.2,2025-03-11 21:51:26,,,4.1.1041.2,com.linkedin.android
44dc07be-2e8e-45e8-8e98-b850fe1aee76,Mark G,https://play-lh.googleusercontent.com/a/ACg8ocI84-g8-LKR4YgkTCTDPUA1FsFqAA_12BGt1S9l1yCwqD0whg=mo,"Verification system is broken. Upgraded to a new phone. App won't let me login keeps sending a notification to the old phone which the linked in systems think is logged in. Selecting links to reset your password send a message to old phone to acknowledge, a link they present that states I don't have access to the device results in the same frustrating circle of frustration. Good riddance.",1,2069,4.1.1033.1,2025-02-12 05:30:10,,,4.1.1033.1,com.linkedin.android
839b6008-46d5-4029-ba9a-936f1822cb63,Courtney Burgess,https://play-lh.googleusercontent.com/a/ACg8ocLIpRlPLZHwVkSokiPD94QFQCDY0R-OjVVjX6q2Vfga6TkWRFY=mo,"Locked out of my account and they don't offer support. I've been going in circles for the last 30 minutes trying to reset my password. I have access to my email but not the old phone it wants to use. For the life of me I can not regain access to my account and there is no ""help"" available to get you back in. How ridiculous. Still the worst freaking app ever",1,1412,4.1.1038,2025-02-21 02:07:33,,,4.1.1038,com.linkedin.android
72ff2d69-ea66-402a-a9fa-b0f0f6401f37,Trynda E. Adair (Trìnda NicÉigeir),https://play-lh.googleusercontent.com/a-/ALV-UjVAWMjdSm9GlVa_VWv7Br-SB5QVT6yCaG6e1PVUyEhw5szmOoBm,Used to be much better. None of the algorithms work properly anymore because it's all oriented around getting you to pay for overpriced premium. Refuse to pay for premium because all the jobs I'm shown are promoted and it doesn't actually help you get a job. Not sure what benefit people actually get out of the platform anymore.,1,707,4.1.999,2024-10-31 20:42:34,,,4.1.999,com.linkedin.android
795c28a6-e796-40f6-8854-4cee25c883d5,Anirudh Sharma,https://play-lh.googleusercontent.com/a-/ALV-UjXhRaSagB7eMwtiPK8CcskcqS4v1TWj6ONQuUGYFE4hjoegnftL,"Hi linkedin team, good day ! Well it is not a good day for me because you have a bug in you verification process i have tried several times and it's still not verified. After completing all steps of digiloker app automatically close before even taking me to the picture taking process. I hope you will read my review and do something for it. Please fix this bug as soon as possible because im frustrated now so, it's an humble request. If this bug get fix i probably change my ratings to 5 star.",1,96,4.1.1053,2025-04-04 17:06:03,,,4.1.1053,com.linkedin.android
ae89f94c-c24e-49d8-a0ce-c8710d6232c1,Oleksiy Nagornyy,https://play-lh.googleusercontent.com/a-/ALV-UjWG5dJTOholEAqcDDVMWpazd9YLR9E47HwKFl78FWfPWydl5Ogx,"I read a post on the LinkedIn mobile app that truly resonated with me, and I wanted to share my perspective on it. I briefly switched to another app to find some supporting sources, and when I returned, the LinkedIn app had refreshed the feed - completely losing the post I wanted to respond to. This was very disappointing and frustrating, especially since there's no way to recover what was shown earlier. In addition, the app lacks basic features like copying post text or saving images.",1,55,4.1.1048.1,2025-03-23 21:14:54,,,4.1.1048.1,com.linkedin.android
f21050bf-8423-4777-83be-ad3bce03f553,Jannis Gutleben,https://play-lh.googleusercontent.com/a-/ALV-UjX-Wc4mEBNn8QQiaHfs9U2ejBecbqyEB1F2NCfvnOe75VvsSiz4,"Absolute annoying experience. After the ID verification has been advertised a lot I thought I´ll try it. As a result I can´t access my account and I´m also not able to get any assistance with restoring acccess. I´ve been wasting a lot of my time trying to, but no progress possible, because help form seems to be only accessible after login.",1,10,4.1.1052,2025-04-04 07:09:45,,,4.1.1052,com.linkedin.android
75eecfbc-e7b0-4254-b5e5-893290d3dd5e,Liubov Gosteva,https://play-lh.googleusercontent.com/a/ACg8ocJflv12QnM0gI2XfpCwW0lpCmY92Hs1dqetWBqBR_cIRMHLLeI=mo,"The profile verification doesn't work. It's very annoying when you try to do this for 50 times and then get the reply from the support in a sense that ""you don't hold the device long enough"". Well, maybe the last of that attempts, when I was about to throw my phone from the window, was indeed not long.. Please, improve the verification process, or at least provide the list of specific types of documents with which the NFC scan doesn't work yet, so that the users don't waste their time. Thank you",1,265,4.1.1036,2025-02-15 02:18:26,,,4.1.1036,com.linkedin.android
a1e2cf3c-2f34-451b-843b-b406edd923d3,David Scott,https://play-lh.googleusercontent.com/a-/ALV-UjUjmdMv8kCkpjtLKlMvCToLiMDs7XluAOpOncPzdAwKkNplAzdy,"Trying to use this app but stuck in a loop. lost my password, but when I try to reset and I put in the email code it says check the app, but I'm trying to log in to the app. Just says ""something unexpected happened"". You don't say?? I'm now locked out with no way to contact Linkedin via support. I seldom use Linkedin and this reminds me why.",1,10,4.1.1052,2025-04-03 10:11:22,,,4.1.1052,com.linkedin.android
e57466f2-af78-42d9-bb98-aeb6cca26c33,Cris,https://play-lh.googleusercontent.com/a-/ALV-UjXt6J50nJMgCd0EiFtCgrMMC8Lv1YQFkKpsnKlXgOKfVF0OBLV1,"Todo iba perfecto hasta que añadieron la verificación de ""persona"" con el ID, he intentado hacerlo pero el sistema de la cámara funciona horrible y no enfoca bien mi DNI, intenté usar el botón ""not now"" y no hace nada... en fin, ya no puedo usar LinkedIn, gracias. (No se ni para que me pide otra verificación más si ya añadí la de verificación en dos pasos)",1,1,4.1.984.1,2025-04-05 06:54:47,,,4.1.984.1,com.linkedin.android
46e7602e-fd55-4c0e-92dc-a87af7f0c197,Prateek Mankele,https://play-lh.googleusercontent.com/a/ACg8ocIw9CeoypA5b9Otnwhb-DZHEN5njKdTf_fyc9y6dU2NNhfka-A=mo,"Can't verify profile with digilocker. after entering OTP and PIN, app crashes.. doesn't even ask for photo capture and verification fails.",1,2,4.1.1053,2025-04-05 06:47:50,,,4.1.1053,com.linkedin.android
3777298e-5a1f-4062-b841-072c90fffa64,Brangka Munan,https://play-lh.googleusercontent.com/a/ACg8ocJ0MvwJA9mo_pAx9NSv429rXwxEzF2EvhezwTNRBH5PzPRPPA=mo,I can't read a post because it keeps telling me to Update. I've already updated.,1,3,4.1.1053,2025-04-05 06:05:53,,,4.1.1053,com.linkedin.android
62b52bb4-9df0-49fc-a3be-341be4f22eb1,Robin,https://play-lh.googleusercontent.com/a/ACg8ocJBqFsM3GEygES5XNaT-6RQOXKGAvZSeRPdN2ZIO4KcOzSDC24=mo,Teilweise Nutzung von kontroverser sog. Gendersprache,1,1,4.1.1052,2025-04-05 04:26:11,,,4.1.1052,com.linkedin.android
e0d8ab41-d2ba-4fc7-86ad-db8c5c848ff9,Santosh Advocate,https://play-lh.googleusercontent.com/a-/ALV-UjUApcFAy9eK_BD4kELMRNA0aIEhpA8ZNIl3qLg8Ky-snZbdGXUzbA,"LinkedIn demanding government ID for access is a dangerous overreach masked as “security.” This isn’t protection—it’s data exploitation. They’re not a bank or government, yet they want your passport or Aadhaar. Users must realize the risk: handing over sensitive info to a private corporation opens the door to misuse and surveillance. I’m deleting my account and urge others to rethink trusting a platform that commodifies your identity.",1,4,4.1.918,2025-04-05 03:11:20,,,4.1.918,com.linkedin.android
04f6bd55-13a4-4641-8215-82e0224e66ec,Mansuri Raja,https://play-lh.googleusercontent.com/a/ACg8ocLC3XddlUjA8rWGKZqgakfP4R9eRI_2ABi_ynzAs_ct8feBdQ=mo,still not faund any job on linkdin.,1,3,,2025-04-05 03:03:36,,,,com.linkedin.android
1ab8e60a-aa5d-48bc-896f-6169a710ca51,Anisa Anisa,https://play-lh.googleusercontent.com/a/ACg8ocJMR0TnC6t1L9NhQnuoO9CBzjuts693YH_hakuVzNbeTTSlvA=mo,worst experience when you're changing its password and verifying it,1,0,4.1.1026,2025-04-05 01:50:26,,,4.1.1026,com.linkedin.android
bcf6f110-0ad7-4e1e-ba61-ecd32b90d54e,Roy Tarver,https://play-lh.googleusercontent.com/a/ACg8ocIP-yN2Ews3NAQ3IVx6e6GJ1VFW_UqOG3jTvwChPCNs5hfZIg=mo,"The amount of notifications and emails y'all send people by default is crazy! I just went through 13 different categories with 3 - 10 subcategories in each, worth of notification settings. All turned on by default to send push notifications and emails. I don't need an email everytime one of my hundreds of connections likes a post. It's ridiculous that y'all think your app is that important. I don't want emails from apps unless it's an emergency or a security Alert. Yall dont even make it easy!",2,1,,2025-04-04 06:55:55,,,,com.linkedin.android
2dcbc9d2-2b91-46ec-8bd2-2a16792421e1,Alex Thiessen,https://play-lh.googleusercontent.com/a-/ALV-UjWOCwkUw3qfHBYd1asyHAL-NBAv2CYiI6HbbM-eg5UGvA_zcNRL,"Great network, horrible app. On the network, I find interesting discussions to read and participate in. The job market feature is poor as salaries are invisible (work pro bono? I ain't got time for that). The app is horrible because imagine you see a post in your timeline with an image. You click on the image to see it zoomed, then go back to read the rest of the post, and boom, it's gone! Now you have to jump hoops to find that damn post! Support for tables with a physical keyboard is bad 👎",2,120,4.1.1003,2024-11-13 07:27:07,"Hey Alex! I'm really sorry to hear about the issues you faced. Your feedback is important, and I'll make sure it gets communicated to the team. We'd like to take a closer look at this for you. Please contact us here: https://www.linkedin.com/help/linkedin/solve directly so we can work on making improvements. -NS.",2024-12-03 04:28:35,4.1.1003,com.linkedin.android
ae270d06-ea94-4823-b59c-22023e76865f,A Google user,https://play-lh.googleusercontent.com/EGemoI2NTXmTsBVtJqk8jxF9rh8ApRWfsIMQSt2uE4OcpQqbFu7f7NbTK05lx80nuSijCz7sc3a277R67g,"I live in a small area, so the selection for companies or jobs near me is close to zero. Not many local businesses use LinkedIn. My app though almost never works right. Over the last 2 weeks, 1 tab at a time has stopped loading. Now every tab from the menu and all the page tabs at the bottom no longer work. This has happened twice before using LinkedIn. I've reported it twice, once to LinkedIn and once to a tech service failure reporting site. No replies from either.",2,35,4.1.317,2019-06-11 22:30:05,"Hi James- We appreciate you taking the time to reach out. We'd like to take a closer look into this. Can you send the following to us? Your app version, phone model/version. Please send it here: https://lnkd.in/GP  Thanks!",2019-06-11 22:44:51,4.1.317,com.linkedin.android
248fc779-67f7-4336-8f2c-2b7c337c31f1,A Google user,https://play-lh.googleusercontent.com/EGemoI2NTXmTsBVtJqk8jxF9rh8ApRWfsIMQSt2uE4OcpQqbFu7f7NbTK05lx80nuSijCz7sc3a277R67g,"the last week or so has been terrible for linkedin. what is going on? cannot retrieve messages. When i hit follow, an error happens. i have to hit it again. When i hit notifications, ""something broke, we took a wrong exit."" This is getting ridiculous. I stay checking down meters, you are having issues daily. Please fix these issues.",2,46,4.1.335.1,2019-07-28 22:06:16,"Hi - We appreciate you taking the time to reach out. We'd like to take a closer look into this. Can you send the following to us? Your app version, phone model/version. Please send it here: https://lnkd.in/GP  Thanks!",2019-07-29 05:24:00,4.1.335.1,com.linkedin.android
e4117632-c629-47c1-942e-4feba697196d,Justin McClintic,https://play-lh.googleusercontent.com/a-/ALV-UjUvomVgOQontTciyKY_8kMP08MCyCkAQeAuus6c__oiWeuWe1A,"Great app, easy to use, great for networking. Tedious intro tutorial. Had to press skip 3 times and done twice just to get to the main screen. Skip should mean skip. Also can't log in on mobile browser. App login worked fine. The job search filter by location is useless unless the location you want is one of the nine choices selected. There's no way to edit the choices on location.",2,20,4.1.619,2021-09-24 09:28:49,,,4.1.619,com.linkedin.android
b4605fd9-cb76-4657-82d3-8a3db558dda6,A Google user,https://play-lh.googleusercontent.com/EGemoI2NTXmTsBVtJqk8jxF9rh8ApRWfsIMQSt2uE4OcpQqbFu7f7NbTK05lx80nuSijCz7sc3a277R67g,"I do not like this app because it is hard to find jobs since the app goes by your resume. There was an option to tune recommendations, but it stills displays the jobs, once again, that is based on your resume. I am trying to find a particular job in a industry, but I hate it when it only shows on my experience. Even if I filter the search, it shows jobs that I am way underqualified for and it is discouraging to see my experience is not enough for internships or entry-level jobs.",2,59,4.1.313,2019-05-29 21:18:42,"We appreciate you taking the time to review the LinkedIn app. We'll pass your comments upward to our team here. If there is any additional feedback you'd like to provide, please email us at https://lnkd.in/GP. Thank you! -TK",2019-05-30 00:34:44,4.1.313,com.linkedin.android
f3bc3402-4d34-4563-8137-9af470030277,Timi Timz,https://play-lh.googleusercontent.com/a-/ALV-UjUeyw0heoHmCAKoEfGBA7lYI6RHXIo0XaqWE6_aLyskInL0ECI,"Hi, posting photos and/or videos via the app causes it to crash. It's not always convenient to be on a laptop. This crash has been going on for a long time and it keeps being ignored in updates. Please fix this. - Thanks to everyone putting in work. ∆∆∆ Response to Dev ∆∆∆: I've done that before, it's the same issue still. The phone is the S7 Edge, I've updated, I've used mobile data and WiFi, it just crashes almost immediately. Especially when it comes to trying to post a video.",2,70,4.1.464,2020-08-20 07:06:53,"Thanks for taking the time to review the LinkedIn app. We're sorry to hear you're experiencing this. Can you try to uninstall and reinstall the app? We've found this works for most. If you're still seeing this issue, please email us at https://lnkd.in/GP so we can look into this. -JD",2020-08-20 06:55:06,4.1.464,com.linkedin.android
9d9c8d71-2e91-45fe-b288-8ac5b00cb267,A Google user,https://play-lh.googleusercontent.com/EGemoI2NTXmTsBVtJqk8jxF9rh8ApRWfsIMQSt2uE4OcpQqbFu7f7NbTK05lx80nuSijCz7sc3a277R67g,"This app seems to be more or less a wrapper for the mobile LinkedIn website, and it does that poorly. The layout overlaps the screen edges without the ability to resize, meaning lots of horizontal scrolling back and forth to read stuff, as well as the inability to access all icons in the top tool bar of the site without rotating the phone to landscape view. It's clean looking and simple, but these layout issues drastically reduce usability. Unusable for me, even on a large screen phone (Note 8).",2,70,4.1.260,2019-01-16 06:38:04,,,4.1.260,com.linkedin.android
88d5b267-2c77-4e50-b7eb-b6ec22a197ad,A Google user,https://play-lh.googleusercontent.com/EGemoI2NTXmTsBVtJqk8jxF9rh8ApRWfsIMQSt2uE4OcpQqbFu7f7NbTK05lx80nuSijCz7sc3a277R67g,"For the past 3 days now, I uploaded 2 posts and they have been loading to no end. They were not even videos. very annoying. Also a few days ago, I tried to change my profile picture amd it was on ""sending"" forever amd still didn't do it. i rebooted a few times and gave up because it still wasn't working. One time I left it to work in the background and at the end of the day went back and it waa was still sending brrrrrrhhhhhh!",2,51,4.1.335.1,2019-07-30 23:32:02,"*Updated* Thanks for taking the time to review the LinkedIn app.  Sorry to hear you're having troubles. Please try to uninstall and reinstall the app. We've found that it works for most people. If you're still having issues after a clean install, email us at https://lnkd.in/GP so we can look into this. -TK",2019-07-30 23:35:52,4.1.335.1,com.linkedin.android
3f53cbd7-7991-456f-8ffa-b1f160b4309c,Brian Kleszyk,https://play-lh.googleusercontent.com/a-/ALV-UjXSqap6K3NvSVrt51Y78Fp6gvF14dY-cap1w9zDNnOfKGfsCuMo,"Update 2023 -- please fix messaging external URLs. This app has no extra functionality compared to the mobile website, and is incredibly buggy. Really subpar quality in design, but also freezes up, displays false notifications, has notifications that don't go away. I don't know why anyone would use the app for linkedin. Not that their website is much better!",2,2,4.1.793,2023-03-18 02:41:32,"Thanks for leaving your review of the LinkedIn app. We're sorry to hear you're not enjoying it. If you have any further feedback you'd like to share with us, please email us at https://lnkd.in/GP Thanks! ~LAV",2023-03-19 05:16:37,4.1.793,com.linkedin.android
3eafe09e-9d2e-49e8-8370-a1ccf039b782,A Google user,https://play-lh.googleusercontent.com/EGemoI2NTXmTsBVtJqk8jxF9rh8ApRWfsIMQSt2uE4OcpQqbFu7f7NbTK05lx80nuSijCz7sc3a277R67g,"Not a good user experience. App keeps forcing an update and will not work unless I update it. There are no decent descriptions about what is being fixed or improved from the previous version except for an amateurish ""bug fixes"". Therefore, I simply uninstalled and decided to forget about it, and will occasionally log into the website using my PC's browser. The app, as is, is not worth the hassle.",2,35,,2019-05-30 04:37:39,"Thanks for leaving your review of the LinkedIn app. We're sorry to hear you're not enjoying it. If you have any further feedback you'd like to share with us, please email us at https://lnkd.in/GP. Thanks! -TK",2019-05-30 21:45:06,,com.linkedin.android
8369dff2-027e-4bf6-81bb-0e9401455033,A Google user,https://play-lh.googleusercontent.com/EGemoI2NTXmTsBVtJqk8jxF9rh8ApRWfsIMQSt2uE4OcpQqbFu7f7NbTK05lx80nuSijCz7sc3a277R67g,"I honestly really dislike LinkedIn, as a website and as an application. It overcomplicates everything that should be simple. It constantly asks me to connect with new people and every time I log in I have to skip multiple screens just to see who messaged me. It's gotten better than it used to be, but to not saying much.",2,250,4.1.232,2018-10-11 10:21:55,"We appreciate you taking the time to review the LinkedIn app. We'll pass your comments upward to our team here. If there is any additional feedback you'd like to provide, please email us at https://lnkd.in/GP. Thank you!",2018-10-12 22:13:01,4.1.232,com.linkedin.android
2337f5e8-419b-43e0-82f6-31c83df13dec,Marc Nash,https://play-lh.googleusercontent.com/a/ACg8ocIyADgXUyRtphjjKP-dDQ7xhlcWzMpHrGuH7uigKuuUKqE6yw=mo,"9/20/2016 I am very happy with this app. I use it all the time but with the latest update, it started to crash all the time. I then uninstalled and reinstalled it and now it works fine. If it weren't for the crashing, I would have given it 5 stars 12/24/2020 Starting to crash alot on the connections tab when accepting connections.",2,123,4.1.525,2020-12-25 03:59:55,"We appreciate you taking the time to reach out. We'd like to take a closer look into this. Can you send the following to us? Your app version, phone model/version, and any details regarding where the app crashed or when the freeze occurred. If it's a freeze, a screenshot of it would be great. Please send it here: https://lnkd.in/GP Thanks! -DLZ",2020-12-30 07:20:20,4.1.525,com.linkedin.android
0ee39a88-d9d3-48d8-9b09-a6ebb040f025,Kevin Harrington,https://play-lh.googleusercontent.com/a-/ALV-UjXThh1U2nYGho5OaCUpURMSuxnGGkc3ioq_XF1EB4p7qLZeU1jz,"When opening the app, it says ""update to our latest app to get the most out of linkedin"". However the app will not function at all except the update button. There is no reason that an app must be ONLY the lastest update to work. The notice should be accurate, clearly it is not. I didn't put the last update in yet as it was less than a month old & they don't always work properly. Now there's another new one 4 days ago. What if your location has bad cell reception or you have a small data plan?",2,27,4.1.415.1,2021-04-17 20:25:06,"We appreciate you taking the time to review the LinkedIn app. We'll pass your comments upward to our team here. If there is any additional feedback you'd like to provide, please email us at https://lnkd.in/GP. Thank you! -DLZ",2021-04-18 22:41:53,4.1.415.1,com.linkedin.android
0ce2f55e-80e3-46d2-be8f-a3573270937a,Wasted Po LLC Sneakers & Athletic Apparel,https://play-lh.googleusercontent.com/a-/ALV-UjVxN3LfBMSflSVB2YcTIJjV3ariEdu7UltW17oZgEH-AmkiORv-iA,"Man this app sucks. Some days it doesn't show you notifications on messages, and other days it won't upload your videos, no matter if you restart your phone or not. Even after I uninstalled and reinstalled the app, the same issues arise. Why this app has to have access to my camera AND microphone, to upload a video, is also BEYOND intrusive. Pathetic.",2,57,4.1.395,2022-03-24 20:00:25,,,4.1.395,com.linkedin.android
3b497f5d-fbfd-4181-9ef7-4c9eed783e87,Sparsh Priyadarshi,https://play-lh.googleusercontent.com/a-/ALV-UjV0K2zkhkAJH1ph2g-yMA152Si4T2goyAysE3Qsn-yl2E0CU4Qo1w,wish they had the decency to disable ads in the feed for premium members. the feed quality is just mediocre anyways lately. I'm on this just because of lack of choice.,2,1,4.1.1052,2025-04-05 03:00:40,,,4.1.1052,com.linkedin.android
ad1516d9-1026-4e55-adcb-0abc4d1744ee,Kim Rahbek,https://play-lh.googleusercontent.com/a/ACg8ocISoJQiFkLHol_nXSQjZd8BD8i07tZRrm5li0VzfcgH8SpSmA=mo,"Every single time I try to open LinkedIn, the application says ""Updates required"" or words to that effect, and that's really not helpful! There is no choice as to when this happens, which is not acceptable either. Please change that!",2,2,4.1.1053,2025-04-04 19:10:27,,,4.1.1053,com.linkedin.android
0a9f8c17-a92e-4365-92da-74419e5fab51,Darishnea Bio,https://play-lh.googleusercontent.com/a/ACg8ocK33QPBExv2f-64MhzoDiIzvjhBlE2lbHSBcq3l0734ezRakg=mo,the job hiring posted always new,2,0,4.1.953,2025-04-04 15:49:14,,,4.1.953,com.linkedin.android
16a0588b-d4aa-42ec-99ec-8df08b73a0d9,Melissa Irawan,https://play-lh.googleusercontent.com/a-/ALV-UjUwa78EPMmWzl40F7ht-59QAHer5Nyk3CU7g1G8_jRmJ4mCsvbyWA,I couldn't find my followers on LinkedIn 🥺😩😭😭😭😭🤨😡🥵how to find my followers??????? 😡😡,2,0,4.1.1052,2025-04-04 15:15:12,,,4.1.1052,com.linkedin.android
5ce75515-e0a8-4a50-968b-a0c100a691d1,Tramaine Moore,https://play-lh.googleusercontent.com/a-/ALV-UjVGiBa_u1v6zTjKC_BcaZf7znyg7xt6ViPI1EThMgehqVasFxbC,"Update - its now April 2025. After several years, they still haven't added the ability to sort your feed by most recent like the desktop version. I'm constantly reminded of ""John Smith"" starting a new job or got promoted from over a month ago. My feed is now full of weeks or months old content that I've already seen multiple times.",2,181,4.1.1052,2025-04-04 10:07:09,"We appreciate you taking the time to review the LinkedIn app. We'll pass your comments upward to our team here. If there is any additional feedback you'd like to provide, please email us at https://lnkd.in/GP. Thank you! -AS",2021-04-20 00:34:05,4.1.1052,com.linkedin.android
bcf6f110-0ad7-4e1e-ba61-ecd32b90d54e,Roy Tarver,https://play-lh.googleusercontent.com/a/ACg8ocIP-yN2Ews3NAQ3IVx6e6GJ1VFW_UqOG3jTvwChPCNs5hfZIg=mo,"The amount of notifications and emails y'all send people by default is crazy! I just went through 13 different categories with 3 - 10 subcategories in each, worth of notification settings. All turned on by default to send push notifications and emails. I don't need an email everytime one of my hundreds of connections likes a post. It's ridiculous that y'all think your app is that important. I don't want emails from apps unless it's an emergency or a security Alert. Yall dont even make it easy!",2,1,,2025-04-04 06:55:55,,,,com.linkedin.android
8d331297-a761-4175-9e6a-3bd36fb9872c,Dhikrullah Zakariyyah,https://play-lh.googleusercontent.com/a/ACg8ocLVBGK29BXfAiQY6do8p_a7uFj8DQgUrCwjh0eqluqF2Ysv=mo,The app closes down each time I try to open it. Any help about how It can be fixed?,2,0,4.1.1052,2025-04-04 05:06:27,,,4.1.1052,com.linkedin.android
34bd0e5a-22c2-4751-b3d5-af52410d6737,The Thunder Sauce,https://play-lh.googleusercontent.com/a-/ALV-UjW2yxwb9MaaVlDv3nUapa3vi-HtBMbNmhBGT_ixa5XTnlTqSNFxVg,I'll give it a solid 3 star rating. normal search and posts work fine. you can follow pages and functionality is similar to regular social media apps. however the frustration comes with looking for jobs on the go. job search filter is annoying to say the least and will not narrow down locations or specifics without giving you 11k results across the world. it would be a minor setback if the primary use for LinkedIn wasn't carrer searching and building.,3,41,4.1.1048.1,2025-03-24 04:09:48,,,4.1.1048.1,com.linkedin.android
ab015c94-8da4-4485-abf5-8c1306f532f2,Gabriel Charleboix,https://play-lh.googleusercontent.com/a/ACg8ocL7a2yuFLzlbN7rTI9fkXBF9FGAw7PnXwRrt3m9qrRWipA5-w=mo,"Searching jobs will sometimes not find anything, which is perfectly fine, but other times it confidently gives me a bunch of completely unrelated garbage. If I search ""webgpu"" for example, there are plenty of results but not a single one of them mention webgpu at all anywhere. It's not indicating something like ""I found nothing but here's other stuff you might like""; it's as if it just overrides my search term with what it (incorrectly) assumes I meant without informing me that it did so.",3,98,4.1.1039,2025-03-02 16:41:11,,,4.1.1039,com.linkedin.android
cb7c5e22-7191-43f6-a9c8-18a19b644c49,Wandering Family,https://play-lh.googleusercontent.com/a-/ALV-UjWlRgN8kkVb4VXPMYTeBloktSPBiEZ5tqbJ2f6DX--PFL2x9N0T,"Overall, I like the app, but when it comes to creating content or publishing a newsletter, the app does not work. It says I can add an article, but then goes to a blank screen. There are no workarounds that I have found and it's very frustrating. Many, MANY creators do work from mobile devices. If you want people to create here rather than your competitors, you need to remove these barriers.",3,0,4.1.707,2025-03-15 01:54:32,,,4.1.707,com.linkedin.android
17951db1-b6d5-409a-b2c2-983574374400,Will,https://play-lh.googleusercontent.com/a-/ALV-UjWz770IuPj1kNhOZhxbR68E7KGKw9rEJOiCM62nt7GPShH4MDc0,"I've been using this app for roughly 10 minutes and it's unbelievable just how user-hostile it is, really. E.g. there's a list of professional fields one of which must be specified in the profile, but it's not on the display, so unless your field is common you just have to spend time guessing the exact phrasing assumed by Linkedin. A lot of interface features are either glitching, useless or completely unintuitive, and, of course, there's no direct support. Ridiculously frustrating.",3,185,,2025-02-18 15:44:12,,,,com.linkedin.android
5f27ac19-fc5a-4e96-8f20-5e20a90c9576,A Google user,https://play-lh.googleusercontent.com/EGemoI2NTXmTsBVtJqk8jxF9rh8ApRWfsIMQSt2uE4OcpQqbFu7f7NbTK05lx80nuSijCz7sc3a277R67g,"*Updated: I have tried this, but tried again. This has not solved the problem.* Every time I do a fresh launch of the app, I land on ""Failed to load. Try again.."" When I tap retry, everything loads as expected. This happens 100% of the time I open the app, including when I have a strong WiFi connection and I experience no adverse effects on other apps.",3,73,4.1.330,2019-07-25 07:34:10,"Thanks for taking the time to review the LinkedIn app.  Sorry to hear you're having troubles. Please try to uninstall and reinstall the app. We've found that it works for most people. If you're still having issues after a clean install, email us at https://lnkd.in/GP so we can look into this. Thank you! -EB",2019-07-24 04:12:31,4.1.330,com.linkedin.android
86421090-dbbf-4cc5-8b18-261b311d109b,FindThe Rest,https://play-lh.googleusercontent.com/a-/ALV-UjVRKx8RxgAHUXtOeKXZRL0i54J8WRDG3DbD9NVgPE3ClwGL-_M,"It works well most of the time. It does not offer me the same level of navigation and connecting maneuverability, on a phone, that using a computer with a screen offers. It continues to show me only random people to connect with, rather than real, average Americans who offer services close to, or the same as, mine. It would NOT allow me to list Calligrapher as my occupation. Not helpful.",3,49,,2020-04-29 05:26:50,,,,com.linkedin.android
01eba3f7-d18d-4136-943d-156d45a82745,A Google user,https://play-lh.googleusercontent.com/EGemoI2NTXmTsBVtJqk8jxF9rh8ApRWfsIMQSt2uE4OcpQqbFu7f7NbTK05lx80nuSijCz7sc3a277R67g,"stole my contacts without letting me bail out and since then doesn't stop suggesting to add people from my contacts. I can't believe nobody sued them about the poor privacy policies they have. I'll never install their app on any of my devices!  Edit: Thanks for the response, it was very difficult and totally not intuitive to figure it out by yourself. The UI should really be improved! That said, I appreciate the support and the fact that it solved the (really disturbing) problem, so I'll change my rating.",3,22,4.1.165,2019-07-16 01:34:06,Hi - Thanks for reviewing the LinkedIn App. Sorry for the frustration this has caused. Please know that we'd never import contacts or send invitations without your permission. If you would like to Delete your Imported Contacts you can do so here: https://www.linkedin.com/help/linkedin/answer/43377,2019-07-16 01:21:24,4.1.165,com.linkedin.android
f26bccdb-266b-4830-bed5-6abf2573577b,A Google user,https://play-lh.googleusercontent.com/EGemoI2NTXmTsBVtJqk8jxF9rh8ApRWfsIMQSt2uE4OcpQqbFu7f7NbTK05lx80nuSijCz7sc3a277R67g,"The app has several glitches lately when it comes to sending job postings, searching for jobs messaging. The first one kicks you out everytime you send a job posting. The second one doesn't allow you to return back to your previously searched list after selecting a particular post. The third is when you message someone it constantly says unable to send massage. All three functions weren't an issue before. This may be due to a recent release where some bugs were fixed and others bugs emerged.",3,42,4.1.313,2019-05-25 18:32:55,,,4.1.313,com.linkedin.android
d23fdd06-4267-4006-bc4b-d4570e72b30c,A Google user,https://play-lh.googleusercontent.com/EGemoI2NTXmTsBVtJqk8jxF9rh8ApRWfsIMQSt2uE4OcpQqbFu7f7NbTK05lx80nuSijCz7sc3a277R67g,"Definitely better than the website in every way. It looks nicer, performs better, and is far more organized. Notifications, however, are terrible. Messages cannot be expanded (like in every other messaging app). Worse, job search notifications never appear. What's the point of choosing between email and notifications if only one works? A daily digest would be much better than 15 individual emails or notifications.",3,223,4.1.347,2019-09-13 11:34:29,"Thanks for taking the time to review the LinkedIn app. We'll be sure to share your feedback with our product team. If there's anything you'd like to add to your feedback, please don't hesitate to email us at https://lnkd.in/GP. Thank you.  -EB",2019-09-16 22:34:23,4.1.347,com.linkedin.android
2d79e96a-1855-404d-9ffc-2c55c1931151,C R,https://play-lh.googleusercontent.com/a-/ALV-UjVXfmX5Jc6dhOnvX_r0DEGuws0g0WleEt3_fj7DK7akqR-UUQl-OQ,"1. Many times you can't tap ""show more"" on comments, it doesn't do anything because they didn't load the full text. This is especially prevalent in low connectivity areas. 2. Messaging is weird... If you reply to a direct message notification in the notification tray reply option, without opening the app, then swipe it away. It will notify you in a few seconds that there's a new message... But it's just the message you sent lol. It's an inconvenience but gives the impression of low quality.",3,12766,4.1.815.1,2023-05-07 01:29:01,,,4.1.815.1,com.linkedin.android
4e749a9e-b2fd-4d33-a406-b0ed24e45f3e,Strathmore Turner,https://play-lh.googleusercontent.com/a/ACg8ocJMClovdJJemu6bOYwjAjQy1kqERSl8W3bfCYmtTIbRzeZ9ew=mo,"I finally figured out how to connect with message, but for some reason you bury it with more clicks. Same with this new Analytics change. There's more than enough space in the sidebar to view all without the extra clicks. I get the idea you like to keep folks constantly clicking but rather than do all of that, I just close the app. Time is too precious.",3,4310,4.1.878,2023-11-03 22:06:35,,,4.1.878,com.linkedin.android
fa0414f3-0b7c-4b23-a581-50946937f2c0,Behnam,https://play-lh.googleusercontent.com/a/ACg8ocLMf8iaOb-dmHwp2Uo4phgW90X3FM0tIrHrfG6tD6-OxDVg5g=mo,"The app has an outdated layout which makes it both difficult and unpleasant to navigate. You can look for something such as where your saved posts are for a few minutes before giving up. Watching videos can end with the app throwing you somewhere random, with the video you were watching being lost forever. Your published research articles need to be entered manually into the app, which takes forever. Overall, the app reminds you of the internet during the late 1990s.",3,3359,4.1.894,2023-12-28 19:16:50,,,4.1.894,com.linkedin.android
86942840-2924-42e9-9ec3-450aa9b85d11,Ocean Breeze,https://play-lh.googleusercontent.com/a-/ALV-UjVn_Iuyfs1HyqLnB59GllyG4ggeXIyqBNOGwvL3b11qvXrDAT4,"The professional world will pressure you to form a profile, and this app will allow you to manage said profile easily. It's just not useful for finding and applying to jobs, especially if an application requires an external browser. This app has an internal browser that is unreliable, and isn't quite elegant in allowing you to open said application in another browser, but it's not too hard.",3,2063,4.1.887,2023-12-06 20:37:22,,,4.1.887,com.linkedin.android
e2afe7d3-7268-4e4b-9ba5-e314d7ed8a6f,Darryl Young,https://play-lh.googleusercontent.com/a-/ALV-UjWjrcm-_W08rwO_PiLWbfNftc1i2k1-nfEufLrQ9TWYWFIbefPx,"The Linkedin app for Android was updated on 10/19/22. I recently updated the app on my Android phone and I have lost or simply can't see ANY of my messages on my Inbox. This is very concerning considering that I send/ receive messages of importance on a daily basis. PLEASE review this matter asap. I realize the latest updates are running on beta mode. If this is the result of the latest update, this must be corrected asap. Fortunately, I can still see my messages on PC or Tablet.",3,60,4.1.747,2022-10-27 20:57:48,,,4.1.747,com.linkedin.android
f8e0152d-173c-463b-814a-6e92c5505bce,Mike,https://play-lh.googleusercontent.com/a/ACg8ocKkZustqG2Iq3GrdD1ytSg5rMiB7Cfat3Fsfuxg9LZxJU1xlw=mo,"It does what it's supposed to. This review is for the browser version. Overall, it works well for learning new skills. But everytime I visit I start a new course without finishing the one I started. Can you please have a sort on the My Goals tab? One for most recent and one for most percentage completed. I would like to finish those classes with the littlest time remaining not only because I have an interest but my list is too large to manage. I like the large list of all the learning opps.",3,449,4.1.713,2023-03-20 20:17:31,"Thanks for taking the time to review the LinkedIn app. We'll be sure to share your feedback with our product team. If there's anything you'd like to add to your feedback, please don't hesitate to email us at https://lnkd.in/gu4upfkp Thank you! -SG",2023-04-13 05:53:05,4.1.713,com.linkedin.android
45d668a5-fc59-460d-bbe7-68ddbfaa50e0,Somesh Zade,https://play-lh.googleusercontent.com/a/ACg8ocKP1c-LA3l-k5oSgDNPHa77Pfu4Ac-fU05yW8aMmTldw4ffRg=mo,"LinkedIn is a very good app, and I had a great experience using it. However, there is one bug—the app crashes while verifying through DigiLocker.",3,0,,2025-04-05 01:44:54,,,,com.linkedin.android
caf9584e-f9ba-454b-b41b-a625d75224f3,Claudio Reyes,https://play-lh.googleusercontent.com/a-/ALV-UjU0HBp6BiQH4uJS_A_91VrSjhXGD4dRP3gl-w6rd_HnFM2bdyw,"I would like to do my verification, but I can't. The app doesn't work properly.",3,0,4.1.1052,2025-04-04 19:36:05,,,4.1.1052,com.linkedin.android
ce427f83-e483-4e0a-bd49-22cfed78f885,Rick Cousins,https://play-lh.googleusercontent.com/a-/ALV-UjWr3L9AWWaDwgsov1E73vZ-6hS7qNa-EZaptWbz55FbbE1LMPopfA,writing names don't match drivers license since few authors use their full name on stories. verification here now locks us out without recourse for free accounts.,3,0,4.1.960,2025-04-04 11:24:21,,,4.1.960,com.linkedin.android
ec911435-6097-4219-a978-678f0fb8377f,Dominick Esposito,https://play-lh.googleusercontent.com/a-/ALV-UjW7TBF_4MYJLTaVOALm-tmF_LN07pj8rwuoLf-BMnsKNbX6wpU,"Please ""SIMPLIFY""",3,0,4.1.1052,2025-04-04 07:16:31,,,4.1.1052,com.linkedin.android
4427a7ba-b967-47a1-bc50-3e9d56437262,Hamza Gutsy,https://play-lh.googleusercontent.com/a-/ALV-UjXTXQwKlbf9ImZGSjbIM6dXphjXxn_Eu8bAtZJdnyisk9SLFsvQ,APP crashes ans closes when trying to verify with Gov ID ..,3,0,4.1.1052,2025-04-04 00:20:25,,,4.1.1052,com.linkedin.android
c6089c5e-355d-4f6d-b8e1-e0e819f90bae,Jr Dos Santos,https://play-lh.googleusercontent.com/a/ACg8ocIHuxuEFww61Nn18w0hj5judT4yMgGqtiJrT9kgMbYM5SZEgA=mo,"It's very tough to sign in. All the time I have an issue with. I'm giving up on it. But, they are working hard to fix it.",3,1,4.1.1052,2025-04-03 20:15:20,,,4.1.1052,com.linkedin.android
b3400ef8-a0aa-4573-b476-968b53cb8741,Cynthia Tomlinson,https://play-lh.googleusercontent.com/a-/ALV-UjVh2iRIFy5eftyClyFGRl26rye32QFKW6M_rHume68BD4NyZVE,infrequently used,3,0,4.1.974,2025-04-03 04:15:14,,,4.1.974,com.linkedin.android
970f9cb8-9e37-45ad-b717-07607c2f11ca,wesley quinn,https://play-lh.googleusercontent.com/a-/ALV-UjXMG7hHLcNu2KUp8TzMovRAi9cuyzY9oGnPT8Vap00O3tpw5gM,"Solid out. One of my only complaints is when you're searching for a job. You have all these filters and you can put on regional for for an address, a on-site job and within a certain distance. It is very frustrating to even with all the filters on get jobs that are listed as United States (on site) and it's two states away from the area which had been filted",4,315,4.1.1039,2025-02-28 19:27:17,,,4.1.1039,com.linkedin.android
71e0b413-4d9c-44fa-ad84-2c052dd7b215,SABINA YEASMIN (YEASHU),https://play-lh.googleusercontent.com/a-/ALV-UjVMNamCSMSf06KpnYgSlCBWo9knh_zIEdOoIqejCiMSGbFzDekuGg,"LinkedIn is a decent app for networking and job searching. It helps connect with professionals and stay updated on industry trends. The interface is good, but notifications can be overwhelming. Job recommendations are useful but not always accurate. Overall, it’s okay for career growth and connections.",4,993,4.1.1041.2,2025-03-11 22:22:49,,,4.1.1041.2,com.linkedin.android
477c4928-3ce4-4b35-95ae-8d0f4f70570f,Brittany McCue,https://play-lh.googleusercontent.com/a-/ALV-UjWPNdZ6BV-nMdyYQ8Q5ZsO9gGrcNDiyNHkNjOHM2uUp3HiBlCAbMg,"LinkedIn is an invaluable tool for professionals! The app offers a seamless platform for networking, job hunting, and staying updated on industry news. The job search feature is robust, and the personalized recommendations are helpful. However, occasional bugs and connectivity issues detract from the user experience. Overall, it's a must-have for anyone serious about their career growth.",4,53,,2024-06-10 22:35:53,"Brittany, It's fantastic to hear that LinkedIn has been such a valuable tool for your professional endeavors. If there are any specific areas where you think we could enhance your experience further, please feel free to email us at https://lnkd.in/GP Your insights are invaluable as we strive to provide the best possible service for our users. -EK",2024-07-22 06:46:35,,com.linkedin.android
0c6f28ad-8f2d-4e1d-b55d-abbd68d13b7c,RLS,https://play-lh.googleusercontent.com/a-/ALV-UjWIoyrIVaj_vnerEqquclcnnSONwQ44xXdqAPpQfJM7QD-Qhx7WLg,"8/2014: When I consistently get the push notifications for inbox, I'll up it to 5 stars ;) 11/2020: Messages that show in the browser don't update real-time in the app. Push notifications for messages in the app often don't work if the app is running, and if you do get a push notice for new message, the new message doesn't show in the inbox in the app. These are longstanding bugs, at least 6 YEARS and dev team still hasn't addressed it. Technical debt doesn't go away when you ignore it.",4,5,4.1.518,2020-11-21 02:13:29,,,4.1.518,com.linkedin.android
68708002-ff05-40fa-98d9-46edb12af698,A Google user,https://play-lh.googleusercontent.com/EGemoI2NTXmTsBVtJqk8jxF9rh8ApRWfsIMQSt2uE4OcpQqbFu7f7NbTK05lx80nuSijCz7sc3a277R67g,"I love LinkedIn, and the app version is good too, but something that has always bothered me about both the desktop and app versions is locating newly added contacts. I have a large number of contacts. Once I click ""accept,"" the new contact is buried in a pile of contacts, and their profile is too difficult to recover. I need a shortcut. I need an easier way to recover recently added contacts. I'm in business here. Please do not make my life harder than it needs to be.",4,201,4.1.347,2019-09-06 23:58:33,Thanks for taking the time to review the LinkedIn app. We'll certainly share your feedback with our Mobile team as we continue to improve and evolve our app. Have a great day! -EB,2019-09-10 06:26:32,4.1.347,com.linkedin.android
54a5d384-593c-440d-bf2a-7a077ad6c59f,A Google user,https://play-lh.googleusercontent.com/EGemoI2NTXmTsBVtJqk8jxF9rh8ApRWfsIMQSt2uE4OcpQqbFu7f7NbTK05lx80nuSijCz7sc3a277R67g,Had to uninstall and reinstall the app to get rid of theae issues: (I submitted the issue as asked and was never really reaponded to. After a day or two it said my issues was closed. Looks like it is working really well now though.) Loads of errors have started to come up. i get the something went wrong error almost every second action i take. It seems to be happening since the last update. hopefully it will get fixed soon. I usually love the LinkedIn app. But this is become very frustrating.,4,63,4.1.330,2019-07-23 11:49:13,"Hi - We appreciate you taking the time to reach out. We'd like to take a closer look into this. Can you send the following to us? Your app version, phone model/version. Please send it here: https://lnkd.in/GP  Thanks!  -TK",2019-07-19 23:53:35,4.1.330,com.linkedin.android
b2b55f32-3c20-4b47-a742-74b5abb3fde2,A Google user,https://play-lh.googleusercontent.com/EGemoI2NTXmTsBVtJqk8jxF9rh8ApRWfsIMQSt2uE4OcpQqbFu7f7NbTK05lx80nuSijCz7sc3a277R67g,"I had this as a 5 star. I signed up, & 2 days later I canceled. After I paid for the prem serv I've had nothing but problems. I click on my profile picture, all it brings up is, Go to my profile. Where the did the other options go? I can not, Congratulate, nor Birthdays, or Anniversaries.. All I get is, Failed to load, I can't send messages. I uninstalled it &reinstall, same results. After the paid trial ended, everything went back to normal. I'm not sure why this happened. It works great now.",4,405,4.1.347,2019-09-09 00:55:03,"Hi - We appreciate you taking the time to reach out. We'd like to take a closer look into this. Can you send the following to us? Your app version, phone model/version. Please send it here: https://lnkd.in/GP  Thanks!",2019-07-14 18:17:02,4.1.347,com.linkedin.android
ffe853f9-c67b-4072-b6b3-58e061e7cc94,Ashley Hardy,https://play-lh.googleusercontent.com/a-/ALV-UjUzi4mr1qS8qBWoESpE2t16eARC6B7qxTNUN2hkyU0KFV1TmOF9,"Networking. Primarily for networking. Met a lot of connections and business professionals. Update 2 years later....the old resume I just deleted, and then tried to upload the new resume and there is no option for any upload file. Only pictures and links or posts. No resume at all. Still I love the app but sometimes having that on your profile alone could seriously help in a critical job role!! Thank you!!",4,48,4.1.607,2021-08-22 21:31:06,We're glad you like it! Thanks for the 5-star rating! -EB,2019-09-10 23:58:48,4.1.607,com.linkedin.android
f2afd6db-77e1-44bb-8dc9-7eba7ffe33de,1860Sky Gypsy,https://play-lh.googleusercontent.com/a-/ALV-UjXu43lfD3QR0t9Kyjw0PNybvGX24DXY-SAxuDmx_cI_WheN1xg,"It's not that I dislike the app. It just takes up too much room. Between Samsung & Google's ""absolutely necessary"" apps that cannot be disabled, their bloatware takes up the space I need for the apps I prefer. Also this A14 has less space available - 1/2 as much as my S51. Every time my phone updates it adds 2 or 3 games, which I don't play. So I'm at 49 of 52 available GB.",4,2,,2024-05-30 23:21:09,"Thanks for taking the time to review the LinkedIn app. We'll certainly share your feedback with our Mobile team as we continue to improve and evolve our app. Have a great day! - BSH

",2024-06-11 07:41:02,,com.linkedin.android
f50d7a00-fb47-4e8e-9e15-828d526e8cca,Caroline,https://play-lh.googleusercontent.com/a-/ALV-UjWnu4eEsXCP0kCAtRRDF51Oc9Vf9nstkLzB7HefoZZhk8Vlf3i2,"DISAPPOINTED! I gave 5 stars before updating, then I updated recently (including another one minutes ago) and still got the same issues. I couldn't edit my post after posting. I touched on the 3 dots on top right corner and kept getting messages ""something went wrong"". They wouldn't launched editing/deleting/sharing options like before. LinkedIn, please let me know how to get those features back on Samsung Note 10.",4,197,4.1.503,2020-10-09 21:51:35,,,4.1.503,com.linkedin.android
d5c09cfe-2d57-49de-a55c-a72464480474,A Google user,https://play-lh.googleusercontent.com/EGemoI2NTXmTsBVtJqk8jxF9rh8ApRWfsIMQSt2uE4OcpQqbFu7f7NbTK05lx80nuSijCz7sc3a277R67g,"Great service that has helped me over the years, and more recently with taking LinkedIn learning courses and having access to other premium features! The only thing I wish the app had is the capability of transitioning to or toggling a ""night-mode"" option so I can continue to search in the evenings/at night without additional eye strain (using the blue light filter and general night settings on my S10+ is still no match for all of the white space that occupies the screen.) Still, great resource!",4,260,4.1.440,2020-04-21 12:15:58,,,4.1.440,com.linkedin.android
41adc574-4d29-49d3-bd4b-deb8a0ca3d4c,A Google user,https://play-lh.googleusercontent.com/EGemoI2NTXmTsBVtJqk8jxF9rh8ApRWfsIMQSt2uE4OcpQqbFu7f7NbTK05lx80nuSijCz7sc3a277R67g,"When using the app, runs smoothly and features seem to work well. Ran into battery usage issues when not using the app, like it's constantly trying to restart in the background and my phone starts feeling very warm to the touch at times. If that issue wasnt a factor, I'd switch back to mobile",4,19,,2020-02-13 08:22:48,,,,com.linkedin.android
2805cbc0-0073-47b9-8141-eb8b6e6dcd6e,A Google user,https://play-lh.googleusercontent.com/EGemoI2NTXmTsBVtJqk8jxF9rh8ApRWfsIMQSt2uE4OcpQqbFu7f7NbTK05lx80nuSijCz7sc3a277R67g,"Pretty good app but it seems like the layout changes back and forth which each update. Would be nice if I could actually save a job search with my selected filters like ""most recent"" instead of having to go in and change everytime. Who wants to see a ""most relevant"" job post from 3 months ago? Also keeps showing me the same job suggestions after I select ""not for me"".",4,344,4.1.281,2019-03-08 21:44:03,"Thanks for taking the time to review the LinkedIn app, Craig. We'll share your feedback with our team as we continue to improve and evolve our app. You can do so too via https://lnkd.in/GP Have a great day!",2019-03-12 21:01:55,4.1.281,com.linkedin.android
73d9b26e-8e70-4915-a339-8e68420f1e1d,A Google user,https://play-lh.googleusercontent.com/EGemoI2NTXmTsBVtJqk8jxF9rh8ApRWfsIMQSt2uE4OcpQqbFu7f7NbTK05lx80nuSijCz7sc3a277R67g,"I really wish you guys would make these 3 changes: (1) That I can keep the sort on most recent instead of having to change it all the time, (2) When I'm on sort by recent that it notifies me that I'm up to date like Instagram, (3) When I'm viewing a hashtag I can select a different hashtag without having to first go back and then select a different hastag. Other than that, I'm very satisfied with the app. Thank you. Happy Holidays!",4,67,4.1.395,2019-12-25 00:47:11,,,4.1.395,com.linkedin.android
8cadcf6b-767b-4080-bf33-fb31e5171959,A Google user,https://play-lh.googleusercontent.com/EGemoI2NTXmTsBVtJqk8jxF9rh8ApRWfsIMQSt2uE4OcpQqbFu7f7NbTK05lx80nuSijCz7sc3a277R67g,"It's pretty much the same as the website but scaled and optimized for smaller screens. I don't see any major feature differences between the two. Thus, you probably won't be missing out or gaining anything using this versus the site. The only thing I find annoying about both of them is that they periodically try to get you to add old contacts from previous email accounts, which is something I wish you could dismiss permanently.",4,118,4.1.413,2020-02-24 00:31:39,,,4.1.413,com.linkedin.android
9a06f91b-7d16-4c8a-aa11-7044fb279d65,Judith Joshua,https://play-lh.googleusercontent.com/a-/ALV-UjVC64At0ez711gd3mO3r1Ah8qybPz0mafc9_6PzmbkilSdfST1H,Been of tremendous help to my career.,4,0,4.1.1007.2,2025-04-05 04:13:12,,,4.1.1007.2,com.linkedin.android
65623de6-1783-494f-8600-f6f3c8df73a5,Aadesh Mahajan,https://play-lh.googleusercontent.com/a/ACg8ocJc3qzffPDONEFp5YiA0sQBFDJJTm6DI-pkImyXyb-OJ7py1w=mo,"problem facing in varification badge. LinkedIn open browser, browser say app this is not process its a paradox...",4,0,,2025-04-05 02:01:57,,,,com.linkedin.android
b2b982c1-e7ef-48e8-989a-e4f49a66e840,Boone Chong,https://play-lh.googleusercontent.com/a-/ALV-UjXMgZ_uLDxX2H46BXXyaHzTy2Ho698-1rLiJXKYFc5awGCChBM4,good,4,1,4.1.1053,2025-04-05 01:39:32,,,4.1.1053,com.linkedin.android
861ae496-60c4-47e5-8163-790643338bbc,Margaret Ranjini Millon,https://play-lh.googleusercontent.com/a/ACg8ocKe0a5gBFru05QkwZYLM5ZI1b5BXPonOfDUdg9XSke_IBy49Q=mo,It gives a wholesome exposure to different areas if life. TQ,4,0,,2025-04-04 22:58:29,,,,com.linkedin.android
7dccd5ae-d9de-4a47-8536-15449f9f7969,Sheshnath Tripathi,https://play-lh.googleusercontent.com/a-/ALV-UjUyVjAN9S70FhbAf_pRcAuwnj8ULRS4qw9B0Ag8MLvIAR_WPap-,Very nice,4,0,4.1.821,2025-04-04 20:23:46,,,4.1.821,com.linkedin.android
0d1f591e-dfce-4858-9acc-905b3acab533,Muhammad Umar,https://play-lh.googleusercontent.com/a/ACg8ocJDBWdsFgsOBX3ij0wx4yQm0A3t8Zbd35MxJvijcpd1vsM1PA=mo,Good.,4,0,4.1.1052,2025-04-04 19:54:58,,,4.1.1052,com.linkedin.android
61428ce9-9fd8-4482-8814-31367dc8d268,Gersom Estember,https://play-lh.googleusercontent.com/a-/ALV-UjXLmxQOEV50Qe9vgs-UEAEpE4w9QdFOfyc_n2UOsTeMAACrSu-R,good,4,0,4.1.1053,2025-04-04 19:43:31,,,4.1.1053,com.linkedin.android
6514bc74-a84c-491e-ad33-a9b5dccddded,charles torzillo,https://play-lh.googleusercontent.com/a-/ALV-UjXgEOF8F-YoKj8GW0sTh7eR9ievedxr8ukMKOOLUHdudssujTQ,"LinkedIn's strength lies in its vast network, making it invaluable for connecting with professionals in my, or any industry. The job search function is also quite effective, and I've found several promising opportunities through the app. I've noticed an increase in spam and irrelevant content in my feed, though, which can be distracting. Also, some of the filter systems for job searching could be improved. Overall, LinkedIn is a powerful tool for professional networking and career development.",5,57,4.1.1050,2025-03-31 23:38:25,,,4.1.1050,com.linkedin.android
7bb7fb29-5486-47e7-9d3b-6471fb523c89,Alireza Karimi,https://play-lh.googleusercontent.com/a-/ALV-UjU-IzpWzcG1rq8pPZhxLuTSdyKl8lHyYpn-N3PsIeMN_RyT6uKi,"LinkedIn is an excellent platform for professionals to connect, learn, and grow. It offers great tools for networking, job searching, and sharing expertise. The clean design and easy navigation make it user-friendly, and the tailored job recommendations are very helpful. However, improving messaging features and reducing irrelevant notifications could make it even better. Overall, LinkedIn is a must-have for career development and professional growth!",5,14187,4.1.1011,2024-12-05 17:52:56,,,4.1.1011,com.linkedin.android
c3d29316-661b-4a9d-b5cb-71d4d30bc6ee,Jared Byrne,https://play-lh.googleusercontent.com/a-/ALV-UjXEpaPALr9oEBUe9uLX2IGXBYxwIy1-JCx0voMJzguPp98VynLc,"While I'm a fan of LinkedIn, one could argue that the platform was designed to be utilized on a desktop. However, I believe that the developers of the app have done an admirable job (and continue to improve the app experience) ensuring that I can, almost, do everything on the app, that I can do on the desktop version seamlessly.",5,6580,4.1.1003,2024-11-16 21:49:59,Hey! It looks like you've come across an app that is perfect for your needs. Our goal is to continue to provide excellent service. We are committed to helping you succeed and stay motivated. Thanks! - PK,2024-12-08 09:11:46,4.1.1003,com.linkedin.android
7ee37563-1673-4260-93f2-9226f2474235,Simon Wood,https://play-lh.googleusercontent.com/a-/ALV-UjX4E8rifPfKeIOBtUIOMo2FAL-STQlgen3u2X8NN2OvbRiCONMV,Very easy to use on my Android phone always opens easily and quickly never any lag the app is intuitive it follows the formatting of the web browser you never feel like you are lost or that you can't find what you would on the web browser. The notifications are always relevant and helpful never Too many and not trying to over promote.,5,2700,4.1.997,2024-11-12 16:02:28,We appreciate your wonderful feedback Simon! It's great to know that our Android app meets your expectations with its ease of use and intuitive design. Your support encourages us to strive for excellence. Thank you for being a valued member! -SA,2024-12-03 02:36:48,4.1.997,com.linkedin.android
b965f802-a5f2-407b-afec-08a828144b10,Anthony Kilonzo,https://play-lh.googleusercontent.com/a-/ALV-UjWYtTe6mzJEjFawbLo7VwoX4QU3PSez4QdfUY6Dvk07xpqng9BAKQ,"The app version of LinkedIn is superb. It is all encompassing and easy to use. I thought that features available on web platforms are lacking in the app version but I'm pleasantly surprised that the pp has everything. It makes connecting much easier (at the tap of a button), it avails all available jobs effortlessly. Kudos to the developers for an outstanding job",5,24,4.1.1050,2025-04-02 21:30:34,,,4.1.1050,com.linkedin.android
15a48bb2-3b7d-4296-9be4-eb1591d4c1d9,Muhamamd Essa,https://play-lh.googleusercontent.com/a-/ALV-UjWBmAyU9UsnxDZDxzFWj-DLdcEkUyYSa3tS_8P8hwHkK8F5iV-W,"⭐⭐⭐⭐⭐ The LinkedIn app is excellent for networking, job searching, and professional growth. It offers an easy-to-use interface for updating profiles, connecting with others, and applying for jobs. Real-time notifications keep you engaged with opportunities and messages. While some features work better on desktop, the app is still highly efficient. A must-have for professionals looking to expand their careers!",5,420,4.1.1039,2025-02-27 23:54:24,,,4.1.1039,com.linkedin.android
f64d3b75-3d94-491f-9b66-22a3079d488e,Prescott Bingham,https://play-lh.googleusercontent.com/a-/ALV-UjXbPwJQwGtjbnUbnhlTS2Z77Sm3wf_ZX44d0856HJy4durAqILy,"LinkedIn has been a game-changer for my career. The app is easy to navigate, runs smoothly, and keeps me connected with my network on the go. I’ve found new opportunities, reconnected with old colleagues, and learned from industry leaders—all in one place. The content feed is relevant, and the job search features are incredibly helpful. If you're serious about your professional growth, this app is a must-have.",5,19,4.1.1052,2025-04-02 10:38:56,,,4.1.1052,com.linkedin.android
d3a19364-349e-4c2d-ab6e-effa2ee9429e,Waleed Khan,https://play-lh.googleusercontent.com/a-/ALV-UjWL0xdl-sXCtOSpdNrFjMnuKGUKaEe-f7T1zRDqlQF4PZsIQxaf,"LinkedIn is an excellent platform for professional networking, job opportunities, and industry insights. It helps connect with like-minded professionals, stay updated on trends, and showcase skills effectively. The user interface is smooth, and the engagement features are great for career growth. Highly recommended for students, professionals, and businesses!",5,388,4.1.1038,2025-02-24 20:49:00,,,4.1.1038,com.linkedin.android
e970d664-ecf6-4fb2-8027-a3b5f9a42ce2,Mina Bishara,https://play-lh.googleusercontent.com/a-/ALV-UjXSPchkz8uQIkY5O2ucz66vUye3Z7pG01uYRzUbz8CzwUmgrV11pw,"Very professional, elegant and practical app that opens variety of outstanding opportunities to grow your career and work with professional in addition to clock and show your experiences, education, courses, recognitions and even useful posts, not to mention the courses that are available on LinkedIn with the verified certificates. I recommend it to anyone who is looking to improve his skills, connections and definitely his career.",5,18,4.1.1045.1,2025-03-23 03:34:34,,,4.1.1045.1,com.linkedin.android
3200e450-d648-4b4f-80b5-94adeec2f513,Michael Bouvard,https://play-lh.googleusercontent.com/a-/ALV-UjUFNs7sD0dRtDwXs5HSAzX8vkh4OHpm389QWxRIxHz4twBAyfLe,"Great for Networking and Career Growth LinkedIn is a must-have for professionals looking to expand their network and stay updated on industry trends. The app is intuitive, making it easy to connect, share insights, and explore job opportunities. The job search feature is highly effective, and discussions bring real value. Some performance tweaks and a dark mode would be welcome, but overall, it's the best platform for career development.",5,19,4.1.1045.1,2025-03-20 10:54:11,,,4.1.1045.1,com.linkedin.android
4eec2316-b2cd-4ce4-b651-1a99a3b18c41,Lawrence Kelly,https://play-lh.googleusercontent.com/a-/ALV-UjXai0439Q1VAceayqgyq65RMMtEQAvy61SrOwPcTiezC5Bl3lBIcQ,"LinkedIn is an excellent way to not only maintain professional contacts, but find like minded peers and get the best news for ones business requirements as well. it has become one of my favorite go to apps, even for the social side and as a news feed. Keep up the great work LinkedIn !",5,9,4.1.1049,2025-03-27 08:56:11,,,4.1.1049,com.linkedin.android
6b03101a-f13e-4545-a0c1-81e499ece9ff,Louis Rodríguez,https://play-lh.googleusercontent.com/a-/ALV-UjXzcpok43QQ83ilr8yW9m-5KsXzTatrXRckcit04c4_5z-4XNWK,Wow I've just discovered that Linkin has many professional features and abilities that allows me to do the research of the knowledge needed to enhance your skills.It gives you the option to incorporate its vast arrangement of your profile. Discover that the app is programmed to highlight your own business and skills. The metamorphosis transformation effect that is a lot better than I thought it was. Amazing!,5,680,4.1.1050,2025-04-04 16:52:38,,,4.1.1050,com.linkedin.android
dd45fea8-c85e-40d7-87b1-fa0d80567039,Emerald Brown,https://play-lh.googleusercontent.com/a-/ALV-UjUpD3gmngZLVQVoZR_C8oSX_w_XdYl0itXm5HuAxOF2nhctPSI,Networking: 5 stars and more Job opportunities: 5 stars and more. Second time it's bringing job offers to me. Learning and self development: 4 stars. I believe the courses can be made more user friendly and engaging. long videos that exceed 5mins may tend to depreciate self interest in the course. I highly recommend it!💪,5,10,4.1.1048.1,2025-03-24 04:30:45,,,4.1.1048.1,com.linkedin.android
323bfc37-cdd5-404b-b531-d159add04018,John Wong,https://play-lh.googleusercontent.com/a-/ALV-UjXqCWZqlJey9DIOMi753UQH4ZZsu1vK1407NKdFxplMLAZ4t8eP,"LinkedIn has been an invaluable tool for expanding my professional network. The platform's ability to connect with industry leaders and peers has opened doors to new opportunities and collaborations. The groups and discussions provide insightful perspectives, and the messaging feature facilitates seamless communication. Highly recommend for anyone looking to grow their career.",5,0,4.1.1052,2025-04-04 23:13:52,,,4.1.1052,com.linkedin.android
3141a3cd-73b5-4b67-a377-58e6ae62a3f2,Dave S,https://play-lh.googleusercontent.com/a-/ALV-UjV0JoKvckvauAU8xm9NT8Uzj7Se9rjwWCPBtVqMd1cimb1HdTLy,"Linked in is great for the networking capabilities. Not as great for Job opportunities and the feed has become very engagement focused (so controversial things get floated to the top), but despite these flaws LinkedIn is still worth including in your professional toolbox",5,0,4.1.1052,2025-04-04 20:55:33,,,4.1.1052,com.linkedin.android
6fb077a1-f17f-44bc-b51e-be8e46b09dad,jessica samperi,https://play-lh.googleusercontent.com/a-/ALV-UjXBjZ1rzZYrIOnhAqZkcEgUvYshgFefwezFnUTy-TflYYQb5WEoJw,Great experience with lots of informative information.,5,0,4.1.1052,2025-04-05 07:21:37,,,4.1.1052,com.linkedin.android
815d9054-60ba-477a-a6ef-5664bd8dba3f,Maisoon Fageer,https://play-lh.googleusercontent.com/a/ACg8ocJTwTsc1h-07NcrXEGXK1pilvAcKO8wrRl9W0FRWVSrK5mfRw=mo,Excellent app,5,1,4.1.1053,2025-04-05 06:59:03,,,4.1.1053,com.linkedin.android
2e68f6a4-4549-4f46-af75-9390f9271a39,Moses Boluwatife Ibrahim,https://play-lh.googleusercontent.com/a-/ALV-UjWVdCw8Fc4_7C-fbgZnGNekmBUBmUSquuWW67kUNKjb-2HBNdG_,"LinkedIn has been a game-changer for my career. Love the networking opportunities, industry insights, and job listings - all in one place.",5,0,4.1.1052,2025-04-05 05:54:30,,,4.1.1052,com.linkedin.android
4fad5c4d-f73e-456b-9e97-d32af5d247ba,David Monk,https://play-lh.googleusercontent.com/a/ACg8ocIRoiRLBK78rj1nA4z-9mASpL8JlZxFefEoXjl99zcRXpdmJQ=mo,ok,5,0,4.1.961,2025-04-05 05:53:14,,,4.1.961,com.linkedin.android
7bc54858-26bb-4718-8f66-93312881f23e,Rafay Arif,https://play-lh.googleusercontent.com/a-/ALV-UjVBBC_Hh7YpjiVAICTpzXXZtQQI7WjAq8U37SoK1LwJU880euU,Best app for Cooperate People in terms of connections and leads,5,0,,2025-04-05 05:03:33,,,,com.linkedin.android
ffbfdf85-89fd-4ad0-a7ee-b930f354990a,Fortune Good,https://play-lh.googleusercontent.com/a-/ALV-UjWazSiGoFyyzs1TfdzGmwjGo_dshG1gxrNjHAGb7oMSPSxWj1_Q,"Great app, great social media, LinkedIn is top tier and obviously underrated💙",5,0,4.1.1052,2025-04-05 04:29:52,,,4.1.1052,com.linkedin.android
43f9f7b0-05f0-465d-afa6-c6c21fee62da,Irénée Dushime Uwineza,https://play-lh.googleusercontent.com/a-/ALV-UjUarp_Sfz8R9aUR1TaM9on8DmOjyEcemfXTZxbB0IoGuEM9OAOp,Great platform to connect with professionals. Easy to use and smart interface.,5,0,4.1.1000.2,2025-04-05 04:05:38,,,4.1.1000.2,com.linkedin.android
6f325413-5d96-464e-858f-bc1968eb6439,Daniel Kieffer,https://play-lh.googleusercontent.com/a/ACg8ocLnFN7RMbjx8gsmSxug6esOe5nP4ja-hapWVXUUaqkV9akegQ=mo,"app recently updated. Got stuck in anonymous browsing and couldn't get back into the regular browsing. Uninstalled and lost my main account I've had for several years. App is not good even before this incident. After the recent update you can't see the bottom of the threads because of the invasive UI to ""join the conversation"". Oh well, not going back. I'd use at your own risk. Very likely lose your account. I found tons of examples of this the past few days but can't open Reddit wo app. Trash",1,1290,2025.11.0,2025-03-25 06:20:01,,,2025.11.0,com.reddit.frontpage
7c593ab6-3ce1-4b18-a6c2-b295bdd25c4d,Josh Bradford,https://play-lh.googleusercontent.com/a-/ALV-UjXFvWovgLd52B9pUFpK2V9rTX4hn4mIWB4u_TQLBgBaozR8bNim,"The official Reddit app is the worst mobile browsing experience for its own service. Unfortunately it is now the only option without jumping through a bunch of hoops to get an old version of a third party app to work. It would be nice if the app actually loaded consistently. Then when it does load, it would be great if it wasn't such a hassle to navigate compared to previous options, and if audio actually played on all media.",1,834,2025.11.0,2025-03-20 21:15:32,,,2025.11.0,com.reddit.frontpage
74070238-0b36-4dbf-8724-0a22712e4fe1,Dean Mohr,https://play-lh.googleusercontent.com/a-/ALV-UjUdmjJltQZGGGbNsm4BkQaqDfuMkjjLr-da4bNG6xfZrrz6AOM,"Edit: now the sort function doesn't work. Lowering to one star. I didn't realize how bad the native reddit app was until we were forced to use it. It lacks many of the standard features of the old 3rd party apps, like zooming on gifs/videos. Also, after browsing for a few minutes, mine will randomly take 30 seconds or more to load links. Closing and reopening doesn't help. It's a shame that Reddit completely ruined the mobile experience over some money.",1,2247,2025.05.1,2025-02-09 01:09:31,,,2025.05.1,com.reddit.frontpage
922a618b-b151-4cd3-8603-5a2dddebb36e,Seann Powell,https://play-lh.googleusercontent.com/a-/ALV-UjUMV1UfKnMvDTF-HTaF5BMJz6zyeUNdmR9M4jGB_hBDPH_4SbME,"So. I use this app a lot. Like, and lot. It's my main social media browsing app. I don't face book. I don't YouTube. I don't TikTok. I reddit. On this terrible, heinous mobile app. So. Why do I hate it. Well, for starters, it dosent load on 4 bars of 5G service. Like, it takes 5-10 minutes to load my homepage. OK, that isn't the worst. But after that 5-10 minutes, half the time it usually only loads, like, 20 posts, then stops. But it'll load all the ads just fine. Thanks Miss the 3rd party apps",1,1418,2025.04.0,2025-02-05 00:13:43,,,2025.04.0,com.reddit.frontpage
82044aae-7971-4d02-ad3e-b927f7eb0857,Eric Swidler,https://play-lh.googleusercontent.com/a/ACg8ocIktle1EKkB7Ovzu9kI7Ufl9elAQXiabvg_Y3bwwdvPpLp79zE=mo,"Every time I comment on a post, it doesn't load the comment or load the original thread when it takes me back. Typing out posts and comments and trying to go through and make edits to sentences within them before posting has never worked well. I'll try adding a word or something in between a sentence and suddenly the cursor jumps to the end and my words are being typed at the end of the entire text. After commenting, I'm returned to the top of a thread instead of where I was.",1,611,2025.07.2,2025-03-05 21:17:29,,,2025.07.2,com.reddit.frontpage
be48bbdd-3fc8-4527-bbe2-b99a7d672340,May Snyder,https://play-lh.googleusercontent.com/a-/ALV-UjVSI1VGJyil7SmpSWsDK4HuqYaBot3Ji_K9wp6l93FdwLrnOnWf,"It was bad enough before the 11/2024 update. I'd comment on something and more times than not, it just hangs with a totally white screen. Also I'd get a lot of ""empty response from endpoint"" even with good internet connection and no problems in other apps. Now, since their latest update, an important feature disappeared. It used to be you could refer to a post by clicking pull down arrow when you write a reply. It's gone. Too many bugs!",1,148,2024.47.1,2024-11-23 12:39:18,,,2024.47.1,com.reddit.frontpage
7ff21ae8-4b6c-4b7c-8e02-d776574e5d9e,Tanz Afroz,https://play-lh.googleusercontent.com/a-/ALV-UjVyuwUVDSvkaPW5u_T_5KxAahyjpMmKhqGuViJagHLviaJpX9mo,"Horrible app. Freezes up randomly and I'm unable to scroll. Some pictures don't load even with the best wifi connection. A lot of the times, only one comment shows and you have to collapse the rest. After replying to a comment, it takes me all the way back up to the beginning of the comments so ALL the threads I read and closed are open again. This is especially annoying when I've a read a lot of comments. These problems should not be happening with something as big as reddit, please fix!!",1,809,2024.47.1,2024-11-28 13:54:46,,,2024.47.1,com.reddit.frontpage
ecfdb3c3-10ea-4eda-bf18-2a1104c67922,Sam Nichols,https://play-lh.googleusercontent.com/a/ACg8ocKNRPKqw3g5mY0bzzHSQuwIBHC2SMIkzLmE4DXgRu1IKxn8-g=mo,"The one star is because the in-app browser is forced AND hides URLs. This is a massive security issue, as anyone could make copycat websites that require login (ex: copy of Facebook) and you have no way to know if it's actually the real website. Also, since a few days ago they're giving me tons of notifications from communities I'm not in. Super annoying.",1,113,2024.46.0,2025-02-03 08:00:57,,,2024.46.0,com.reddit.frontpage
26867e7a-595e-4014-bf53-93e5a0cc5842,Mike Wellen,https://play-lh.googleusercontent.com/a-/ALV-UjUFqNGToQqjrQktVD3noHi5Q0O1faJQXAkVNYSU6CUWfvsg3CFe,"Doesn't respect accessibility settings. Videos autoplay and loop endlessly. I've already watched the video, I just want to read the comments, but the video loops. Tapping into the post via the comments button auto plays the video. Can't pause the video by tapping, only by tapping one of the small play/pause buttons. Please just give us settings to disable auto play and looping.",1,97,,2024-10-26 22:18:23,,,,com.reddit.frontpage
3fe6bb85-0db9-4918-94ec-cd304efb9787,Doug Osgood,https://play-lh.googleusercontent.com/a-/ALV-UjVN7Qgl6L2aRNt2I622K2gcl24c0s9HSFOyHt-uUnbSptyY8IDPog,"This app gets the job done, but that's about it. The random offers to ""get notifications about this community"" when viewing or joining a sub is REALLY annoying. It's very easy to accidentally say yes and then get notifications that you really never wanted to begin with. Ads are annoying too. It also AGGRESSIVELY opens links from browser searches, then takes you back to your feed instead of to your browser when you hit back. Clearly trying to trap users in the app as long as possible.",1,667,2024.36.0,2024-09-08 22:56:50,,,2024.36.0,com.reddit.frontpage
71c83dc3-5cbb-4f9c-86c0-96edf32cf1fe,Henry Newton,https://play-lh.googleusercontent.com/a-/ALV-UjWPJWiYSc6u3kr3Cw63GZsQA2AhBewmYRnS-xDwrcXq9SJemaKa,"The sound from different videos play when you open a post. 3rd party apps were better but reddit had to kill them. Edit, months later: sound for videos is still playing at the wrong times. I'm so sick of opening a post only for something else to play. If you were going to kill 3rd party apps the least you could do is make your own app functional. New Issue August 21st - All saved posts are missing or deleted. Please return saved posts to user accounts!",1,378,2024.35.0,2024-09-04 13:20:10,,,2024.35.0,com.reddit.frontpage
4519dd32-78a4-410c-ba2a-5198d7fe7e96,ben_the_magician0-0,https://play-lh.googleusercontent.com/a/ACg8ocI623A6iordP_JupPtAMBxlxx86mkbWJLHTe93jnhs00k5BrNo=mo,"As another review stated here, I got stuck in anonymous browsing. I un-installed the app, and I could only log into accounts I don't use anymore. I have no option to sign into my main account anywhere. I sent a password reset request, but nothing has shown up in my email inbox. I can search my user on Google, and it still exists. This app has given me nothing but trouble!!",1,10,2025.11.0,2025-04-01 08:30:59,,,2025.11.0,com.reddit.frontpage
375a986f-cc3f-40ed-ba72-7316c93f0e00,Jennifer Kellum,https://play-lh.googleusercontent.com/a-/ALV-UjW1HVpoJAK0l4hJ4Of0gsM9sU1MVqabPwQmkuzSzbzhgMuaOXBO,"Comment sorting is messed up. Default in settings don't apply. In posts, there's no way to sort by ""old"" because that option is cut off. Why have the option to set personal preferences if that's just going to be ignored? Also has a lot of ads, some that are offensive and no way to block (because, once again, personal settings/preferences are ignored).",1,15,2025.11.0,2025-03-26 17:30:49,,,2025.11.0,com.reddit.frontpage
1d04ab88-9464-4aae-aad4-ccadefa5c63e,Heidi Marie Loosle (Ravy Marie),https://play-lh.googleusercontent.com/a-/ALV-UjXOXj47Ds8YAjrQ-Bn_dGJ1jLK9pO0QFPpt-CWd3_Nu-S_vxsXP,"While reddit is the only social media platform I'll use, I've been having an issue with the app. It only loads four or five posts on my home feed. Rebooting the ap results in the page being completely empty. This has been happening for a few months, now, and makes it very difficult to engage in the communities I enjoy. I pay the subscription fees, so I would like to have more than an empty page. I'm changing my rating until this issue is resolved.",1,4,2025.11.0,2025-04-01 16:42:26,,,2025.11.0,com.reddit.frontpage
09475fe6-8837-475c-946c-28fffacfaac2,Drew Brotherton,https://play-lh.googleusercontent.com/a-/ALV-UjWrXq-NVe3qPIVvi46W_1pQInXSMEeccy3uZxusmtxWJMnFgHL9,This app has been absolutely perfect and the best way to experience reddit until recently. They used to have a little arrow on the right hand side corner of your phone. Tapping it would immediately send you to the next comment thread. This was great and made navigating super easy. Even better than PC Now they moved it all the way to the bottom left corner for the left handed losers. My right hand can't hit the button on the left side of my screen. until this is fixed it gets 1 star,1,0,2025.13.0,2025-04-04 09:12:13,,,2025.13.0,com.reddit.frontpage
7861f09c-dd07-4c4c-b29b-28b555915474,Prana Pramudia,https://play-lh.googleusercontent.com/a-/ALV-UjUdgdwk8r5Lbcp1xDHcK8MyZnxNoSMcvzEO0MsTSIheQ4qFYn9a,"too much bugs, cannot load anything even though my internet is pretty good.",1,0,2025.11.0,2025-04-06 17:27:26,,,2025.11.0,com.reddit.frontpage
21a8cafc-275f-4a83-a417-ffdaf97d0d04,Haseeb Rasool,https://play-lh.googleusercontent.com/a/ACg8ocKTx-fPaQYtYtLeo6vitnqTl1gZC3kaCCAPA1lukqFl-ANooA=mo,"why tf are my accounts not working properly,I can't post,comment or dm.All I can do is browse like anonymous even if I'm logged in.",1,0,2025.13.0,2025-04-06 15:03:07,,,2025.13.0,com.reddit.frontpage
389a7016-1751-4382-9426-2c3cb69fdb7a,YNWA ZID,https://play-lh.googleusercontent.com/a-/ALV-UjV39R_LzaYaLekfoPbMb_G4QcEEO8fKE5wQl1ZtNPBovVio8cA,"Extremely frustrating experience. I’ve been trying to log into the Reddit app on Android, but it just doesn’t work. Every time I enter my credentials, it either freezes, crashes, or shows an error message with no clear explanation. I’ve cleared cache, reinstalled the app, and even tried different networks, nothing helps. This is basic functionality, and it’s disappointing that it’s still broken. Please fix the login issues ASAP.",1,0,,2025-04-06 14:19:23,,,,com.reddit.frontpage
1b32cbe8-7deb-4ddd-9d09-644d849f7512,Blancatank29,https://play-lh.googleusercontent.com/a/ACg8ocIz5j9H_Qhaqvw0YBsq1Y8OHrbQYqe49PAmFHtrIhrqFeecRA=mo,"I 'll tell you more, like what the heck?",1,0,,2025-04-06 14:12:28,,,,com.reddit.frontpage
0d74144e-66fa-4799-8aa0-c5756c7a3577,ritesh rathore,https://play-lh.googleusercontent.com/a-/ALV-UjW5DqDhlu4J6H1POWziQbDdPrx3QmtRc5cXm1JWiFw_oWY04Xtd,good,1,0,2025.13.0,2025-04-06 13:11:55,,,2025.13.0,com.reddit.frontpage
71cfa6e5-f94f-455f-a99a-8e0e4db4b1e4,Lorenz Harfst,https://play-lh.googleusercontent.com/a-/ALV-UjU3N5DpHsWuaAgexVg4OQOQdLNCGBxpDq_mOyME2KykkDkeh-0,"This is as soulless as an app gets, the UI constantly tries to push something you don't want making the actual usefulness of the app be buried below layers and layers on suits-induced and growth-obsessed features that make the experience miserable.",1,0,,2025-04-06 09:44:05,,,,com.reddit.frontpage
99a42d3b-7a92-4e6b-bc49-fd3c3fc2e84f,Dursun Feyzul,https://play-lh.googleusercontent.com/a-/ALV-UjWq9CPHrrzN50oDC6Yj7QscUOl0YJcSQ_DzWTNeXH-WWgOga6s,adds!!,1,0,2025.13.0,2025-04-06 09:26:07,,,2025.13.0,com.reddit.frontpage
d1dce03e-e6b4-445d-997a-195fdb171eb2,Israel Ajerutis,https://play-lh.googleusercontent.com/a-/ALV-UjUTPu5RDdTdkgrL51iWtE2_hT1XL5aaAJbs4WHop1ELC3kD3F-z,"Works about half the time. The karma system is pretty ridiculous, tiring, and ends up doing the exact opposite of what it was intended for most the time. The Messenger seems to never work properly. Mods power trip all the time, removing/deleting your posts without any reasoning or explanation and other times for the silliest of reasons. Many months later and my review still has not changed.",2,698,2025.09.1,2025-03-15 01:08:10,,,2025.09.1,com.reddit.frontpage
2bb5e696-48b5-4da3-81e0-7e56b9710c61,Jessica S,https://play-lh.googleusercontent.com/a-/ALV-UjWz0nzFZP0eseVf-0c_gUG6X40dOk2iACEdp9j6dpciAg-0DNcB,"Really glitchy. I am on Android on a really good phone, updated, Reddit is updated, all that good stuff. But I frequently can not make posts with pictures, share posts with pictures, make posts with multiple pictures, or comment on people's posts with pictures. It's hit and miss. Sometimes it works, mostly it doesn't. I've reported it with no response or help. Would be great otherwise.",2,982,2024.45.0,2024-11-11 22:59:48,,,2024.45.0,com.reddit.frontpage
3fd2068f-8354-4211-a544-c8a8c21a719d,John Rakowski,https://play-lh.googleusercontent.com/a-/ALV-UjVF7UYuVPdVysvz4aJlUTOfMWeWRUuKaR99b3kTiAqVfHudujlY,"Compared to the old 3rd party app I used before, this app just stinks. A few interesting features now exist that I didn't have access to before but they don't make up for quality of the basic services. Before. I could draft my comment and save it to send later. I just got done writing a message only to have the app tell me there was an empty response from the endpoint... Would be nice if I could save that message and try later. Between the ads that try and look like posts, and the buggy service",2,990,2024.50.0,2024-12-19 22:28:01,,,2024.50.0,com.reddit.frontpage
4ccbccb4-5db7-49a2-9ac2-f568105edcd3,Daniel Tingle,https://play-lh.googleusercontent.com/a-/ALV-UjU4IUti4waOQ3AfkVFqznZAOBrLbO4A0O07bcckgbHWu9rUTCSr,"Frustrating on just about every level to use for me personally. I don't like the way it shares posts, I don't like that they made multis hard to use. Half the time when I open it loads the last post I was on and you can't get to the home button until you click back about nine times. If The home button was always easily available and you could easily switch between multi reddits I probably wouldn't have a problem with this app.",2,462,2024.50.0,2025-01-01 00:09:16,,,2024.50.0,com.reddit.frontpage
2c6523cb-5887-4226-9db2-94bcb92c5a6b,Douglas Caton,https://play-lh.googleusercontent.com/a-/ALV-UjXMM2BXwjTO3ct6tgu9A60dtm45bgrovDPMNSMpMuUIUwU2Kcmc,"I've been using reddit for a little over a year, and I really like the app, but in the last two weeks, my app has gotten very glitchy. I have to quit and reopen the app multiple times a day to un freeze the app or to be able to scroll. Not sure if this is related to the verizon outage from early october. I hoped the last update would help but it did not. Android v14 Samsung S22 verizon user",2,303,2024.41.0,2024-10-09 00:02:09,,,2024.41.0,com.reddit.frontpage
5d048156-0ce8-4315-95fd-0ffca01d1291,Ma Aa,https://play-lh.googleusercontent.com/a/ACg8ocJd15u6VaD7H5Jhw0T-bynEFKC3KOX5JzWJIKRFlpGHZpGPzw=mo,"The latest update is infuriating. Was in the middle of reading comments in a post and I wanted to read the next post right after, but instead the whole app refreshed and jumped back up to the top of the page. Why do this? I couldn't find the post I wanted to read because the whole page had refreshed. It keeps on doing this, you miss so much content.",2,434,2025.10.0,2025-03-16 23:15:24,,,2025.10.0,com.reddit.frontpage
37ec47e5-e47e-434b-bf6f-70cf09feaa03,Tim Geise,https://play-lh.googleusercontent.com/a-/ALV-UjXUJJMCj1nyI1PfuwUcdP_jHrGjpRF4iV2t4CxsV8FrP2eBZTU,"Very unstable. Very flaky. Developers can't seem to fix anything. Got a message yesterday from a friend who had sent it 6 hours earlier. We compared time stamps today and he was right. Very difficult to use. The app freezes constantly. Posts in subreddits don't always show up til hours later (not a mod issue) The karma system sucks. Lots of karma here so I'm not affected. It has almost zero impact on the issue they're trying to negate. Can't upload vids, but some can. Really an annoying app.",2,19,2025.09.1,2025-03-12 08:23:58,,,2025.09.1,com.reddit.frontpage
d71c4f05-fdda-4737-825a-4744bb1d5759,Morgan Stults,https://play-lh.googleusercontent.com/a/ACg8ocJbB9FbZSfQGKmYpdAoX6LWiPx-8Hb31bXlhE4ennNbEDr_Jw=mo,"recently, got accounts stuck in anonymous for a week. recently deleted and re-downloaded, lost my ~3 year old account. edit* issue solved, still no idea how they managed to do that and not try to fix it. UI sucks, very laggy, echo chamber, achievements suck, end of year stuff got much worse, but I use this every day.",2,6,2025.11.0,2025-03-30 18:00:10,,,2025.11.0,com.reddit.frontpage
01cf0b7d-d36f-444a-970b-4255d504c9f8,Talj,https://play-lh.googleusercontent.com/a-/ALV-UjWPEtd_bwImRbCrklFeWWARrRXSvP9YDV7WfJD6cIXRAisXsrAp,"I'm always surprised at how the basic functionality I had in the 3rd party apps is completely missing here. I always end up quitting the app 10 minutes in because the UI is so obnoxious. Somehow I always end up on an unexpected page then have to go back, reload the sub I was wanting to be on, and scrolling back down to where I was. Annoying.",2,25,2025.07.2,2025-03-02 01:09:43,,,2025.07.2,com.reddit.frontpage
5f6062d2-b302-48c5-a6e7-d8b535567843,Francisco Teixeira,https://play-lh.googleusercontent.com/a-/ALV-UjWsCbrL5AbNq-uBll0ek66t2EYNGICa9L4pVEtAU2aRvC0m0DS1,"It's a mobile app where you can't zoom in on videos. There is no quick ""rotate"" button on videos. It caches every. single. request. If you make a comment or a post it will cache it at a random point in time like 1 upvote or 5 upvotes and it will never ever ever update it again. Easy to accidentally open ads, especially going through comment sections. Can't sort your front page posts (wth). If the signal is weak at the start of the request it just won't finish it. You have to reopen the page...",2,396,2025.06.0,2025-02-15 02:11:40,,,2025.06.0,com.reddit.frontpage
d11c39a5-3691-4f3a-bd21-b6d3a1d3e70f,Erik “E T” T,https://play-lh.googleusercontent.com/a/ACg8ocKy44InKnOB4_XHfI1T1BOtzv4VWhBrkFIAaEhEJY-Y0rKs_w=mo,"This is a horrible Reddit app, in every way possible (except that you get to give awards......hurray (sarcasm)). No way to have links go external to the app and even if there was, if links opened internally, there's nowhere for you to click ""open in [app]"" option. So many links don't actually work and will be blank screen. The frontpage layout is ridiculously ugly and no character. Every other 3rd party app is so much better looking and user friendly. Just uninstalled and feel so much better",2,214,2025.04.0,2025-01-30 23:44:50,,,2025.04.0,com.reddit.frontpage
dcee4ba0-b9aa-40b2-9d87-7ffc5410db23,kouhai,https://play-lh.googleusercontent.com/a-/ALV-UjU-DMXK1-j49pqvmgP0pYlxtWt82P9bjubTtFRMybEDwiRvq3c,"when I tap a comment to stack it & its replies, it no longer works 80% of the time. instead it just stacks a different comment somewhere below it, or does nothing at all. I also cannot unstack some comments, so I just can't read them. and after I leave a comment, the typing bar then moves to the middle of the screen and the only way to fix it is to back out and reenter the post. it's incredibly infuriating and makes browsing the comments near impossible now.",2,21,2025.10.0,2025-03-18 19:54:55,,,2025.10.0,com.reddit.frontpage
7836711e-b33f-4719-96d7-3bf09fa25a7c,Matthew Moser,https://play-lh.googleusercontent.com/a-/ALV-UjUJ8bp_UP-8ScMOCS4n7U82vtgebnRDutt6n0N8KJ6s6lm4x05B,"The newest update is not good. Whenever you scroll, the little navigation bar on the bottom and top become minimized. They just disappear. Then you are left scrolling back and forth to get it to reappear. If you want the app to be more engaging, leave the navigation bars visible. It was more convenient and I can easily post, check notifications, menu, etc. Fix it, please! I'll go check out yt while you work on it. Don't be like other corporations that neglect user feedback",2,490,2024.49.1,2024-12-11 11:59:19,,,2024.49.1,com.reddit.frontpage
0433dd21-fb79-48a6-98d5-94be3ac08b77,Redal Lewis,https://play-lh.googleusercontent.com/a/ACg8ocKHHUYb7a2XHyQ4h1mFbBn-o1ncG50gGwgTpwGx1xYqTAMxwQ=mo,"We all know what Reddit's about, at least I thought I did. Apparently I was wrong though, I guess it's about showing ads. Not a UI that works more than 20% of the time you're using the app. I miss clicking on posts and having them load immediately, and swiping (horizontal) through pictures without the app scrolling (vertically) for no reason. Come on Spez, fix your app.",2,222,2024.49.1,2024-12-07 07:45:50,,,2024.49.1,com.reddit.frontpage
cb5b54d3-4924-4fae-8c84-ebf178b5f424,John Salerno,https://play-lh.googleusercontent.com/a-/ALV-UjWMfVPhIL8V3xQmJx5xWlPciM8O4pUNrQxKsdbnDbe1WL492oF_,"Recently there's no way to see a post that you're responding to. I used to be able to highlight text and choose ""Quote,"" but now the body of the post isn't available. There's no way to easily get back to the Home screen when I'm deep into several threads. It takes a lot of taps to return to the Home screen. Far too difficult and time-consuming to navigate.",2,71,2024.50.0,2024-12-23 04:01:03,,,2024.50.0,com.reddit.frontpage
37d86e55-0cb4-4c4c-89fd-3e92dee04855,Er. Amit Pandey,https://play-lh.googleusercontent.com/a/ACg8ocJF2X0AFPdcUx2synEDk66fr1KOCy8hACO38Glk7gwI3HKqNg=mo,Aurangabad Bihar news not showing,2,0,,2025-04-06 17:26:02,,,,com.reddit.frontpage
9c563bc0-c43d-4210-ada1-8d5b2a9dd8fe,Chuck Allison,https://play-lh.googleusercontent.com/a-/ALV-UjX8k4Uz_HFdp4ECA_7OZY2IDugnuvKAs-IXUJDV7fqzMFtK30M,moderators get butthurt real easy,2,1,2025.13.0,2025-04-06 03:50:44,,,2025.13.0,com.reddit.frontpage
53b771da-598a-4f40-874f-4e489987d3af,Capable X,https://play-lh.googleusercontent.com/a-/ALV-UjU1kue4n3qK9jegVrtkyk1z5ATilNk75cUiZAcGZnN3X85vdQewDA,recent update has the comment section cut off at the bottom of the page,2,2,2025.13.0,2025-04-05 23:51:21,,,2025.13.0,com.reddit.frontpage
9c8af8ee-5587-460c-a011-0805b763db2e,Weird Pxl,https://play-lh.googleusercontent.com/a-/ALV-UjXRtVLGhyvNCurnSuQ7TPgi1l846NSEO6G3Khf1J7HJp0RFKrVY,Think you need to change how recommending posts work just because I view one post doesn't mean I want a whole slew of similar subreddits recommend after. Hid a subreddit about mushrooms and three more came after that I also had to mute.,2,0,2025.13.0,2025-04-05 23:06:16,,,2025.13.0,com.reddit.frontpage
29bbc563-9904-4b91-a698-c799598c4679,Ann Lily,https://play-lh.googleusercontent.com/a/ACg8ocKMOGr122aZO3xrDSokojLjgOF-ar8b0zCR5MItI80CvWhECTo=mo,why my login streak keep resetting do you guys have issues with me,2,0,2025.13.0,2025-04-05 16:44:50,,,2025.13.0,com.reddit.frontpage
4c77a674-64e7-457d-a7be-f7a51740c881,Chris,https://play-lh.googleusercontent.com/a/ACg8ocL2Y6kNmKU4deRmhlvYTNDql0Oc9RMpKwdLxM37QIua0LD69A=mo,my custom feeds will not load at all I have uninstall the app reinstall the app clear the cache and history and they still will not load,2,0,,2025-04-05 05:13:44,,,,com.reddit.frontpage
aaa7b65a-a6b0-4700-b1d9-567be51aac12,Aluko Adewoleimoleayo,https://play-lh.googleusercontent.com/a/ACg8ocKF3NOChz1yup9mTZKDyDx8RhHo5I5itH6741924GFPVSEcNg=mo,good,2,0,2025.13.0,2025-04-04 21:25:51,,,2025.13.0,com.reddit.frontpage
9f8c9e65-b706-403a-9074-3a3e478616e5,Stephen Rushing,https://play-lh.googleusercontent.com/a/ACg8ocJhhgvW8zhlLBQsMUSRcrdSAznJuf-zzqOOGICH8EaBoVy4bg=mo,"I enjoy the app for the most part. The range of content has definitely shrunk considerably over the last couple years. Used to find new interest through Reddit, not really anymore. Also the history settings are useless. Change the settings to only upvoted or downvoted and it won't change at all. It will just show you all the stuff you just scrolled passed. Saving post is a 50/50 flip if it will work or not. It is the most frustrating thing about the app.",3,448,2025.02.0,2025-01-19 11:41:07,,,2025.02.0,com.reddit.frontpage
69a19ed0-8cb1-4e30-9fe9-dfda550701c7,Mark Cleveland Massengale (SaveMeJebu5),https://play-lh.googleusercontent.com/a-/ALV-UjUHdK2SUaLFf6tbqljcO7JKfz_gLCUjH-Ix7YgACp9acVDWuT7i,"Recent updates took away the ability for third parties to create apps with added features without significant financial investment aka business commitment. Which, weird flex but 'ok, I guess..' Until I realize the quality of life features that disappeared from This app after another update. No drafts anymore (why?!). Back button gets stuck on a random steak post (buggy). Disappointing",3,159,2025.02.0,2025-01-18 03:50:58,,,2025.02.0,com.reddit.frontpage
960eca38-3efc-4ae4-869f-e29663921791,Thomas M. Mike Kelley,https://play-lh.googleusercontent.com/a-/ALV-UjWfpOgwCRKbHtYJl6UqBAJw8nLuO0jy0GMo8aSNhcXrJOPy6YCZ,tile is always set from the center of the room because doing so allows the tile setter to adjust that position such that when he reaches the walls he can maximize the usage of whole tiles as opposed to having to cut each one into a half inch strip. I have done it many times. and if you think about it for a few minutes you'll come to realize that you are maximizing whole tile usage and minimizing having to cut a whole tile 4 times. you save a ton o' bucks.,3,1,2025.12.1,2025-04-02 13:34:02,,,2025.12.1,com.reddit.frontpage
262f9d90-0220-43b7-a31a-e37cf0b5b4ba,Ari Osar,https://play-lh.googleusercontent.com/a-/ALV-UjXsf8WjamKQLTDNZqOiL_5SFJnbm06Lfh2lxhjMpyKx06ts2rpJ,"Disabling their lovely gamified notifications requires clicking through a dozen or so items in a hard to find menu. Also, very annoying trying to search up a subreddit but I have to back out of each page I've opened in the past week 🤦‍♀️ i can get around it by restarting the app but I should be able to just search quickly and not have to hassle. Some of the gestures are not intuitive, like long press to hide a comment, which would usually be used to copy.",3,19,2025.05.1,2025-02-10 00:50:50,,,2025.05.1,com.reddit.frontpage
5ab374a5-b9a0-42fd-bc03-5305216680cd,Jas Min,https://play-lh.googleusercontent.com/a-/ALV-UjVrrGB-UCxP_TMnVJi8CkgTK8lT8GQd-Nt51D_sGErNCd9vJvWjpw,"I enjoy the app but some of the recent updates aren't great. I much preferred the old placement and formatting of post insights where you could see the little graphic symbol easily on the bottom right of each post, and then click on it with stats displayed in a user friendly manner. Now, insights are buried inside each post and the formatting is just boring. Please bring back the old version. And please cut down on the ad placement. It's just awful.",3,176,2024.50.0,2024-12-15 19:00:50,,,2024.50.0,com.reddit.frontpage
e43f8f0a-cf40-4f41-ba10-1d4a1ab76f35,Michael Seery,https://play-lh.googleusercontent.com/a-/ALV-UjWSndC_GELplnHpoPsmyEMIx-seDunaOiGiQmq36ZLGJ_FCsqQnGg,"I like the content and format of the app, but I struggle with the way it intermittently gets bogged down. I will click on an image to see the details better and sometimes it opens right up, other times it takes several seconds or longer. I have tried clearing the cache and even reinstalling, but it only helps for maybe a day. For that reason I use it less and less often and will likely stop using it.",3,28,2024.50.0,2025-01-03 20:10:49,,,2024.50.0,com.reddit.frontpage
1339e40d-f094-4603-bb5e-831892f11c51,A Google user,https://play-lh.googleusercontent.com/EGemoI2NTXmTsBVtJqk8jxF9rh8ApRWfsIMQSt2uE4OcpQqbFu7f7NbTK05lx80nuSijCz7sc3a277R67g,"Appearantly I gave reddit's app a 1star review in 2016. Fair enough. The app really was hot trash at the time. 2025 is here now though, and I'm giving it 3 stars instead. Mostly improved, but there's too many ads now, and there's still no option to view it with my phone rotated horizontally. Give users the choice to view it how they want.",3,34,2024.50.0,2025-01-04 05:56:22,,,2024.50.0,com.reddit.frontpage
4c39148b-b56c-486f-b70d-efe01c9f2797,Goofy Puppy,https://play-lh.googleusercontent.com/a-/ALV-UjVuVJgz_NZ2D62RYMdylInL0mi0gcn2RonyH-tyLmgtOq0f_ASF,"Cesspool, addicting, fun. Should avoid like plague unless ure sure u can stick to Fandom stuff (even then it can get bad). Ads are appearing way too much. Weird log in issue where it randomly signs me out & struggles to sign me back in. When I log in or accidently tap sections/filters it resets & I lose my place.",3,30,2024.50.0,2024-12-21 11:32:09,,,2024.50.0,com.reddit.frontpage
c8a26121-af1c-47bf-9707-c1bc1c39b5e1,Dylan Taylor,https://play-lh.googleusercontent.com/a-/ALV-UjVm56gJzcuypIAyuw_rGBD3JSI0mwvIuzFM3FL_ur7NgM08BM8k,"The mediocre Reddit experience that lacks some of the features that third-party apps had before. It has also started checking the Play Integrity API, which is a big no-no. I fail to see Any reason Reddit needs to check to see if my device is rooted or deemed insecure by Google. Not to mention the fact that GrapheneOS, which I am running, is significantly more secure than the version of Android that Google blesses.",3,1,2024.26.1,2025-02-04 02:01:36,,,2024.26.1,com.reddit.frontpage
a8118ace-4803-4492-b415-2130719949ca,A.J “Rhee” Marie,https://play-lh.googleusercontent.com/a-/ALV-UjV0Z2efAdnTWuFasLt1egu_iEaqObe_uIO6IOH1aTroWTTrYs7W,"There needs to be a serious tweak w/ the notifications, both on the web app & mobile. I'm not sure if this is a bug, but I turned off all in-app notifications yet I still get notifications for replies even when I dont have the notifications turned on for those discussions. I also think there needs to be a way to clear inbox notifications.",3,2,,2024-11-09 06:18:18,,,,com.reddit.frontpage
b80bb799-289f-4fcb-ad35-a8d09100a396,A Google user,https://play-lh.googleusercontent.com/EGemoI2NTXmTsBVtJqk8jxF9rh8ApRWfsIMQSt2uE4OcpQqbFu7f7NbTK05lx80nuSijCz7sc3a277R67g,"I really like reddit and I use the app on a daily basis. The one thing that has been driving me absolutely nuts about this app is when I use the search bar. If I search and open a post from the search results, then go back to continue looking at the search results, it resets to the very top of the result list, and I don't remember it doing that before. Please fix this.",3,4,3.17.1,2019-01-13 03:22:06,,,3.17.1,com.reddit.frontpage
6f1bbd44-2920-4388-8d07-95256e967674,A Google user,https://play-lh.googleusercontent.com/EGemoI2NTXmTsBVtJqk8jxF9rh8ApRWfsIMQSt2uE4OcpQqbFu7f7NbTK05lx80nuSijCz7sc3a277R67g,"The idea of reddit itself is what I love.. The app not so much. I am constantly having problems with it since I've installed it and even after updates. I have to re open it all the time to even look at comments.. Re open it to go to another sub.. Repoen it to post and sometimes re open it to re open it!!(but seriously I've had to re open the app 2-3 times at once just to post something) I am always getting the, ""Something went wrong. "" message.. Ugh!!!!!!",3,3,3.13.1,2018-10-18 03:33:09,,,3.13.1,com.reddit.frontpage
b9ede702-0c61-46f7-9e8c-8d509398c1b1,A Google user,https://play-lh.googleusercontent.com/EGemoI2NTXmTsBVtJqk8jxF9rh8ApRWfsIMQSt2uE4OcpQqbFu7f7NbTK05lx80nuSijCz7sc3a277R67g,"For the most part the app is good, but recently i've been having a LOT of issues switching between subs and/or the homepage, like i'll click back or the little X at the top and instead of going to the homepage it'll close the app, i'll reopen and it's still on the same page or another recently visited post or sub and I'll have to repeat this process again and again or shut the app down. I also have multiple accounts and now trying to switch back and forth crashes the app",3,4,3.11.1,2018-09-22 00:27:29,,,3.11.1,com.reddit.frontpage
00694ab5-7f7a-4e61-89b2-563a808a4582,A Google user,https://play-lh.googleusercontent.com/EGemoI2NTXmTsBVtJqk8jxF9rh8ApRWfsIMQSt2uE4OcpQqbFu7f7NbTK05lx80nuSijCz7sc3a277R67g,"I just got the most recent update today, under the auspice that app crashes had been fixed (it used to crash only once or twice a day). It worked better before I accepted the update. Is there a way I can reverse the update, so the app will function again? It now crashes every 2-5 minutes, which discourages me from participating in discussions. Crashes center around: opening any kind of external media (embedded gifs & pictures), following links to outside sites to access content, even imgur (I don",3,4,2.26.2,2019-02-24 20:16:55,,,2.26.2,com.reddit.frontpage
1152a5f1-af18-45d4-852d-8da39c1eebd1,A Google user,https://play-lh.googleusercontent.com/EGemoI2NTXmTsBVtJqk8jxF9rh8ApRWfsIMQSt2uE4OcpQqbFu7f7NbTK05lx80nuSijCz7sc3a277R67g,"Basically the best forum about any topic imaginable, with separate sections for all kinds of generalized and specific topics. People vote on best comments, and they are then pushed to the top of the thread, so it's always easy to find the best parts of a thread. Still the best, but I'm changing to 3 stars because I sick and tired of the comment I'm disappearing when I touch it without scrolling. I'll look later to see if theres an option to change that; it's never useful, just annoying.",3,2,2020.6.0,2020-02-29 23:41:14,,,2020.6.0,com.reddit.frontpage
3cac5687-62a8-4b85-a2f2-ad3b7c728f35,Ernest Asante,https://play-lh.googleusercontent.com/a/ACg8ocIQx6zBh89V6YSNKAUPPb6Ds0jJ_dXPo87ZgN36iVVO_w7SvFQf=mo,good,3,0,2025.13.0,2025-04-06 14:49:33,,,2025.13.0,com.reddit.frontpage
398029b3-59fc-4c85-97d4-32a2584dd9c5,girish karuvelil,https://play-lh.googleusercontent.com/a/ACg8ocK5PvdnQoPDw_aRHMFq8GIWDHJwRYF7d5-xHaboB5M2TWWnKg=mo,make the skip comment button placement adjustable. as a lefty it's just strictly a worse experience now,3,0,2025.13.0,2025-04-06 11:43:32,,,2025.13.0,com.reddit.frontpage
3736d5cb-0a49-4bf6-8b49-cd3d9833763d,Connor Wilson,https://play-lh.googleusercontent.com/a/ACg8ocKiq_x9s8gIAESWy4aNyd0obmrejbH1sBid6fL7XN4gnEzBVw=mo,app is no longer opening,3,5,2025.13.0,2025-04-06 07:48:31,,,2025.13.0,com.reddit.frontpage
e4957d4a-1ddb-45b2-873e-23081b2719f3,Paola Nace,https://play-lh.googleusercontent.com/a/ACg8ocIQD0Wi-SmQDKnLVeyesLVlFXIteWm-nwaQ-Q765Ridoi8FMQ=mo,"the new update moved the arrow to navigate between top level comments from the right side to the left, which is very inconvenient. If you give me the option to have it on the right so I can use my phone with one hand, I'll give you 5 stars.",3,0,2025.13.0,2025-04-05 21:35:36,,,2025.13.0,com.reddit.frontpage
9192ea23-245d-4afc-9cd8-6c748ce3b6c9,Zoe Page,https://play-lh.googleusercontent.com/a-/ALV-UjXQySE94M3Zt5aLjLN3VyARWieng8YyKxXV5DWP-5iN-4vy45Z9LA,"any chance of fixing it so when i get sent a link and agree to open with the app, it will actually take me to the post in app rather than just bringing me to the app store or no?",3,0,2025.13.0,2025-04-05 18:58:43,,,2025.13.0,com.reddit.frontpage
07135bed-efa1-429e-b104-72f74407ef31,Max,https://play-lh.googleusercontent.com/a-/ALV-UjUEbWicNPpR167ebM-J2qV525QbW1t0rAvQ-FBJKOY4r0oueNw,Love it. Would love a indicator of how far you are down the page when in a sub. bring the down button as a choice,3,0,2025.13.0,2025-04-05 11:08:53,,,2025.13.0,com.reddit.frontpage
65fc7161-8265-4a95-9347-c23c5afe13c4,casey rye,https://play-lh.googleusercontent.com/a/ACg8ocJPFPHeYr5VeO3AK1rSOmW7IwXkDhmJIZI5Yrz4Dw9z2St99Q=mo,it's great,3,0,2025.13.0,2025-04-05 10:32:13,,,2025.13.0,com.reddit.frontpage
9ae3f8b4-2b7b-4a17-ad8a-2c9d093c98c1,Kailey McReynolds,https://play-lh.googleusercontent.com/a-/ALV-UjW5Xaw6Dsyakq1ynYQoThB5Nhaq64TMGk8erTe_WBzUM2fwmGsV,"Its a great app for everything going on in the world and has some posts with good advice and intriguing personal stories and experiences. However the latest update won't let me change my user flair in different groups anymore, I'll change it and when I come back later it reverts to an old one. Would be great if I could actually change it and it save this time.",4,132,2025.06.0,2025-02-18 02:22:17,,,2025.06.0,com.reddit.frontpage
51afc1cf-7e03-4181-9842-21519bdf54bf,Jeannie Marshall,https://play-lh.googleusercontent.com/a/ACg8ocIQ5Q85MqlzPtAyE6ymH3DxTmNW5wu-wfna6lcEJYvHuAC0vA=mo,"I have found it very helpful, fun, and easy to learn. I am elderly, vision poor, so I'll give it another few weeks before I dare go 5 star. I'm not so swift as young people when it comes to internet lingo and practices. As a child we had an operator assisted phone (our number was 331) but no indoor plumbing and today's technology was science fiction!",4,178,2024.50.0,2024-12-26 22:19:53,,,2024.50.0,com.reddit.frontpage
d37dc425-eace-4b09-866a-f9a0c75432d5,Daniel Awesome,https://play-lh.googleusercontent.com/a-/ALV-UjUYICLq7TmSf1VJBdaJM3ayMJu9dbsEPeztkujzzuCrHxmzW_A,"Bug: Upvotes aren't updating, no matter how many times I refresh a post. The only solution is to exit, and find the post again. Now, you need to log in to another account to see the change lol. !!Suggestion:!! Can we add an option that prevents auto-refreshing a subreddit when you exit from a post inside of it? It's really tiring to have to scroll down again—and so very far—when I'm browsing through older posts. It keeps forcing me back to the very top.",4,118,2024.47.1,2024-11-25 17:05:07,,,2024.47.1,com.reddit.frontpage
c1792689-1ef7-44ad-ad2a-f51c012ac627,Lorren M,https://play-lh.googleusercontent.com/a-/ALV-UjXFD-R9lFVHEF4hCgu62-Zx92712ikCQj7JapG6xXZ1eGCOwOIc7w,"Watching long gifs on a device when the screen timeout is shorter than the gif is impossible. You can't tap the screen without being navigated away. Also, if you fat finger while trying to click a link in a comment, it collapses the comment. My fingers are pretty average sized, and I collapsed multiple comments trying to click links. Overall, far from the best Reddit app.",4,4,2020.43.1,2020-11-15 01:17:08,,,2020.43.1,com.reddit.frontpage
149fc228-1236-487f-98b8-f50bab508e66,Travis ledford,https://play-lh.googleusercontent.com/a-/ALV-UjVjUZC4HoFU0Co4LtKHhu7WSbGvkwdOvnOOq3lb7s6KiwCoQW3a,"No sound on video. For some reason ALL Gifs/videos do not play sound at all. I have found that in order to view the video with sound I have to open the Browser version, which then automatically forwards/opens the Reddit app. Please fix this! It's the one thing that drives me crazy about the Reddit app! Reddit developers you're smart people, why can't I just watch a gif or video via REDDIT APP with sound! FIX PLEASE! THIS HAS BEEN GOING ON FOR A YEAR. There's a whole thread on Reddit about this!",4,2,2020.20.1,2020-06-06 08:37:03,,,2020.20.1,com.reddit.frontpage
e211f603-393f-4b6e-9aad-5622462f6b6e,Kevin Prichard,https://play-lh.googleusercontent.com/a/ACg8ocKut4t_RFhaZewtCYmPKppmVDvIXHv3XcQpm3UtZalOaRMKhA=mo,"Good, but could be a better experience. For instance, the comment editing feature has no rich text controls. There's a hyperlink maker, but it doesn't let you add a link to a text selection, you have to input both the link and the link text, severely limiting its utility, often you have to do double the work when you go back and add links to your comment. No bold or italic buttons. You have to use the website on a desktop computer if you want any of those ""modern"" features.",4,11,,2023-08-24 00:20:16,,,,com.reddit.frontpage
bc1752f0-2b20-47c3-85fc-2e673437a587,A Google user,https://play-lh.googleusercontent.com/EGemoI2NTXmTsBVtJqk8jxF9rh8ApRWfsIMQSt2uE4OcpQqbFu7f7NbTK05lx80nuSijCz7sc3a277R67g,"If there's a video from v.redd.it might as well not even try to watch it. No videos ever play on my device and after minutes of waiting, I give up. This app has never played videos right. I've been using this app for quite some time now and it's a shame that the in-app videos have NEVER worked in the year/year and a half that I have used this app. Other than that issue, the app is very entertaining and quite enjoyable. One of my most used apps.",4,15,3.12.1,2018-10-03 06:16:14,,,3.12.1,com.reddit.frontpage
b747b49e-758c-4ca7-9851-7ec797bf15b4,Jacob Aaron,https://play-lh.googleusercontent.com/a-/ALV-UjXXa2hKtijyiYJBOAlUEMwIuQDinWPvrF-mmncOht3IrTsx0wI,"Constantly crashes and just acts weird in general. Site itself constantly bugs you to switch to the app if I happen to be using Chrome, super annoying. Switching to redditisfun. Edit: tried again and the app is somehow more broken than it was when I posted this. Whoever their development team is they should be lined up against a wall and shot w/o even a cigarette. Update: still sucks, new glitches. Jfc who works here",4,5,2023.45.0,2024-09-29 20:57:02,,,2023.45.0,com.reddit.frontpage
a2e8b6dd-048b-404f-bc9d-173e3a45499c,A Google user,https://play-lh.googleusercontent.com/EGemoI2NTXmTsBVtJqk8jxF9rh8ApRWfsIMQSt2uE4OcpQqbFu7f7NbTK05lx80nuSijCz7sc3a277R67g,"Great app to browse Reddit. Only thing I would recommend is to have it so when you're so far down the front page, you can tap at the top to take you all the way back to the top of front page like the do on the iOS version. Scrolling takes too long and the scroll bar on the side is too small and hard to see sometimes.",4,78,3.15.1,2018-11-09 09:14:10,,,3.15.1,com.reddit.frontpage
cfd6d38f-60d8-4681-a7c8-becfcc6493ce,Tyler Catron,https://play-lh.googleusercontent.com/a-/ALV-UjUd8X2lTxPZg449adxrTGOi86QvMbkIVYh90a4-JyXHEM2qZq4,"I would give 5 stars but it's sometimes slow to load or images time out before they load, even when cell service is good or on high speed wifi. Also, if I click a shared link and choose to use the app it asks me to sign in or doesn't load properly. Aside from that, it's Reddit, so it's great. There are so many uses. You can find information and forum type support for a plethora of subjects and projects. When learning and research aren't your objective, there's plenty to keep you entertained.",4,9,,2021-06-27 00:30:29,,,,com.reddit.frontpage
c71d83a2-a303-46d0-b899-62454e5be625,A Google user,https://play-lh.googleusercontent.com/EGemoI2NTXmTsBVtJqk8jxF9rh8ApRWfsIMQSt2uE4OcpQqbFu7f7NbTK05lx80nuSijCz7sc3a277R67g,"12/10/19: Custom user flair never save, when I open reddit and look at my user flair for a certain community, it goes back to the default. I would like to see this fixed soon. 1/8/20: When I upload a video, a notification shows up that says: ""Uploading file: [insert file's name here]"" I am unable to swipe away this notification and pressing cancel does nothing. The only option I'm left with is to restart my phone (Samsung Galaxy S10+) to make it go away.",4,4,3.41.0,2020-01-09 02:35:53,,,3.41.0,com.reddit.frontpage
5d6f78cd-9e9c-4061-98e2-b96b68a09453,Vladimir Sepulvado,https://play-lh.googleusercontent.com/a-/ALV-UjUQ9194R6RFrX4IIbFx-P7WePuNUtYdkYQxr8ZUyXv5va53zbg,"Love reddit. Didn't give 5 stars because this bug where advertisement audio randomly keeps playing as you scroll from post to post. Kind of annoying, looks like it's been a problem for years but hasn't been fully fixed. Please if anyone with the ability to fix this is reading this, do whatever you can because it's verrry annoying. For the meantime I'm going to try out 3rd party reddit apps like Relay, to see if that fixes the problem.",4,3,,2021-06-28 11:21:01,,,,com.reddit.frontpage
fce0813f-25b5-46fd-941c-81079a43f141,A Hobo Panda,https://play-lh.googleusercontent.com/a-/ALV-UjWFNumGzLibVCp6Tc2UQZnqmjtOGi12jY3O_M07MzFiTrfiisNJ,"Update 10/5 - as of 2-3 weeks ago, the long load times were fixed. App is pretty good. 6/20/21 About 2 weeks ago, the app got updated. My only gripe is that now it takes literally 20-30 seconds to load the Home page each time I open the app. I can go to a specific subreddit and load posts almost immediately, but loading my Home page takes forever each time I boot up the app. Please fix this.",4,3,2021.39.0,2021-10-07 05:43:46,,,2021.39.0,com.reddit.frontpage
c9eed144-6ae5-49f6-9148-9e967577d7ab,A Google user,https://play-lh.googleusercontent.com/EGemoI2NTXmTsBVtJqk8jxF9rh8ApRWfsIMQSt2uE4OcpQqbFu7f7NbTK05lx80nuSijCz7sc3a277R67g,Usually works great! Sometimes gifs load very slow or not at all if im browsing for a little while and I don't think it's my internet connection. Great otherwise! And the sound doesn't usually work with gifs on mobile but then will work on my computer. I've checked many times and it's definitely and app issue.,4,11,3.34.1,2019-08-31 06:35:21,,,3.34.1,com.reddit.frontpage
6fabf1f9-0002-4f20-a442-7421cb758399,A Google user,https://play-lh.googleusercontent.com/EGemoI2NTXmTsBVtJqk8jxF9rh8ApRWfsIMQSt2uE4OcpQqbFu7f7NbTK05lx80nuSijCz7sc3a277R67g,"Good app, only issue is that you get at least one notification alert when you open the app but it's usually what's trending, it's not a message or reply (even though the icon is a envelope). Most apps give you a fake reply notice to get you to open the app and read the top story (I'm looking at you, LinkedIn).",4,5,3.14.1,2018-10-30 00:53:40,,,3.14.1,com.reddit.frontpage
3661a8a6-056f-4aaa-b29f-5a342d4afe17,Og Killah,https://play-lh.googleusercontent.com/a/ACg8ocKQ8oy1N0yphiNzqCNlHcKM--3gjE09WsPEe2Bjn62YPBFU5A=mo,noice app,4,0,2025.13.0,2025-04-06 18:30:54,,,2025.13.0,com.reddit.frontpage
e84ddb22-4030-4301-b906-61a182bd3cf3,Larson,https://play-lh.googleusercontent.com/a/ACg8ocIfqti7cSGeF2Ljw8oOGOOf6RXcAraepELfYMUFjGRIWcCxzQ=mo,I like the new icon. I mean the green one. It feels like there is something new about reddit,4,0,2025.13.0,2025-04-06 16:37:23,,,2025.13.0,com.reddit.frontpage
171343c3-6097-4d1e-b6a4-2c76d51c5140,Ana Monsivais,https://play-lh.googleusercontent.com/a/ACg8ocJCRltM0ihys6rkYjlEmlJ8MbLbV1S3wyjhH2x3JFHB8E9usw=mo,to be honest this is alot better too talk and do funny things,4,0,2025.13.0,2025-04-06 15:58:05,,,2025.13.0,com.reddit.frontpage
b76c0d7b-1fb1-4b71-9e1f-fdadb351d462,Mohamad Najib Ahmad,https://play-lh.googleusercontent.com/a-/ALV-UjWngTPpxWFMga_92qnwjOV5Rn_nmfzPxcu88M-P2f1SJsXCDbxT,still trying to explore,4,0,2025.13.0,2025-04-06 15:19:32,,,2025.13.0,com.reddit.frontpage
a136d6d1-360d-45aa-92d9-e8cde06a0440,Thum Yeow Keon,https://play-lh.googleusercontent.com/a-/ALV-UjWWYKB2OUBtzGfZGghLB823PwQ0dgvAKuFgJX4CAJ9WI-ZARik,good opportunity to create a different life,4,0,,2025-04-06 13:26:41,,,,com.reddit.frontpage
c94b9358-32f1-4209-b9a1-23a40a5e74ec,Javier717,https://play-lh.googleusercontent.com/a/ACg8ocKO-akmjeFPPUlpLTdGn-tIXX83wWh_jyF5yHdLYVWmXMwLnA=mo,this is nice.,4,0,2025.13.0,2025-04-06 12:08:34,,,2025.13.0,com.reddit.frontpage
10456786-b38b-4368-bf11-ec5f7581e9b0,Melanie k Macie-Rossi,https://play-lh.googleusercontent.com/a/ACg8ocLrx-b6wNzbIzSJuEB4lLrxClYG6yYGty3WbHRFmLgDTuJa0Q=mo,idk yet.,4,0,2025.13.0,2025-04-06 11:19:30,,,2025.13.0,com.reddit.frontpage
8c6e8787-19cf-4166-bd7d-e9cc5cd4c4c2,A Google user,https://play-lh.googleusercontent.com/EGemoI2NTXmTsBVtJqk8jxF9rh8ApRWfsIMQSt2uE4OcpQqbFu7f7NbTK05lx80nuSijCz7sc3a277R67g,"After I updated to the latest version it hardly ever works anymore. If I load the app up, it will load forever unless I close it out, stop it from running, then reopen it. If I'm on the app itself and my phone goes off for a second, the app will stop working and I'd have to close out the app, stop it from running again, then reopen it again. It worked flawlessly before the update.",5,791,3.41.0,2019-12-05 23:03:45,,,3.41.0,com.reddit.frontpage
83c847df-bacd-40b9-953c-0b9e2c5b0cc9,A Google user,https://play-lh.googleusercontent.com/EGemoI2NTXmTsBVtJqk8jxF9rh8ApRWfsIMQSt2uE4OcpQqbFu7f7NbTK05lx80nuSijCz7sc3a277R67g,"Neverendingly interesting is an understatement. This app contains the breadth and length of the internet, in a respectable community format. Whether you want help fixing something or want to get rid of boredom on-the-fly, Reddit is a phenomenal catch-all, and the app is a great extension thereof. It even has night mode to be easy on the eyes.",5,609,3.39.0,2019-11-08 15:57:24,,,3.39.0,com.reddit.frontpage
409aea7f-ef13-4e2e-90a1-88f114c75641,Ava Burke ISW,https://play-lh.googleusercontent.com/a-/ALV-UjXUlRkqtFak-VCF8Aey_lQm-5WshavgDlTf3upyalTMifdGxWQX_g,"Great range of topics and sub topics. perfect for adding, sharing, or asking anything. The NSFW feature means that you can post explicit photos to answer questions about body parts with actual examples in real life.",5,2,2025.13.0,2025-04-04 07:38:30,,,2025.13.0,com.reddit.frontpage
fb01949f-0b8a-49e5-8c17-cc7d01eb63ee,Amarachukwu Echoke,https://play-lh.googleusercontent.com/a/ACg8ocJ-zMsj9hn7O_ISiMsJYDBEHt0FKrrHrLUbHgJ3meSDf4oxuw=mo,I don't really enjoy a lot of social media platforms but Reddit is quite interesting to engage with. I love the anonymity that comes with it sometimes and all the juicy stories and how we get to help people -if only behind the scenes. It's fun! 😊😄 So yeah. I'd recommend people to try it out.,5,2,2025.11.0,2025-04-02 12:51:38,,,2025.11.0,com.reddit.frontpage
96202b74-eec3-4421-9a93-51184e2823ce,Connor Thurston,https://play-lh.googleusercontent.com/a-/ALV-UjVUeHgwen3hnUKUV6LP2-GZYbAz3GtSd25PJvAOOMvNg0hVX2-dsA,"⭐⭐⭐⭐⭐ (5/5) – A Fantastic Platform for Communities & Discussions The Reddit app is an excellent platform for discovering and engaging with content. The UI is smooth, dark mode is great, and navigation is seamless. Customization options let me tailor my feed, and the variety of communities keeps things fresh. Media loads quickly, and performance is solid. Occasionally, it logs me out, and comment sorting could improve. Overall, it’s a must-have for staying connected! — Connor Thurston 🤠",5,91,2025.07.2,2025-03-02 03:50:44,,,2025.07.2,com.reddit.frontpage
391a1633-a40c-4ce1-b423-c8710bcb64f8,James Guerrero,https://play-lh.googleusercontent.com/a/ACg8ocIm1WzJy2sa-WnSoTv_rLVq4B29S0eBPVSU6pBivpveZiddaQ=mo,"great app,highly recommend 👌 I’ve been using Reddit for a while now, and I’m really impressed. It’s user-friendly, efficient, and does exactly what it promises. The features are well-designed, and the performance is smooth with no glitches. Plus, the customer support is top-notch. Definitely worth checking out if you're looking for a community or any topic reddit has your back 🥰. Highly recommend!",5,18,2025.06.0,2025-02-20 02:16:07,,,2025.06.0,com.reddit.frontpage
aa70589e-c2ad-4302-a564-4e92074c3f69,Christina “ɮօօ” Abell,https://play-lh.googleusercontent.com/a-/ALV-UjXdFaa86Zx4jp_c1PYmp64Rbv3bZySt0DEU6KLQtCrE2lKYiy4q,"👍🏼Reddit is really big in reality, & it's difficult to make a general comment about it this short. There are so many strong communities on Reddit, & because it's a bit difficult to find your way at 1st, you definitely get a sense of belonging once you ""get it."" When you're not searching for something, it's always a good place to stumble upon interesting content. It's a great resource if you're looking for something specific when it comes to reading on a topic, personal opinions & experiences.",5,63,2025.07.1,2025-03-02 18:29:22,,,2025.07.1,com.reddit.frontpage
05d1d6cf-2383-4c03-b5d4-2ecd4434ca3f,Samkelo Vilakati,https://play-lh.googleusercontent.com/a/ACg8ocIEsMbu96nt294HPLg1kMP5d_zqxPUSqg-KNAQnpyHvov94_w=mo,Great app with a plethora of content and endless hours of entertainment. Very easy to use with a simple user interface. Wish resolution adjustments were present but it's not a deal breaker. Absolutely adore Reddit as it's quickly becoming my favorite alongside YouTube.,5,32,2025.09.1,2025-03-10 05:50:18,,,2025.09.1,com.reddit.frontpage
1ff36afa-7fd5-4dc3-8028-06aa8d94115e,G.RaviKumar,https://play-lh.googleusercontent.com/a-/ALV-UjXJ03Mr5_aKP0S2rpN8WNGOLuW0wD9XvM9KGgaikJu9IhJXOXQ,"Reddit is a fantastic platform for connecting with like-minded people and exploring a wide range of topics. The app is user-friendly, responsive, and makes it easy to engage with communities like r/NoFap for support and personal growth. Highly recommend!""",5,4,2025.11.0,2025-03-22 22:40:18,,,2025.11.0,com.reddit.frontpage
1222989a-a42a-4a0c-bafd-5adb87250613,Dan Allen,https://play-lh.googleusercontent.com/a-/ALV-UjVKYL6WtsYnuVxvEaC1gP8QJnbOhxUyUMm8njE0LHHRPdE_WWvC,"damn right!! end of the year when the temps drop in Sconny, there are less people playing so when we go play we all take separate carts and man do we fly around the course. 18 holes in just a shade over 2 hours with a four some!!! Single rider carts would definitely speed things up. But only if it's done right. But I like it!!!",5,8,2025.06.0,2025-02-18 14:11:43,,,2025.06.0,com.reddit.frontpage
15bcf91f-ca60-4fa5-8935-41a7c6f712af,Jsy Say,https://play-lh.googleusercontent.com/a/ACg8ocKRZN625Vi4aykU0ggbf7IcXMuOuVJ6aER8N2kCBn4d8-MYJQ=mo,"|-3/24/22-|| -Now- I have a very slow connection, is there anyway to lower the bod requirement for the ""mobile"" client? Non-Sponsored posts often take a long time to load and most posts and communities wont load fast enough and time out. | 4/01/25 been a few years, apps still good, my internets fast now so it loads.",5,0,2025.09.1,2025-04-02 06:33:23,,,2025.09.1,com.reddit.frontpage
1c59ce07-b668-4cd4-8054-174c62f8f39e,Boyd Bradford,https://play-lh.googleusercontent.com/a-/ALV-UjX1OPvYqGbIAgL5wKaYnliIqb4sssKb2ucPa6LJJDReaKKq8MI0,favorite place too get opinions on all topics especially controversial ones also a good place when I need too find good sellers for different products especially health supplements and things of the sort I've found some very cheap vendors for things like creatine and protein powder and even vitamins and stuff by looking threw different reddit posts and seeing what peoples favorite stores or websites too but from are. Reddit is a amazing tool,5,5,2025.10.0,2025-03-23 06:53:46,,,2025.10.0,com.reddit.frontpage
b940f596-a484-44e0-9e30-746535de8858,Suzette O Donnell,https://play-lh.googleusercontent.com/a-/ALV-UjWtuaY8WPygbao3k3LkCPKX2gHraZ4M58YrWiQ7NtL9ykMM38c,"Wow, I am just starting this journey. Looking forward to seeing 👀 all I can enjoy and learn. Definitely going to be joining and sharing with other social media platforms. I love Meta and the platforms being so easy-to-use and simple to make it easier to keep up with allowing people to repost their messages from application to another ❤️",5,3,2025.10.0,2025-03-20 16:40:09,,,2025.10.0,com.reddit.frontpage
6a09330b-63ad-4c7a-87a0-1f77bba87853,NateF_81,https://play-lh.googleusercontent.com/a-/ALV-UjW73kF0N4YF841IIEFieHnLi_MuOSnm13mxpctjxy7Ug3QaXN23,This was one of the first apps that I always downloaded. Because it was what I used the most to get the best detailed help articles. And proof of that now when you Google something for help on a subject. The top results are linked to or automatically sent to Reddit. 😄❤️,5,23,2025.03.1,2025-01-27 04:17:56,,,2025.03.1,com.reddit.frontpage
6c36319a-d39a-4fc5-b9b3-8344e595759e,Leah Allegoria,https://play-lh.googleusercontent.com/a/ACg8ocKhQ2YR6wBuziice7zOYPxsD93NxgmL2NsxSMbONHSYyENgFw=mo,"a good appli, great to find answers to specific questions thanks to an extensive array of experts who, by passion and kindness help everyone. Some subreddits incite to a dialogue and often one manages to smile even on serious topics. it is a good human app for humane, positive, generous and kind interaction. moderators are mostly active and we feel safe as users.",5,10,2025.03.1,2025-01-26 06:26:54,,,2025.03.1,com.reddit.frontpage
146b247a-477a-475a-afeb-b71260c570c0,Lily Snow,https://play-lh.googleusercontent.com/a-/ALV-UjXFqY5uZWQEMuv-MRAfIOI6UwuhbnuMtXhn3-eJxf7evSgRPGo,"use it often, like it",5,0,2025.11.0,2025-04-06 18:13:53,,,2025.11.0,com.reddit.frontpage
aabf0496-8a56-47ac-a7fd-27b660790ddd,Davudko POV: (Davud Jasarevic),https://play-lh.googleusercontent.com/a-/ALV-UjVG6EGXPXEwySrsOHrhFhil-vGg_BxTA4KOyO3ZCUu46HmOgCrE,a lot of usefull information for very specific problems,5,0,2025.13.0,2025-04-06 17:53:12,,,2025.13.0,com.reddit.frontpage
aa0447f5-75db-4eea-8298-bad1d06529dd,Daniel,https://play-lh.googleusercontent.com/a/ACg8ocLVShUb4LiEJPIVNmyHkrFu9dbF8p12WpEv5ay_tlec-9BM-A=mo,awesome stuff!,5,0,2025.13.0,2025-04-06 17:52:04,,,2025.13.0,com.reddit.frontpage
09298bfa-17e2-44c6-a809-2f1beb487b43,Joyeta Basu,https://play-lh.googleusercontent.com/a/ACg8ocJHUTtFUC_svNkM4fA4qxuaBQg0XgJ4imZ9QqqBkXOS_EM16kk=mo,beautiful ♥️,5,0,2025.13.0,2025-04-06 17:34:24,,,2025.13.0,com.reddit.frontpage
bb14eb18-e34f-4be6-918d-95d24d074d60,Williams Brave,https://play-lh.googleusercontent.com/a/ACg8ocLx_qYRXvw2QURH0dbchJM3QPRYKkJVan1gburtR02cTyZ2Pg=mo,cool,5,0,2025.10.0,2025-04-06 16:26:58,,,2025.10.0,com.reddit.frontpage
b27bc3c7-b16c-4c98-81bc-edfcdd79439c,Lurstep Wanshnong,https://play-lh.googleusercontent.com/a/ACg8ocKtiKRdiEU_fNyEX2fy-gTvcq-MMwU8THnIzGUyBoJadn0GOw=mo,great conversation place to discuss all things,5,0,2025.13.0,2025-04-06 16:11:07,,,2025.13.0,com.reddit.frontpage
7fe7fa03-0768-4a8c-bca6-19212bc73ccd,Rishabh Patel,https://play-lh.googleusercontent.com/a-/ALV-UjV-PoPL6iqNs8ZkdGips81cNA-ddOmSKGnC1QALUcpTM8h4WU3r,good application,5,0,2025.11.0,2025-04-06 15:45:51,,,2025.11.0,com.reddit.frontpage
fe6978a6-b1ed-409f-ae5e-a128d0d957e6,Rose Sage,https://play-lh.googleusercontent.com/a-/ALV-UjXBO-__KFQFBNw8WGIp6YpvjXMrplre8CgXDJkTzN6NVQ5MlrwV,"I've had this app on every phone I've owned since 2014 and I haven't had it freeze and glitch before. I'll be scrolling and the screen will start shaking, images/gifs/videos will start freaking out, and random letters in text will disappear before the app crashes and closes itself. I've uninstalled, wiped all tumblr related data, and re-downloaded, but to no avail. Haven't been able to use the app for more than a few minutes at a time for over a year.",1,285,37.8.0.113,2025-01-17 14:38:46,,,37.8.0.113,com.tumblr
b48acb74-6914-4c0e-a5d0-808b642da0ba,Andrew Stephenson,https://play-lh.googleusercontent.com/a-/ALV-UjXn19kH_bKs_ni1wAthXLF5Tnt4NcpwQfQYegU7fxe58Bya6jj6,"Getting inconsistent notifications for DMs is infuriating. I'm not one to ignore my friends, so it would be nice if the app did its very simple job and notified me when I get a message. Sometimes it does, but it fails to send a push notification when a DM is received far, FAR too often for my liking. I've checked both settings in my phone and the app, too, so I know this isn't my fault. Edit: dropping this to one star, not even support has answered this one for me",1,518,37.9.0.112,2025-01-29 09:45:09,,,37.9.0.112,com.tumblr
28c0632e-9e32-4dd8-a429-c60aa6577c9d,Lori Hickman,https://play-lh.googleusercontent.com/a-/ALV-UjX_Xx2pfVrfA0r5yOlpsmHfupNJR6BJslOqE7L7SXnpoQrWYmgd,"Recently started playing this country sounding music that I thought was from an ad shortly after I open the app. Doesn't matter if I scroll or go to search for something, it will randomly start playing. Also, in search, when I hit X to delete a search, I have to back out of search and then go back in for it to be gone. I could be hitting the same X button repeatedly, but it doesn't disappear until I leave the search or just close the app.",1,194,37.0.0.108,2024-11-08 02:30:59,,,37.0.0.108,com.tumblr
9cc75233-83d7-4dc7-9a37-ed15058d9471,Ari Beck,https://play-lh.googleusercontent.com/a-/ALV-UjUH5rCtc1aF74qA-oFSj2Ee14tgN3ZuBk4lWswd0JH9dJg93_E,"Unfortunately I cannot give the app 0 stars. Please stop cluttering the bottom menu bar with things it does not need to ""promote"" it. I have no interest in communities or ""Tumblr TV"" (it's literally the YouTube icon), let me turn it off and declutter my menu. And now, to save money after adding two major things I won't ever touch, Tumblr is also removing Fast Queue, the primary feature I use when reblogging things. This is going to completely kill my motivation to actually reblog posts.",1,79,38.7.0.109,2025-04-02 20:40:07,,,38.7.0.109,com.tumblr
c3baf007-350d-4f41-9cd5-72bd5869190a,Payton Carlson,https://play-lh.googleusercontent.com/a-/ALV-UjWn7uhA3_XXqZynDfV4SE_QfQfQVhkBoh3afLpaOmPD3paJ1tZDOg,"I have loved Tumblr since the 2010s and recently decided to give it a go again. However, the app is very unstable! Most of the time I can't even scroll, look at anything, and struggle to follow blogs when I find them. It takes forever to load and crashes frequently. I've only had this app download for a week if that, and I'm already debating deleting it and just using the website instead. Hope they can fix this issue soon.",1,17,38.2.0.111,2025-02-17 12:52:01,,,38.2.0.111,com.tumblr
638d1eb7-8b53-47e3-9371-68501713947e,Miriam Harrington,https://play-lh.googleusercontent.com/a-/ALV-UjWWZBYsEkavXUwbyCBsGxC6nNyO25HygfBwpZbVN-2o7WaRd0YO,"I would give this 0 if I could. My blog worked perfectly for going on 5 years, and then suddenly broke completely. I no longer have messaging, I no longer show up in people's notifications, I can no longer be tagged in anything. I attempted to get help from support and have yet to hear back from them. I attempted to make a new blog to see if it was just a me problem, but the new one doesn't work either as it won't even load. I've managed to confirm it works on my laptop, but that's all.",1,16,38.3.0.110,2025-02-20 07:27:20,,,38.3.0.110,com.tumblr
d9693ca7-6b0c-45a1-b151-8b46bbffe408,Tess Brading,https://play-lh.googleusercontent.com/a-/ALV-UjVJ-s6jOeU4277ot60CehkM3SBlX1vXHfY7myb58RhoEXbJj2pd,"The app refreshes every time I go out of it or put my phone to sleep for a minute. Any other app I can leave and return to the same spot I left off, but not Tumblr. Given the way the app functions, the constant background refreshing that won't stop even when I turn off background processes is making the app unusable.",1,20,38.7.0.109,2025-04-02 06:43:43,,,38.7.0.109,com.tumblr
40514f9b-c029-4598-a095-4ec06b7eb431,paolofarley,https://play-lh.googleusercontent.com/a-/ALV-UjVMjaJ0fwEHjyfIVC8cNjZqZisevsa0k-03yu1jeDQ_nbJSlJM,"Uninstalled, reinstalled, uninstalled, reinstalled and still can't log in or make it work on wifi. But when on Data, everything works. Seems I'm not the only 1 experiencing this. How stupid can this be? Supposedly been a issue for months and yet Tumblr, you can't or won't do anything until everyone is experiencing this issue? Whoever heard of an app that will only work over cellular data and then becomes useless over wifi at home, office etc? Stupid as stupid can be!",1,32,38.0.0.110,2025-01-28 22:23:29,Please contact us at tumblr.com/support about this.,2025-01-30 08:12:13,38.0.0.110,com.tumblr
17d18078-9a6d-4cec-8939-9721317f8928,M,https://play-lh.googleusercontent.com/a/ACg8ocKPa_NsZBMKT7oqgP9pz8nf0dVMwG1brCUdc7Xx0svEzyEMrA=mo,The 75% price increase for ad free is a pain. Also the large dialog boxes that can't be dismissed telling me about my new features for the ad free subscription. planning on swapping to adblock rather than paying for premium. It seems like that would provide a better user experience and save $70 as a small bonus. They keep adding things that are broken. Communities are non-functional for me in the app. you need to log in twice to access them and my login only works the first time.,1,86,38.3.0.110,2025-02-28 02:02:32,,,38.3.0.110,com.tumblr
1d0cab6a-e82d-4bfd-9efc-3c9713ca448b,Brie Redmon,https://play-lh.googleusercontent.com/a/ACg8ocLjV5ao0pdAvoqF26EfNamH-B0zC2UhrN88FBWpWFkErImV-Q=mo,"incredibly nonfunctional app. it genuinely impresses me how terrible the tumblr app is- it crashed within 5 minutes of me opening it every single time, it's so buggy it FORCE RESTARTS my phone half the time I open it, and recently tumblr has decided it wants to crash while it's in the background not even being used, resulting in my phone restarting itself for seemingly no reason. you're better off just going to the website on your phone's browser than downloading the app.",1,8,38.1.0.111,2025-02-12 07:20:21,,,38.1.0.111,com.tumblr
80904b7e-877f-4c8b-b472-80804e3e4475,Caydee Terrell,https://play-lh.googleusercontent.com/a-/ALV-UjXxFYp7PsaqH43piR67HDdTf8Hrg7IJGdZzfplx5cW23lK_rEqjOQ,"The app keeps crashing. I downloaded it after the tiktok purge and logged into my old account from to early 2010s. I'll scroll for maybe 5-20 posts and the app will freeze, work for a second, and then prompt me with closing the app because it's not responding. It's unusable at this point with how frequent the crashes are.",1,14,38.1.0.111,2025-02-05 04:35:28,Please contact us at tumblr.com/support about this.,2025-02-06 09:01:40,38.1.0.111,com.tumblr
934ac930-11df-4c06-b965-0bce047a1956,terminallyShitfaced,https://play-lh.googleusercontent.com/a-/ALV-UjWsnEWP0kPUA2zDY-gopmtbjip61YJ5NRIpCE-R9SIiltsAAFwI,Ads clearly random AI images. I keep getting sexual ads when I'm pretty sure sexual content isn't even supposed to be allowed. Keeps crashing after about 2 minutes of use. I tried to look at notes of a post and it crashed. Has actually restarted my phone with the crashing. It's literally not a usable app.,1,70,37.8.0.113,2025-01-18 22:43:04,,,37.8.0.113,com.tumblr
6746092e-78b1-48f7-8e80-dd6b30fce388,Alex Morde,https://play-lh.googleusercontent.com/a-/ALV-UjU4_BClVMjaxS7GKCj2j0VjLUpun2l12v5Cw_lQDs4ptyUDqXlPHg,"I've had tumblr on just about every phone I've owned since 2013, but the most recent update is just not up to par. I can't scroll for more than 5 minutes without the app randomly deciding to freeze and crash, or just lagging out until it crashes. It's making the app borderline unusable. Super huge bummer, because I spend most of my time online on tumblr. Oh, and there's a current spate of infuriating video ads that play full volume, and pause my music to do so.",1,105,37.6.0.110,2025-01-06 22:50:31,,,37.6.0.110,com.tumblr
49abe170-c50d-478f-ab63-f85a63c30184,Danny J,https://play-lh.googleusercontent.com/a-/ALV-UjW9QRFuzmSB1L-vGh4hzw2xJxd3_Zyx2zF7qIoXj7KzlDk-eOMylA,"If only the app did not crash and freeze constantly, when it works it's fine but.. that's when it works. I've also had it randomly refresh my feed, often in the middle of me reading something. Very very irritating. Oh also, prepare to be harassed about paying them for no ads by little pop-ups - and then getting some of the most garbage slop ""ads"" that make you wonder why they ever banned Certain Content if they're so content to let some of these ads run.",1,141,37.7.0.115,2025-01-10 06:38:42,,,37.7.0.115,com.tumblr
0f285ca9-1c35-4c58-a549-5ac902d40b3e,Quppie,https://play-lh.googleusercontent.com/a-/ALV-UjUFUI-MxQM4XH1miGpCM2GQ3o3K8HCVR0Z98EtetzFQhO9L3BuT,"Tumblr app keeps getting increasingly laggy the more I use it to the point where sometimes it just crashes altogether. It's very annoying. Please fix this. I never had this problem before updating to the latest version in an October update. (I forget which one exactly but I definitely started noticing this in October. I just didn't say anything in hopes that it would get fixed on its own, but now its become to annoying and unbearable to ignore)",1,141,37.4.0.110,2024-12-06 17:32:31,,,37.4.0.110,com.tumblr
320bff74-7a70-4a1a-a880-5473a292be99,Robert Wright,https://play-lh.googleusercontent.com/a-/ALV-UjVs_o_1EBoDjhgevPFUps8aE6RV2Wnth6VOTVFnaYYCKdZJbHbn4Q,very horny here,1,0,,2025-04-06 14:02:44,,,,com.tumblr
e125c127-bbd6-4c85-836e-beb0cc3b3eed,Geoff B,https://play-lh.googleusercontent.com/a-/ALV-UjXEHJRD2kVXXcfoO8yvi9-PkGHGKoZz1EjT3IwKXC_SNPbX9t_W,"I've lost so many accounts over the years without explanation. I haven't uploaded anything inappropriate. There is no way to appeal the arbitrary decision. Good when the account is running smoothly. Update, just lost another account by termination. Tried accessing appeals procedure to no avail. I'm very careful what I post so I'm very angry. Tumblr is possibly the worst social account on the net.",1,0,20.5.0.00,2025-04-06 00:25:04,,,20.5.0.00,com.tumblr
32a27e3e-b552-40fd-9ca6-3ade2267d07d,Robin Parravel,https://play-lh.googleusercontent.com/a/ACg8ocJBiU5oDrze90gOBu18XuRvnsZ_4i--_W8Qoja4MUsFL57skQ=mo,It randomly logged me out and now I cannot log back in again. Not even on browser. I don't know why this happened,1,0,38.7.0.109,2025-04-04 00:45:21,,,38.7.0.109,com.tumblr
13d51d09-88f6-4d8d-8ead-2e3f16bb6f12,Kny,https://play-lh.googleusercontent.com/a/ACg8ocL_Cdv-UwNQFmRn_u2IxJTcfK4RXnVoeGOAR2VJfFcUzF7yIA=mo,kill me,1,0,38.7.0.109,2025-04-03 21:40:23,,,38.7.0.109,com.tumblr
e065a710-5c2d-4939-978c-4a042ebcd173,J,https://play-lh.googleusercontent.com/a-/ALV-UjWqctwc3rO8mkQIboKN9wg3Us1AJD7kWRk8XeplLDczbGWvThdDDQ,gifs aren't loading when searching them,1,1,38.7.0.109,2025-04-03 06:36:41,,,38.7.0.109,com.tumblr
2a2dd0ad-6ee7-4a85-8102-455c579bf81e,C J,https://play-lh.googleusercontent.com/a/ACg8ocLuU4p9qoU4SSMn_a8yY4Wv1XAXs5L2tyfpLOw4EU2sTWzSug=mo,"worse than ever, if constantly crashing was a desired feature, Then this app would be a 5 star , but sadly for the developers.. it's not even remotely desirable.. every update has resulted in what can only be assumed as a world record for crashes per minute.. congratulations. Not!!",1,1,,2025-04-03 05:25:30,,,,com.tumblr
9cc75233-83d7-4dc7-9a37-ed15058d9471,Ari Beck,https://play-lh.googleusercontent.com/a-/ALV-UjUH5rCtc1aF74qA-oFSj2Ee14tgN3ZuBk4lWswd0JH9dJg93_E,"Unfortunately I cannot give the app 0 stars. Please stop cluttering the bottom menu bar with things it does not need to ""promote"" it. I have no interest in communities or ""Tumblr TV"" (it's literally the YouTube icon), let me turn it off and declutter my menu. And now, to save money after adding two major things I won't ever touch, Tumblr is also removing Fast Queue, the primary feature I use when reblogging things. This is going to completely kill my motivation to actually reblog posts.",1,79,38.7.0.109,2025-04-02 20:40:07,,,38.7.0.109,com.tumblr
cdfcd9bc-48b5-4d51-8a17-1e56115e31ba,William,https://play-lh.googleusercontent.com/a-/ALV-UjU_Rq8yaRQW20gFI-VUoRF9oQ4qh079MOqP1Fm-TjMh9q5thSDJ,"Video player UI is too tall and the touch targets are too large. I should be able to see the full text of a tag after hitting enter/comma. The queue is a bit of a nightmare. I have ~200 posts queued. If I queue a post and then decide I wanna edit/remove it, I have to scroll through all 200 posts to get to the most recent one. Then after I edit/remove it, I am sent back to the top of the list. Let me sort the queue by soonest/latest to be posted.",2,40,38.0.0.110,2025-02-04 08:12:16,,,38.0.0.110,com.tumblr
713380c3-e0a8-4e33-9433-ec104ad73667,Ellie Hoyt,https://play-lh.googleusercontent.com/a-/ALV-UjUZLDuU_lZnNrFgrSxuRCQVGiaRcJ3F54_bjrDwe0aryGVx-KLkZg,"The app is incredibly buggy and glitchy. There used to be maybe one ad every 10-20 posts, now it's every third post and it's the same ad over and over. Search functions are wacked, mobile has less freedom than web (ex. Only 10 photos per post on mobile, up to 30 on web). It really sucks that this app's functionality is so bad, because it's really the only social media I can really tailor to what content I want to or don't want to see.",2,106,36.3.0.110,2024-09-23 09:24:02,,,36.3.0.110,com.tumblr
ca68e31c-73cc-44c6-85d3-0a2e3f2e373d,Chrissy Cornelius,https://play-lh.googleusercontent.com/a-/ALV-UjW9ST8UFzv56cu-VQ9ZshzQAIaG_wnAAUzY4yJc4kXqRzXljHc,"I love tumblr, but functional apps shouldn't need daily updates just to avoid epileptic seizure-inducing glitches. I keep encountering the same glitch where the screen will just randomly freeze and then rapidly flicker up and down at a siezure-inducing pace. Sometimes updating the app will temporarily fix it, but only for about a day or two until it comes back.",2,4,38.7.0.109,2025-03-21 11:11:23,,,38.7.0.109,com.tumblr
0f46baf8-9074-4187-966e-6268e82a503a,Uriel Lee,https://play-lh.googleusercontent.com/a/ACg8ocL_EASD4MYnYDGdv3uf0QA_SUNDWRvJ2GnOGGYRRnzCLdj3mQ=mo,"Oh my god if I report an ad as offensive and inappropriate, why do I keep seeing the ad OVER AND OVER AND OVER at a constant!! I report an ad and suddenly it shows up again two posts down, then again, then more times, and it never goes away. It's so offensive I have to just close the app and leave for a long time. Becoming more and more unpleasant",2,20,38.3.0.110,2025-02-28 17:15:19,,,38.3.0.110,com.tumblr
1303c1fa-c99a-4032-a283-8946c4675f61,Raevik,https://play-lh.googleusercontent.com/a-/ALV-UjXV3pTRCOfpUpEThph0Wl6FYhGmRmgEA1vasNnjnajDQpLAFWVH,"The app itself isn't laggy or ""doesn't work."" But it's NOT letting me change ANYTHING from my profile. Every time I try to change my profile picture, name, description, etc, from my profile, it doesn't work. Either it throws an error saying the action it couldn't be done or the app just doesn't let me. Tried deleting my account and cleaning the cache, but it still doesn't work. Never using it ever again.",2,18,37.8.0.113,2025-01-18 00:52:25,,,37.8.0.113,com.tumblr
1ac9e003-f27c-4811-b3de-9933e59343dd,Ashlyn Seymour,https://play-lh.googleusercontent.com/a-/ALV-UjXgkUCkmk6PuDyXwR7_sIQQu8c2YivOcr2Svwu8fZWcJR-S8Hrmvw,Tumbler should add a filter option that allows you to pick the type of content you do and don't want to see. For instance you could say you don't want certain reader tabs recommend to you. Another issue I have is that if your story is too long it'll say there's an error in posting it. I had to make a wattpad account to post my stories there and put the link into tumbler later became it was a long story.,2,7,38.3.0.110,2025-02-22 03:55:37,,,38.3.0.110,com.tumblr
c5da063e-9836-4d0d-8a41-bd94b5077b9e,Optometrist J,https://play-lh.googleusercontent.com/a-/ALV-UjXrmAlu4VPiEf-lU7oxlO2FzktzhpjLC3ayjWweKyKT2jwWvuYI,"It makes the site unreadable and on mobile, there's no more line breaks in paragraphs when you hit enter. Screws up my formatting big time As of January 2025, you've fixed the formatting, but search is still broken. I should be able to search my own blog for a term and, outside of words like and, an, the, be returned every post I've made that uses that term. I can't do that on the desktop or on mobile and I'd love it if the search came back.",2,7,37.8.0.113,2025-01-18 07:33:39,,,37.8.0.113,com.tumblr
4a8d2d63-6ee5-4c0c-b52f-8b639120dbf6,Olivia Tilleman,https://play-lh.googleusercontent.com/a-/ALV-UjUvKrx3LB8Y1wHubRGDmXfvEhM9ESiKoTICPd6oAFCf3vUkXseS,"Rejoice! Tumblr Live is gone! Still, the new photo viewer is atrocious. The photo viewer barely lets you zoom and it's incredibly difficult to scroll between photos. The search function is almost useless; half the time it returns nothing, and it always excludes certain posts for seemingly no reason. Also, the app is a buggy mess on a good day; on a bad day it's completely unusable and genuinely hurts to look at.",2,449,34.5.0.109,2024-05-19 22:04:26,,,34.5.0.109,com.tumblr
cc333d92-1c1a-4e24-8515-253982b95e04,Wendi Fonder,https://play-lh.googleusercontent.com/a-/ALV-UjWL8pAFZ8tPih5VWT3D1vyAtkfDE9wQ5lzAWm9MPCbxgaRHZqbgMg,"This app is almost unusable. It constantly crashes. And like someone else commented, reporting app crashing ads, seem to make them appear more. I really do like tumblr. But its very inconvenient when youre reading something and it crashes. Then you have to open the app again and search for what you were reading. And 9 times out of 10 you can't find it again because you didnt get a chance to save it.",2,9,14.1.0.00,2024-07-23 18:16:02,Please contact us at tumblr.com/support about this!,2024-07-25 05:02:53,14.1.0.00,com.tumblr
36911bae-d304-4a4f-ac44-af62494eb4a1,A Google user,https://play-lh.googleusercontent.com/EGemoI2NTXmTsBVtJqk8jxF9rh8ApRWfsIMQSt2uE4OcpQqbFu7f7NbTK05lx80nuSijCz7sc3a277R67g,"The Tumblr website is rife with bugs and this app is no different. The next week might bring you a new bug and you'll just have to deal. There's no way of knowing if they're trying to fix it. The 'read more' option for long posts doesn't work on the app, so you'll be scrolling for ages if you are unlucky enough to have one on your feed. This is all on top of their flagging system that is supposed to catch NSFW images and Does. Not. Work. It catches sfw images all the time.",2,4,12.3.0.01,2018-12-31 03:01:18,,,12.3.0.01,com.tumblr
8ba7dfc7-7cde-4506-b886-15d97f223c93,A Google user,https://play-lh.googleusercontent.com/EGemoI2NTXmTsBVtJqk8jxF9rh8ApRWfsIMQSt2uE4OcpQqbFu7f7NbTK05lx80nuSijCz7sc3a277R67g,"This app sucks, it can barely hold itself together. It glitches out a bunch, some messages refuse to send for no reason, my blog icon and header keeps resetting to tumblr's default no matter how many times I try to change it, and now I've been trying to reblog posts for two days and nothing I reblog shows up on my blog despite the app telling me the post was successfully reblogged. My internet connection is fine, every other social media app works fine, this is just how Tumblr's mobile app is.",2,3,12.3.0.00,2018-12-19 12:20:16,,,12.3.0.00,com.tumblr
6c12a0b7-db2b-4fd3-8b6a-05e92b81e4af,A Google user,https://play-lh.googleusercontent.com/EGemoI2NTXmTsBVtJqk8jxF9rh8ApRWfsIMQSt2uE4OcpQqbFu7f7NbTK05lx80nuSijCz7sc3a277R67g,"I use tumblr to follow artists I couldn't find elsewhere. Unfortunately, due to the roll out of a defective and automatic ""this looks like skin"" ban, many of the site's original creative minds are migrating to other apps, and I just might be forced to do the same. This used to be my favorite app on my phone, but I rarely use it now.",2,3,12.3.0.01,2018-12-27 20:02:39,,,12.3.0.01,com.tumblr
a016bcc2-7e86-4973-8a70-14cd72815a41,Link Well,https://play-lh.googleusercontent.com/a-/ALV-UjVRo_5i2InCbMZ8_x3Egx2Dnl8cOSdNBsLmt8X-sXtT0ZgqXgjexw,"Downloaded the app maybe a month ago, if even that long. It worked fine for a while, though I didn't update it for a bit and it soon started freezing and crashing and even completely restarting my phone. I don't think a mobile app should even be ABLE to do that. So I updated it, thinking that would fix the issue but nope. Still just as many crashes, maybe even more now. The app is barely functional now, I can't even open it to talk about this. I have screenshots of the bugs happening too",2,59,36.3.0.110,2024-09-26 11:37:44,,,36.3.0.110,com.tumblr
ab8d4a26-bccd-4b88-b64d-deeb91a68ac4,Tim McCall,https://play-lh.googleusercontent.com/a/ACg8ocK1P6pEv9lFF-BFZODcCqz0kzKiC_oTH8s6aF4X9RJaklaObA=mo,"Tumblr is and has been my go to app for scrolling. There's been an ongoing issue with the main feed updating/or going back to the top on it's own, generally happens after checking out a blog, or notes etc. This is extremely inconvenient and I thought they would have fixed the issue by now, seeming how annoying it is. Please fix this 🙏. 5 stars again once it's fixed",2,2,18.4.0.00,2021-02-11 19:24:05,,,18.4.0.00,com.tumblr
b567cec7-a1be-4db6-9f01-03c29bb78138,Abby Nightingale,https://play-lh.googleusercontent.com/a/ACg8ocJuFiLx0iAgg2zHtS_L_ALiS1KgP9wQ_VKQhLPv53zhT4mpXiZN=mo,"Generally a good app (minus some bugs here and there), but this last update managed to terminate my account. Or something like that. All I know is, I hit download update on the app before setting my phone down and letting it run its course, and then in the morning I can no longer log into my account. I tried resetting my password, tried deleting the app and reinstalling, tried logging in on my browser, and then... ""Your account has been terminated."" No warning, no heads-up, no reason at all.",2,4,,2021-08-22 13:41:45,,,,com.tumblr
f4d1b6e9-3e30-4911-be1f-f15c4419900a,Lala,https://play-lh.googleusercontent.com/a-/ALV-UjVHFlF5JtaD3eWs_WNL1MW9sZNEplHSQ2yJWiLUuDdsA-eeC9A,"App mostly works, I would give it the rest of the stars if my for you page ever worked. It is always infinitely loading and it is really annoying.",2,0,38.7.0.109,2025-04-05 21:03:50,,,38.7.0.109,com.tumblr
7d283b93-1c5f-41ba-b40a-6a2f9c273c43,blue pancakes,https://play-lh.googleusercontent.com/a-/ALV-UjXBEuqK7bEy2mbYR-tJspYpt9E0_fJ9jrhkz-tO6lPYVqTKZSU,I've been using this app for years and i like the website tumblr a lot. The new ui is terrible However and i wasn't asked wether i wanted to update as i usually am. Extremely upset about this.,2,1,38.7.0.109,2025-04-05 02:33:53,,,38.7.0.109,com.tumblr
41481943-25c3-4594-9848-b9c585e1e91b,martwa ofelia,https://play-lh.googleusercontent.com/a-/ALV-UjUqhiXz8Js655E3Sqw7govStCksTeGCXij7okjipUH4sqyzmHU,"well... there are too many bots here and AIs. It doesn't encourage me to use the app. Also, I had NSFW/ p0rn ads from bots.",2,0,38.7.0.109,2025-04-02 15:05:06,,,38.7.0.109,com.tumblr
ed71f1d0-5b9b-44d5-8204-d300861f6828,Stelios Christodoulou,https://play-lh.googleusercontent.com/a-/ALV-UjVSssnyaBOjOi8GO9HEUlsab6bUcde0Qa3aILFwvbef8d_E2ow,"The audacity to advertise a subscription service while nothing else loads no matter how good my connection is, is absurd. Honestly having a ""premium"" version of a social media app is insane. A perfect example of greed making things worse for everyone as time continues.",2,1,38.7.0.109,2025-04-02 11:21:49,,,38.7.0.109,com.tumblr
d09b6b73-53c4-4882-a9e3-a146e829831a,Simply Anon,https://play-lh.googleusercontent.com/a/ACg8ocLO-ZcEwyeMyP8CvMiQoL-S9oDUB0Y5emosqwOe5pRxWgjh0A=mo,"It's hard to personalize what you want to see and filter out what you don't. If you navigate using tags, you'll see a ton of irrelevant content. Lots of fanfiction and digital art if that's your thing, but it's just not for me.",2,0,,2025-03-30 21:58:34,,,,com.tumblr
520cbf16-045b-45a3-b6b7-1a07b0c3b9bf,sabrina,https://play-lh.googleusercontent.com/a-/ALV-UjUboYO2EvjzpfKIgYbDyxIioFTA3nES_IOd-hNn6iz5WqiO5nFd,since tumblr add video tab to the app everything loads so much slower. or just straight up doesnt load. tumblr tv/live is bad nobody wants it. shoving communities down the dash too much,2,9,38.7.0.109,2025-03-29 15:12:48,,,38.7.0.109,com.tumblr
d834ec54-3b73-4f6a-8457-59272e490bbf,N. Azeen,https://play-lh.googleusercontent.com/a-/ALV-UjW4gwZ8mMvaFpbrEQf-hh5wBoQY7YpOgzzq-Fd-wzBpQF4yxNKB,"I deleted my account and made a new one probably like a few months ago? and I contact Tumblr help support and there's o feedback. anytime I try to comment on a post it will not let me. I don't mean posts that have the comments off, I mean every single post. every time I try to comment it says ""we could not comply with your request at this time"" this isn't for a few posts, this is every post. and I never got the chance to comment anything so there wouldn't be a restriction.",2,2,38.7.0.109,2025-03-29 10:59:32,"Hi there! Thanks for the suggestion! You can Like posts and make your Likes private: https://help.tumblr.com/privacy-options/#likes. However, it's not possible to sort them or create categories. For that, we recommend making a password-protected sideblog and organizing your posts with tags: https://help.tumblr.com/password-protected-blogs/",2024-06-05 18:16:26,38.7.0.109,com.tumblr
99712c18-2b12-45c7-b748-0a30f58d5590,Emily Pyles,https://play-lh.googleusercontent.com/a-/ALV-UjXJvW4lT5G9fDScRfLCLVEBs62xn5lxdeVIZky0CmeTvJzW-NGA,"I've been using Tumblr for almost twelve years, and it's changed so much in that timeframe that it isn't the same as it used to be at all. Every other update introduces new bugs and/or makes the dash uglier and harder to use. I'm not leaving until the lights turn off, but anyone thinking about joining should know that the place is kind of a mess.",3,0,38.7.0.109,2025-04-03 04:22:43,,,38.7.0.109,com.tumblr
75262c63-3d56-47d3-aaaf-ec2e3218e4d9,Irie Swire,https://play-lh.googleusercontent.com/a-/ALV-UjWUNODj4VObIRH646WBfbcavTY8Whd6vs02M0BCoSVWLvLpCKNysw,"Updated review: This app freezes and glitches A LOT. Always says that it's having trouble establishing a connection. Pictures in my feed never load or takes a few minutes to load. It crashes and randomly closes while scrolling through my feed. These are not sometime issues. These are every time issues. After 5 minutes of scrolling, all of these issues take place.",3,46,38.3.0.110,2025-02-27 21:58:25,"Hello, thanks for your review! We'd like to take a closer look and hopefully get this issue resolved for you. Could you submit a support request at tumblr.com/support? Thanks!",2023-01-28 07:23:48,38.3.0.110,com.tumblr
445ec924-0478-4de6-b44c-c9837ace3746,Beatriz Tiongco,https://play-lh.googleusercontent.com/a-/ALV-UjXINDaUISIu7dmS2fm2Sxaw6to3BTH8T5qID1SBFhfxv6JyDs0,"The app was great! However, the past few days, I am currently experiencing problems with it even though my internet connection is great. Just now, I tried logging out to solve the issue then logging in back again. But, I can't log back in to the app right now no matter how much troubleshooting was made.",3,16,37.9.0.112,2025-01-27 22:46:58,,,37.9.0.112,com.tumblr
ab3b7bee-2e07-406d-a0a2-1b332f6901d4,Summer Howe,https://play-lh.googleusercontent.com/a/ACg8ocKZefpKNCCwgExnGJhJc74uw423q4W3ELAVQbwYFLQ4_aaL5Q=mo,"a lot of the users are there for innapropriate content, I'm more concerned about the underaged celebrities being wrote about innapropriately on here. the app is glitchy, which causes lots of issues. Tumblr is overall a good social app to use, but can be replaced by others. I do not want to leave tumblr, but I may be forced to if these issues are not fixed. troubles: the app closing when I open it, the app tab duplicating in browser, etc. this is an issue that needs to be addressed.",3,0,37.7.0.115,2025-01-09 06:23:22,,,37.7.0.115,com.tumblr
edddf9b8-7015-4f9b-b4dc-dd8c65b518d2,Bora Rora,https://play-lh.googleusercontent.com/a-/ALV-UjXDS9SIreM_dbXGx9Sr7nnF45GhFJUU0_EiDyKT_72yZ0ay4cke,"love the app, but 1) notifs lead to the most recent post instead of the blog, which is annoying since i often have multiple posts to catch up on, and leads to me having to navigate to the blog. it's an extra step that is unnecessary. 2) at least on mobile, searching a tag under ""all time"" is pointless since it never shows you the top posts in the history of the tag (like reddit), but the past week/month's. if you can't make that aspect of search work as intended, then don't offer it!",3,85,37.0.0.108,2024-11-09 14:31:59,,,37.0.0.108,com.tumblr
4703d8da-6407-423a-a310-f526253b2ec2,albatross willow,https://play-lh.googleusercontent.com/a-/ALV-UjV4dKCD-Cc_2N3_7u4Lr1uHkoynxYB81u_HpUeaJ1NovZFwUX7e,"i kinda like tumblr, but its not always accessible for screen readers and if there are accessibility settings they are impossible to find. It's also a great place for a ""punk"" such as myself but keeps me humble too if I want that. just so you know I am hard of vision and hard of hearing. it's really great that most people on social media seem to care about making their stuff (by stuff I mean their content and messaging and opinions) accessible. also I'm there when I'm scared or sad or curious.",3,28,36.9.0.110,2024-11-04 00:49:26,,,36.9.0.110,com.tumblr
1f402564-ba6e-49a2-96e3-110cd5b5a629,Sam Burich,https://play-lh.googleusercontent.com/a-/ALV-UjVNIkHZf8v34WsgRSNUYyyOgtopz1b0luCHUyrQjQTjrtE-v9Pv,"Every so often, the Tumblr app will update to a version that just ignores my privacy preferences, most visibly my setting to disable ""Better Recommendations"". It is now recommending search terms that are similar to my browsing but I do not want recommended. The ""privacy dashboard"" is broken and will only show a blank screen. Will revise rating once the privacy settings are restored",3,16,36.8.0.110,2024-10-25 02:25:43,,,36.8.0.110,com.tumblr
d6590139-d8d4-40da-a441-3f362d59f3eb,Sage Jennings,https://play-lh.googleusercontent.com/a-/ALV-UjVwNYfcJkzt0aIIWlg4UnG7H-TdfEEPyBiedQgfRsf_vQqnX_7t,"It WAS great but they're changing all the best features. They've added whatever live is, took the ability to view previous tags, make you sign in to do the most basic stuff, and it's encroaching on anonymity. The primary reason so many users, including myself, love the online community. I thrive on Tumblr because it is a social media. Please do not turn it into another content farm. It isn't even comparable to the others so long as you keep it differentiated like it has been. Edit:ty for fixing",3,44,37.7.0.115,2025-01-10 20:25:24,,,37.7.0.115,com.tumblr
d9b3ef28-50c9-417b-8aa3-c7008542f5b4,Rex,https://play-lh.googleusercontent.com/a-/ALV-UjVXpPQfetHhk2L-BeuiKHePgdRe3uYQXTRo1Z-doqqrmOhEMbU,"Tumblr is a really good app and I was excited to finally use it. Well, third time opening it and the very first thing I see is a full uncensored d*ck pic. Very uncomfortable (I'm 13). I think I'll just stick to Pinterest. I think Tumblr should add a feature that means you have to physically click ""show"" on every nsfw image. Besides that it's a good app",3,0,,2025-02-28 19:50:39,,,,com.tumblr
edd23623-b142-4b6c-bc47-b91400c17e12,Aerin Hyacinth,https://play-lh.googleusercontent.com/a-/ALV-UjVs8eRDlJViC9L7G3SgCFSt2PlbSwqmF4GeHc_4eW-sGa2wvr5mhw,"Been using this app for over 10 years now, if memory serves, but it's been awhile since it's felt.. functional. Post errors, CONSTANT loading errors, messaging errors, ads that take up the screen and crash, sections that will up and refuse to work entirely (ex; following/for you feed), replies, queue, etc... lately I've had trouble getting anything just to load. I have the app across several of my devices and have had varying degrees of issues; it's not my device nor connection at fault.",3,4,31.4.0.110,2024-03-26 02:43:44,,,31.4.0.110,com.tumblr
6f496be0-6809-4b21-9086-95fc9cb6bbf2,A Google user,https://play-lh.googleusercontent.com/EGemoI2NTXmTsBVtJqk8jxF9rh8ApRWfsIMQSt2uE4OcpQqbFu7f7NbTK05lx80nuSijCz7sc3a277R67g,"A year ago, I left a 5-star rating, but oh, what a cool I was. There are so many issues with this app. First, editing on the mobile app is a nightmare. Make it easier to link things! Especially in the description of accounts. Second, the search engine needs so much more improvement. It's nearly impossible to find anything. Third, please please please add a bookmark option to save posts. And make it easier to see all the posts you've like. Instead of listing everything, just spread it all out.",3,0,15.2.0.00,2020-02-08 13:38:34,,,15.2.0.00,com.tumblr
c5975e22-e3b4-438f-b439-452f6da61105,Meridith Demello,https://play-lh.googleusercontent.com/a-/ALV-UjWBx7qS90lI5N5OaansYPdnrEaUtOhLc2i_nr9C6sPFny2d8LbIiA,"Redownloaded this app recently and got to complete redo my page and make it look aesthetically pleasing, which I'm happy about. However, the app seems slow. Was trying to find new people to follow and saw a fyp section. Theres some users who post a million gifs and it slows my phone down to where I can barely even scroll. I reblogged a couple of things(that weren't gifs) went to the posts section of my page and it's horribly slow. Scrolling everywhere else seems to be fine.",3,1,21.2.0.00,2022-12-01 14:30:59,,,21.2.0.00,com.tumblr
a668f8e6-e981-4502-abb9-de1dde0b7c3c,A Google user,https://play-lh.googleusercontent.com/EGemoI2NTXmTsBVtJqk8jxF9rh8ApRWfsIMQSt2uE4OcpQqbFu7f7NbTK05lx80nuSijCz7sc3a277R67g,"I'd like to be able to see updates (icon changes, added tag filters, etc.) without having to log out and log back into the app. I would appreciate it if my app settings were saved when I do have to log out. Lately, I've had issues with the post button disappearing and I have to restart the app in order to get it back again.",3,0,15.0.0.00,2020-01-10 21:29:03,,,15.0.0.00,com.tumblr
19af2942-0574-4497-b024-4c188bde609b,A Google user,https://play-lh.googleusercontent.com/EGemoI2NTXmTsBVtJqk8jxF9rh8ApRWfsIMQSt2uE4OcpQqbFu7f7NbTK05lx80nuSijCz7sc3a277R67g,"Lmao @ all the paid reviews saying it works seamlessly. I love the website, but this app is so broken and glitch.... Video player is unreliable and photos often fail to load even with a strong internet connection. Though the app does have some features that make it easier to use than the desktop site, and scrolling is pretty seamless and usually chronological.",3,6,12.1.0.01,2018-11-27 05:03:52,,,12.1.0.01,com.tumblr
2c2d471d-73cd-4223-a97a-92c0fe73ffcc,shane childers,https://play-lh.googleusercontent.com/a/ACg8ocLDDgkbjL8OqqppOB0etNhvhT1tFuLqUhcmMWKaWNP9trQP2A=mo,"The app is very fun to use, there is all kinds of interacting things to do on here. You can put videos, pics, view things from around the world! It used to be great because it was a freedom from censorship app. But now it has some censorship, so if you like a freedom of speech, culture, art, and anything else it has some restrictions. But still a good app because there is some great content for all kinds of way of life.",3,0,22.7.0.01,2021-12-16 03:54:02,,,22.7.0.01,com.tumblr
f3fc7f7f-9f63-4078-904c-351075f7507c,mora duvall,https://play-lh.googleusercontent.com/a-/ALV-UjVnwimelzDhAlc1bWeOzvVuyTp4V2N5OzJbLy9eRTKFpmKyKPozfg,yuh,3,0,38.7.0.109,2025-04-06 00:03:36,,,38.7.0.109,com.tumblr
99712c18-2b12-45c7-b748-0a30f58d5590,Emily Pyles,https://play-lh.googleusercontent.com/a-/ALV-UjXJvW4lT5G9fDScRfLCLVEBs62xn5lxdeVIZky0CmeTvJzW-NGA,"I've been using Tumblr for almost twelve years, and it's changed so much in that timeframe that it isn't the same as it used to be at all. Every other update introduces new bugs and/or makes the dash uglier and harder to use. I'm not leaving until the lights turn off, but anyone thinking about joining should know that the place is kind of a mess.",3,0,38.7.0.109,2025-04-03 04:22:43,,,38.7.0.109,com.tumblr
56ab29a7-1e6d-4400-987f-862e83542394,Morgan Jenkins,https://play-lh.googleusercontent.com/a-/ALV-UjWy6NFDsciXvdxE-vROYZxGSGNytvlPMLu1GLhPw3TPyyWpUV3vCw,"I am getting weird pop ups only while I am on this app. They're somewhere between scammy and phishy, and makes me think one of your add services may have some malware of some sort.",3,1,38.7.0.109,2025-03-30 01:20:25,,,38.7.0.109,com.tumblr
b9d4d8ab-5ca8-4d00-a92b-6df4e34a2fa4,Kevin Otter,https://play-lh.googleusercontent.com/a-/ALV-UjVGMxjzDy4u_-NSA7ffGz8josZ-M4SA9TZRpjHLpuG5XVpnbro,I am hoping to see more in the redemption arc of this app,3,0,38.6.0.109,2025-03-26 02:17:15,,,38.6.0.109,com.tumblr
146d0c05-bcdb-4543-b024-5d642adc5bb9,TisHok,https://play-lh.googleusercontent.com/a-/ALV-UjV8xfxIXf0G2fnkv_DcH25U2qUUBCldavzUwG8GIXvQ2NoNDZE,good,3,0,38.7.0.109,2025-03-25 13:58:48,,,38.7.0.109,com.tumblr
3964e257-f057-4434-87b1-7881879bdfb2,Fari fari,https://play-lh.googleusercontent.com/a/ACg8ocL4PCE50UUVOyk-f5ya5Sa-nUEt4ZBmrDCJ5ZYkkUcIOcav4Q=mo,needs little improvement,3,0,38.6.0.109,2025-03-25 01:24:13,,,38.6.0.109,com.tumblr
e1693c17-44c0-40d9-9daf-9d75c2f66c4d,Henry Cook,https://play-lh.googleusercontent.com/a-/ALV-UjVUchu3Q_2ggXj-Ob_WwUls5MDpOmz8mOj5fpzG5N0O7Ezd17-h,"I'm really happy about how big the furry communities and art communities on Tumblr are, but I'm really upset that they removed porn... oh well Reddit still has that",3,0,38.7.0.109,2025-03-24 05:43:14,,,38.7.0.109,com.tumblr
e1d46a9d-048c-4fa6-9711-f1bc0693098b,2000s baby,https://play-lh.googleusercontent.com/a-/ALV-UjX56vBzx5kYS86Q8ordbTN6Chkr-TgSTL9eb3txfQl9OVr7UR-J,"my experience with the app has been really good up until recently, for whatever reason now, it just lags and crashes every 2 to 5 minutes. which makes it almost unusable, i've cleared my data on the app and tried to see if that would make it run smoother but that didn't even work?? hope this can be fixed soon because it's genuinely frustrating to deal with.",4,272,36.7.1.100,2024-10-21 12:09:00,,,36.7.1.100,com.tumblr
2a05fcac-a35a-40f9-a9fa-4929b862d84a,Louis Belt,https://play-lh.googleusercontent.com/a-/ALV-UjUM0Cfsjl_cDrtFvTKrzxKcaAwZ8CZ0gpKuPdxEJxUsb9BArCxe-g,"Easy to use and navigate. Some settings are only adjustable on desktop which is disruptive to the user experience. I appreciate the streamlined format of the dashboard which can be customized. There aren't any cluttered side menus: just a few buttons on the bottom of the screen. this helps me a lot as I get easily overwhelmed by too many options (like Facebook). I like how easy it is to make a post, but I wish there was a more convenient way to quickly reblog, and switch between accounts.",4,1,38.7.0.109,2025-03-25 05:57:57,,,38.7.0.109,com.tumblr
6ce864e7-749e-47ed-9c58-5dde11219a98,Trellie s.s. Rose,https://play-lh.googleusercontent.com/a-/ALV-UjUyVw31saIZOtr6we2EVv_SxN5wCTHulYEBhUNHo4rw0gUC8-Q,"I love it, but sometimes, while your editing words in a section of your post, the app will format the entire paragraph to match. For example, say you want to italicize a single word; Tumblr will sometimes glitch and italicize the entire paragraph. Sometimes, it crashes or freezes, and it refreshes every time you switch between apps.",4,40,37.8.0.113,2025-01-14 20:27:20,,,37.8.0.113,com.tumblr
4a103fc9-0cb4-403a-b39c-ab635e9e56df,Samantha Baker,https://play-lh.googleusercontent.com/a-/ALV-UjWW1z4G-UkYnW7yhv-69kG29kJGNYz0pV6grRBN34u6d1hVFuvMMg,"I've been using this app for years now, it hasn't really given me problems up until recently. It went from working perfectly fine maybe a month ago to now glitching, freezing, and even crashing. It actually did this maybe a year ago too, but I assumed it was fixed because it stopped. But, the actual browser seems to work perfectly fine.",4,84,37.8.0.113,2025-01-19 13:33:40,,,37.8.0.113,com.tumblr
2d2c1541-7d5a-4cca-8781-e262d5c1f0ee,Graham Jefferson,https://play-lh.googleusercontent.com/a-/ALV-UjWaNt5OxREuSur0X7SrB9CESzHZFR_XQaqD02_BWTeu8Ig39285,"Would be 5 stars but some nuisances with ads persist. Sometimes your scroll slows/sticks a bit over an ad, or a haptic response occurs when scrolling over an ad. Not ideal but it isn't as bad as it used to be. No more ""accidental"" ad taps that opened ad links, or video ads that stick as you scroll. Review updated from 1 to 4 stars.",4,31,38.3.0.110,2025-02-25 11:37:51,,,38.3.0.110,com.tumblr
923cdaf3-7396-4800-94a9-053a331a16cd,Ray Martin,https://play-lh.googleusercontent.com/a-/ALV-UjUsQ6Ee1CCuD6xQ5uhouq-hZo72UUCp0_c2jb4Gf5xZEQSz1ECm,"Honestly the app has the best communities I've been able to find in a while, everyone is so funny and nice and it's such an easy app to use and get used to. I would give it five stars but everytime I go to listen to music while scrolling it turns my music off after the 5th scroll which is annoying. But everything else is perfect. 🔥",4,5,37.8.0.113,2025-01-14 05:43:42,,,37.8.0.113,com.tumblr
b9268b8b-9082-4e76-9e4a-8dc43366fccb,Ozvaldo,https://play-lh.googleusercontent.com/a-/ALV-UjUVpukoiGo1w4YQFBF23Zy6syE3l8SBnct5aKhuT99t0B3Zvn7X,"I love tumblr. And its mobile app is far from perfect but it was convinient for a long time. Except now there is some sort of bug going on, causing the app to eat massive gigabytes of data in the span of a few minutes. I'm used to bugs on tumblr but this one is making the app unusable unless I want to foot a massive phone bill every month.",4,68,36.8.0.110,2024-10-25 08:38:58,,,36.8.0.110,com.tumblr
c4aac105-ae16-4cca-a0bd-bd02b54c21b3,Magpie,https://play-lh.googleusercontent.com/a-/ALV-UjURWwr99ZZMiOD1UMgIUwzmVrQNajubZSDAXgB45EKMyY9a2XZq,Please stop trying to make this app and website more like tiktok and twitter. Do not collapse the reblog chains. Do not get rid of chronological dash and let us keep the chronological dash as our default. Bring back the ability to click on a reblog and immediately be able to see the previous tags/that reblog. I like tumblr a lot. But so many of the recent changes have made it worse. Edit: they did not implement any of the worst ideas they had for the app and it's stayed pretty good! 4 stars now,4,4,33.9.0.110,2024-10-13 21:01:01,,,33.9.0.110,com.tumblr
e5b97dac-cb83-4093-9d4f-eecb7857a384,Frais,https://play-lh.googleusercontent.com/a/ACg8ocKlQKkNud3xT-0cqXW7Ldbsv-3DnbAEel2uZ4BV2LTYpOg1Iw=mo,"Great app with a solid algorithm, and one of those rare cases where the ads don't interfere with your viewing experience— but this recent development spamming notifications needs to stop. I don't need to know every time a user I follow interacts with someone else. The filtering system could also use some work— posts with marked hashtags should be excluded entirely from search, not just have a warning attached to it.",4,109,36.5.0.110,2024-11-19 06:20:16,,,36.5.0.110,com.tumblr
5411d168-b985-4c45-93f2-b4b64f818c7b,zeroendless2,https://play-lh.googleusercontent.com/a-/ALV-UjWmhqTJxgoHeffcF7uC6cN6OH1MlIOs9CWWsVOINmGxNZIBNQ5m,"I love Tumblr. Ive loved it for a really, really long time. Way before the app. It's always been my happy place and a lovely escape. There's only one problem I seem to have. The app constantly crashes. CONSTANTLY! It crashes pretty much every single time I use it now. Usually it crashes within an hour of using it. It's really annoying and frustrating. I wonder if anyone else has this issue... Besides that, I still love Tumblr and will continue to love and use it for as long as I can!",4,235,26.6.0.00,2022-10-08 19:33:14,,,26.6.0.00,com.tumblr
611e0afd-4424-499e-b9cc-40eb32499dbe,A. Madden Ott,https://play-lh.googleusercontent.com/a-/ALV-UjWKLWRjujGLH85bju5XhNnau9KQTHm8Jy35YPHUu-fUaF97P3aJzg,"Tumblr is like finding a beautiful apartment, much nicer than any of the others around (which all have a million issues), but it has ants (porn bots). It's far superior to other social media apps; it doesn't have targeted ads or algorithms that decide what you see (it's all chronological), it's an extremely customizable user experience, and it gives you the ability to be as anonymous (or not) as you like. It's also got like 20 porn bots following you every day and Nazis staff refuse to address.",4,2,,2021-08-08 23:07:01,,,,com.tumblr
a4c82f25-9d82-449e-b231-32e46f1a6a46,A Google user,https://play-lh.googleusercontent.com/EGemoI2NTXmTsBVtJqk8jxF9rh8ApRWfsIMQSt2uE4OcpQqbFu7f7NbTK05lx80nuSijCz7sc3a277R67g,"This app used to be awesome. But for a couple of months now, a tag I visit daily (that always has new content, daily) will only show me a few new posts. After a little bit of scrolling, a post from two months ago shows up every time. It's the same exact post, & everything that comes after from then on is also old content. I've been having to open Tumblr in my web browser instead of the app to get around the problem, but it isn't as user friendly. Please fix this issue. I used to really enjoy this app.",4,2,13.2.0.00,2019-04-27 14:07:20,,,13.2.0.00,com.tumblr
52dee02a-163e-48e3-b003-2c654ef36bea,A Google user,https://play-lh.googleusercontent.com/EGemoI2NTXmTsBVtJqk8jxF9rh8ApRWfsIMQSt2uE4OcpQqbFu7f7NbTK05lx80nuSijCz7sc3a277R67g,"I'm rewriting my review because some things have changed since I wrote it last. Tumblr itself is amazing, but some of the changes made haven't been the best. As for the app itself, it's alright. It works, and I haven't had it crash on me lately, but sometimes I can't see my notifs right away, and I don't like constantly being followed by bots. I also wish you could see people's themes, since some people work really hard on them, only for the app to make them show up super simple and kinda boring.",4,1,14.3.0.01,2019-09-25 19:24:25,,,14.3.0.01,com.tumblr
9f4b4904-2d00-4d6e-8575-c765bce8e83f,Erika P,https://play-lh.googleusercontent.com/a-/ALV-UjUE9QI6jcetnmSOqrb-lcVcgPF3afFZTdodp-VrhIHHEybtZtw1,"Tumblr is one of my favorite social media websites, because the algorithm is based on timeline rather than a freaky algorithm like Instagram's. It's super easy to use - though there are a few bugs, the team is always working to make the site better and more user-friendly. One thing I would like to bring up is that on the Android mobile app, you can only alter text paragraph by paragraph, which can be annoying if you want to make the same adjustment to an entire post. Hopefully, this will change!",4,220,25.9.0.00,2022-08-31 23:55:08,,,25.9.0.00,com.tumblr
5a5d123a-ec79-4e0a-9692-0eb54ca16698,firdous alsalihi,https://play-lh.googleusercontent.com/a-/ALV-UjVaBQbqTIQ3P9aQVG_f_NaTMHayBsWVTWzN_x7II6GZ-dQ0bLKN,"I must say I love this app alot (even though I use the website), as it quickly adjusts itself to what you like after you search, heart/like, and reply to a few things. But something that should be a option is seeing what you ask and being able to edit and delete it, incase you've used the wrong words, said the wrong thing, made several grammar mistakes, etc. If this ever gets added as a update, I'll change my review after trying it (if it comes out).",4,7,,2023-01-25 16:32:56,,,,com.tumblr
540011fc-ae88-49ae-b8ac-5dd8bcedb990,Милен Момчев,https://play-lh.googleusercontent.com/a/ACg8ocKp37LBCJOcGIQH24YJuQrfXjHqNxQT6qMiQRJVW_wlpIAcKg=mo,"Dear Tumblr, I know the content I'm trying to view is explicit. That's why I'm willing to view it. Thank you for your understanding.",4,0,38.7.0.109,2025-04-05 13:03:20,,,38.7.0.109,com.tumblr
40113311-e14f-4a16-90d3-53715a379e28,Marc Barton,https://play-lh.googleusercontent.com/a-/ALV-UjWapLIPMwuqxm_ftKHWNOOJV0UUIDDv36M2b2atwxVHGHvYbxB4,destroys my battery life and sucks up mobile data but it's a great web site,4,0,,2025-04-05 05:21:56,,,,com.tumblr
d4bb0bd6-46b6-4899-9783-90326e9f661b,Roos Van Gorkom,https://play-lh.googleusercontent.com/a-/ALV-UjUXuPPdmOCAzhKfkTUgvWBrEUlWeuE7WuzHg8PvFCvi3zd7ChqQ,"there are SOME weirdos on this app, for the rest it's neat. I love seeing people's art on there",4,0,38.7.0.109,2025-04-05 00:15:51,,,38.7.0.109,com.tumblr
d675cef3-7986-4097-bdc5-b8a6203df27f,purple lemonade,https://play-lh.googleusercontent.com/a-/ALV-UjW9F1wfJho4btgUlO84QFz19pP9oGQ0ZTFLJzQgeQT0SmgSkXWU,better place online,4,0,38.7.0.109,2025-04-04 20:55:33,,,38.7.0.109,com.tumblr
ebabeea0-2f6a-4a1e-a6ed-950f91d248f2,Tokiko 220,https://play-lh.googleusercontent.com/a-/ALV-UjWZFwBauShVkM0D7Y3I5akHjNt3NXsuWFIwsqXh-FpRw7cu8xBt,please.. no more buttons.... 4 buttons should be more than enough come on... also idk what tumblr tv is but I'm not gonna find out,4,0,38.7.0.109,2025-04-04 17:16:24,,,38.7.0.109,com.tumblr
45c34374-9082-46c1-9442-70ee7afacc99,Take Hana,https://play-lh.googleusercontent.com/a-/ALV-UjW1odPs6pMrtqOgkll0H7j34wwBRCGGlMXEM2rFlaFLwXp3zTA,I am somewhat fine with it.,4,0,,2025-04-04 12:28:24,,,,com.tumblr
bbd4a5eb-9061-496e-a7de-179f7bad390f,Andi Lyons,https://play-lh.googleusercontent.com/a/ACg8ocJJEoJDPxC86o5lTiyrGnuGINtiOVrXYnRdQdkSvxd8HoF5HA=mo,this is the only place where I only see stuff I actually want to see,4,5,38.7.0.109,2025-04-04 10:52:46,,,38.7.0.109,com.tumblr
72bddf93-0210-4394-bb1f-4ca8914612f3,Quinten (Hintaris),https://play-lh.googleusercontent.com/a-/ALV-UjX7HO5Ue4h9P0SkSVPx7iUsdzu4pCSGnv2OJ5HfkNJf5X-tsZo,it's one of the best places on the internet still. it is just silly pictures and lots of people that you can encounter and share experiences with. one of the best places to still post your crazy movie and tv theories. I wanted to edit this to also add the new communities feature is great. it's a nice way to talk about all types of media in a group but still feel heard,5,2,38.7.0.109,2025-04-05 08:25:59,,,38.7.0.109,com.tumblr
148918f7-51fb-4e02-acf5-dea78bd3be42,Kyrsten Welty,https://play-lh.googleusercontent.com/a-/ALV-UjVGLTswnUWhCNcH43JMc0u4TrQMd5J8mxTmCJWpCOoVECyZ484,"I have been really enjoying Tumblr since I joined about 2 years ago, it is a really enjoyable way to get into communities around all the things you love. I love how much you can communicate on your posts, not alot of limits, you can write a whole essay or just post a pic. The app has also performed well for me, nice and smooth interface, very reactive and easy to navigate. I think it could still be improved to more easily find details like number of followers but great start so far.",5,194,37.9.0.112,2025-01-28 07:36:29,,,37.9.0.112,com.tumblr
ae34f6bb-52b6-47cf-87b7-a49dc23bf68d,Dragon Rose,https://play-lh.googleusercontent.com/a-/ALV-UjVqdl-D1zQ8RSYllCpToRY8gZTWTh0o5bOK-u3YPK7W_5-ZBH8,"i love the app! its really easy to work, and all the different content i see is great!! 💕💕💕 i get to see smaller artists and writers along with bigger ones, and its all widespread throughout my interests. the only downside is that it can kinda get consistent, so you gotta manually look up stuff you wanna see on your feed more often than not, but thats MOST apps so idk if thats much of an issue :3",5,58,37.9.0.112,2025-01-23 07:12:57,,,37.9.0.112,com.tumblr
22310bda-a23e-45d0-b186-bbecc2af05a1,Mr. Twister,https://play-lh.googleusercontent.com/a-/ALV-UjWAMOUKgX6IKR0ytvfpewjLoRXxLeBINp7lj1ethrweOfF4IvTa,"I've been a user of this app, and the website for years, probably since its creation. I have rubbed elbows with giants, seen the rise and fall of empires, and made memories only tumblr can facilitate. I have many things to say of it, but none that the human language as a whole can come close to manage. It's a good app despite that, though.",5,0,,2025-02-17 22:37:55,,,,com.tumblr
0b4e61b0-20ec-4266-b157-160b260649db,Elektra Hayes McMaster,https://play-lh.googleusercontent.com/a-/ALV-UjVhGnHoXhLW3LBlUNvWFnqpO8X1A5Cpoty1fNehbKZBuUvVgT4,"I don't really have any complaints. I love Tumblr, but there does seem to be this bug that occurs every now and then where I'm scrolling and my feed starts glitching out and then it crashes. The problem generally resolves itself after a few days or so, but whenever I take any of the recommended steps to fix the problem on my own it never works.",5,30,,2025-01-15 04:45:04,,,,com.tumblr
43a12d47-c9f9-472a-a855-82297a2883a7,Midnight Goddess of all,https://play-lh.googleusercontent.com/a-/ALV-UjXlb1pzFo5iC8T_g8gaVAiBRZ76n05FHceJE8rnspcGxwk-vG17,"I love the app and some things about it, but I'm having a bit of trouble. Out of nowhere, the app suddenly stopped me from double tapping to like a post, but the disable button is not even on, and when I uninstalled the app twice, it's still not working. So I'm wondering if y'all can see if you're able to fix this problem. Thank you. (Edit-it's fixed now. I don't know how, but I'm happy now)",5,407,32.8.0.115,2024-01-17 18:10:10,,,32.8.0.115,com.tumblr
3e54e86f-023b-4ea9-a95e-5d4d5686eb48,A Google user,https://play-lh.googleusercontent.com/EGemoI2NTXmTsBVtJqk8jxF9rh8ApRWfsIMQSt2uE4OcpQqbFu7f7NbTK05lx80nuSijCz7sc3a277R67g,"Tumblr Rocks!! It's my escape from the stresses of life. It allows me to enter into a different world that I have created or collected things that interest me on so many different levels. It allows a person to learn new things, visit others collections around the world, create the impossible, form ideas from others, share fascinating and important information with others, save graphics, pictures, videos, stories and ideas from around the globe all while meeting others from around the world in my very own tiny little space. A must download for young and old of all walks of life. No problems or glitches either.... its run smoothly since the day I downloaded it.",5,20,12.0.0.00,2018-11-03 10:53:08,,,12.0.0.00,com.tumblr
e275b075-a7c6-409c-8841-dd9d2a38e3f0,annie oakley,https://play-lh.googleusercontent.com/a-/ALV-UjUYJ3syOPlYmaQV2KJJ5g3maWR6-auNOhuDkYK3AcKvA5hlqxP4ZQ,"This is fast becoming my favorite app. Nowhere else have I found such a vast array of artwork, and cultural content . It took a bit to figure out all the different functions, and ways to add things to my posts to credit sources etc. However, thats par for me. I'm in no way computer savvy. I'm sure someone familiar with this type of thing would have no problem.",5,2,23.5.0.00,2022-03-03 23:04:43,,,23.5.0.00,com.tumblr
55c99a43-72b3-4d3b-a910-f00c5893b4b1,Lee Wilder,https://play-lh.googleusercontent.com/a/ACg8ocIZG5n7SiqcavyVWMKPYWUFuwWuAYVtD-EfyN0gpqGBHz46cQ=mo,"""Culture, Art, Chaos"" about sums it up. I haven't used the desktop site in a few years, as at this point the mobile experience is far more this-specific-user-friendly. I've been on the legendary blue hellsite for over a decade now and the only real issue I've got with the app is its tendency to refuse to load images on a weak or unsteady connection. Really wish I'd stop seeing ads from a shady subscription-box-style medical care company I've blocked, though.",5,3,,2021-08-25 19:33:09,,,,com.tumblr
7aff4349-a25b-4387-b1db-d24eb16126b2,Brian Brathwaite,https://play-lh.googleusercontent.com/a-/ALV-UjUDihYr5tGU1nTzxFCtvnYdKQcC_wr2--7QnTJQpXsRVdZFYJhf,"It's a good app for finding fun things to share with others. Allows text, pictures, GIFs, and videos. Easy to find similar content as well. One thing I really like is the ease with which the app lets you like, share, and, most importantly, repost in app. Doesn't really do the thumbnail version on the posts, so finding past posts can be time consuming. (Misses the adult content.)",5,6,25.4.0.00,2022-07-15 03:02:20,,,25.4.0.00,com.tumblr
0600e620-4016-4575-957e-6006e04c345b,Justin Cox,https://play-lh.googleusercontent.com/a-/ALV-UjUOH6SQZvlaVLSZ83-aFK3r1TYBSHSe3Lm-P01twfjJIfn8i7e9,"Look, the tumblr app used to suck. But it doesn't anymore. I can't tell you exactly when it changed, but all of a sudden things load reliably. You have good options for customization and accessibility. The shortcut functions make sense. I'm not talking about the contents of the social media site Tumblr, that's an entire other discussion. But the app is actually pretty good, even though I never thought I'd say that.",5,425,24.2.0.00,2022-05-02 01:56:47,,,24.2.0.00,com.tumblr
892fcfed-7923-4ae5-860b-74b682b999d8,Kayla Alvarado,https://play-lh.googleusercontent.com/a/ACg8ocL5zaX8PmPijoZVht2rmt3VOtugY9PUbxkfWn8wr43-5gZ5DQ=mo,"the app has seriously improved over the years! I really like the recommended posts since it keeps my dash fresh Of course, tagging/search could be improved some more but it's gotten so much better over the years! old review: Really good now that we can add images to text posts. Wish that the home button would bring you back to the top, and that tags wouldnt disappear without warning whenever they got too long (a length warning would be nice). Also wish we could zoom into gifs again",5,24,22.8.0.01,2021-12-27 06:26:07,,,22.8.0.01,com.tumblr
fe92715d-f2cb-4ed5-8034-c0fb53d682d7,A Google user,https://play-lh.googleusercontent.com/EGemoI2NTXmTsBVtJqk8jxF9rh8ApRWfsIMQSt2uE4OcpQqbFu7f7NbTK05lx80nuSijCz7sc3a277R67g,"It's the website that brings all the Internet together in weird, weird harmony. But now on your phone! If there is something you are interested in, but never found a good place to express it, tumblr is the place. The app work great, but I used to enjoy reading the new updates, because they were funny, I miss that...",5,25,13.6.0.01,2019-06-27 18:59:46,,,13.6.0.01,com.tumblr
41400747-35e8-4a83-af69-9a1a1215c278,A Google user,https://play-lh.googleusercontent.com/EGemoI2NTXmTsBVtJqk8jxF9rh8ApRWfsIMQSt2uE4OcpQqbFu7f7NbTK05lx80nuSijCz7sc3a277R67g,"I really really like this app and I've used it for a long time!! But for some reason after the latest update, it keeps crashing every few minutes. Specifically when I go to any of the search tags. Please fix!!! Edit: bug has been fixed! thank you so much!",5,2,13.3.0.00,2019-05-23 01:09:09,,,13.3.0.00,com.tumblr
588f9b3f-ab57-45e1-b414-a64bfd0ae3f0,A Google user,https://play-lh.googleusercontent.com/EGemoI2NTXmTsBVtJqk8jxF9rh8ApRWfsIMQSt2uE4OcpQqbFu7f7NbTK05lx80nuSijCz7sc3a277R67g,"The people connections are part of what makes Tumblr so socially relevant. The information choices SHOULD be more personally selective instead of waiting and hoping that material will eventually show up for use in one of your blogs. To SHOULD be much more tailored to individual needs at the, moment. With so much information now available to Tumblr Fan's, we need to be able to choose what we want to see when we want to see it. Like choosing your own elective classes! Thank You DAXXX.",5,121,11.9.0.00,2018-10-22 09:20:03,,,11.9.0.00,com.tumblr
6053f11c-339a-46ad-b54f-83a809b98d5e,No one,https://play-lh.googleusercontent.com/a-/ALV-UjVSTpojuoisngTj6Fp6WGQPIYkW-V0WU3OdvrX13jlWrJCct_4N,peak mood maxing,5,0,38.7.0.109,2025-04-06 15:12:38,,,38.7.0.109,com.tumblr
7178d1fc-e4a4-4162-993e-cee599bc6f8e,Andrew Conover,https://play-lh.googleusercontent.com/a/ACg8ocKq26mz5GbsZuNG4d3ZvQsq2iab2FCxMNnGJwa8sMRLyEmDYw=mo,Destroyed my social life. 10/10,5,0,38.7.0.109,2025-04-06 13:36:22,,,38.7.0.109,com.tumblr
729e0430-bff7-41e1-9f1a-e01e7b2bd43f,LAITH AL-LAITH,https://play-lh.googleusercontent.com/a/ACg8ocKM0xhxmTuom3SBy87cLp-jzpHLAzNnlKphu_WXHrvXPycCOA=mo,my art bread and butter,5,0,38.7.0.109,2025-04-06 12:28:52,,,38.7.0.109,com.tumblr
23f52986-faa6-4b72-83cd-af1017b9d254,julia van drisse,https://play-lh.googleusercontent.com/a-/ALV-UjW7B1wWVWCT1Z5vXuXr3EZcM8yB77R5fzVl28GY95_YsvsOtD4maQ,"love this app ngl i wanted it for so long, heard from SpaceHey then got it and love it <33",5,0,38.7.0.109,2025-04-06 11:28:14,,,38.7.0.109,com.tumblr
23dc9448-81da-48b3-a5b5-259913d5d130,william Keyser,https://play-lh.googleusercontent.com/a/ACg8ocLakIduxivbmcx_qnSlcxunyZdOMYdqeXUbtwf00_pS5WxmfQ=mo,Exellent app this,5,0,,2025-04-06 11:26:14,,,,com.tumblr
e2f4e1f1-4d90-4e6d-96c6-c4afcb2391a2,cdr,https://play-lh.googleusercontent.com/a-/ALV-UjXtI1gGZRRycac_GhOx09FgmDWrpLcFaaxdjHdxDAxOTAQ5dVIa,me likey,5,0,38.7.0.109,2025-04-06 11:20:25,,,38.7.0.109,com.tumblr
3edf46af-ac4d-4e79-a610-d5741d776ab0,ryan matilda,https://play-lh.googleusercontent.com/a/ACg8ocI3Hh4cd5uGQHgZ7RDFf_7D5NGpI72Pnc3pwRpd-RE9_brOqw=mo,perfect,5,0,38.7.0.109,2025-04-06 07:53:53,,,38.7.0.109,com.tumblr
ddd721cb-1669-4600-b173-386851d1725a,Willem van Heerden,https://play-lh.googleusercontent.com/a-/ALV-UjV5ILLoZIJ-wz8E2aEcus1Z24FgZ2-tIFVBxxks7MFnz-325g7f,"A couple of annoying bugs have crept in recently, and it's impossible to report these problems. This is unacceptable for such a widely used app. On the Pixel Watch 3 one can choose to not receive notifications while the phone is open. This works in every app except WhatsApp, meaning that the watch vibrates with every message received, even as I'm replying to them. Annoying and a massive battery drain. Why is it so hard to report bugs?",1,111,2.25.7.71,2025-03-13 00:48:19,,,2.25.7.71,com.whatsapp
8f51e24f-47be-4144-947b-9b63e4c0ffaf,Mike Moritz,https://play-lh.googleusercontent.com/a-/ALV-UjWKw7xq3P3uaVtPcO--yFhhzpp4GsJafbab6UI3I7Mux9V6uJ8,"Updates always break functionality while adding ""features"" nobody asked for. Updated Feb2025. WA now opens a menu of file types when attaching something. Before you could just pick what you wanted. It doesn't display all my albums when sending pics. Long pressing the ""gallery"" file type opens my photo gallery but it's buggy and slower and doesn't display mp4 or all of my gifs like it did before. I now have to share my files from my gallery app to WA as a work-around. I dread their updates.",1,21565,2.25.2.85,2025-02-19 23:05:38,,,2.25.2.85,com.whatsapp
8216cbd7-4c73-4201-a1e2-c3c793f82c05,Oscar Q,https://play-lh.googleusercontent.com/a-/ALV-UjUacGSTEj7OgLfqwFq9CHQHmhOsRzXqL49Gnn7EyKWvNwPuSS_Pbg,"I was really hoping for a smooth messaging experience, but WhatsApp has been a letdown. The app frequently crashes and the notifications are inconsistent, which makes it frustrating to keep up with conversations. Plus, the user interface can feel cluttered at times. I also have concerns about privacy and data security. Overall, I expected more from such a popular app. Time to look for alternatives",1,56390,2.24.25.77,2025-01-18 15:17:05,,,2.24.25.77,com.whatsapp
186f0973-f7b9-40ba-829a-bcdca5d658bc,astroturtle,https://play-lh.googleusercontent.com/a-/ALV-UjV5JA_-tSuKHkfzLwujBPKxlURywpIzGHcNMQxsiH8mHuJPJQ,"FIX THE BUG THAT FORGETS YOUR LOGIN AND FORCES YOU TO RESTORE EVERYTHING. On every device, ""You have been logged out"" without ANY reason. And how is it possible to have WhatsApp set to ""daily"" backups, and then the most recent backup is from over a month ago? A month of messages, images, docs, videos, just gone because your app can't even do a BASIC BACKUP properly. Garbage app. The only reason I keep using this thing is because other people.",1,2495,2.24.25.77,2024-12-22 01:55:22,,,2.24.25.77,com.whatsapp
12304a02-7b2e-446f-9d69-a1de62b142e8,Karl Madison,https://play-lh.googleusercontent.com/a-/ALV-UjUgaKJR-99IMr9qEoAMwWyy6osAAt06zPPOZlDxFpquKcZhHuIR,"forced updates. after being forced to update, haven't been getting notifications the past month or two. doesn't allow editing messages after a few minutes. doesn't allow deleting messages after a short time. I don't want to use timed messages, I want to individually delete any messages from both receiver and sender at will. can't edit or delete history. telegram is better in every way.",1,122,2.25.2.85,2025-03-24 22:06:33,,,2.25.2.85,com.whatsapp
8767dde9-4533-4c0d-9fd7-00cd3ff503ca,Ron Beach,https://play-lh.googleusercontent.com/a/ACg8ocKa1qgWod9j5Qoc3nUCej6FTxlTAUEzN0Lr7EJE3KTvh4K3=mo,"Installed the app and just set up an account but did not use it at all. 3 hours later the account was blocked and when I attempt to send a review request it just says ""something went wrong ease try again."" Tried to reinstall but nothing changes. Triex to contact customer service but I just get a bot that goes in circles. Not a good experience. Still have not been able to send or receive anything.",1,271,2.25.5.74,2025-03-11 06:15:56,,,2.25.5.74,com.whatsapp
30998fd0-b4a0-4d30-9bf9-618aa5c84ccc,Anu A,https://play-lh.googleusercontent.com/a/ACg8ocLcQinZFq8Mp0EatWi3mart04lkVlOo646hWVqoc0k9II-pYwE=mo,"Voice Message stops on its own after few seconds. I pressed the Voice message button and I was going on and on, only to find out the recording had stopped on it's own after few seconds, thought it was my fault and started over again, and again, and again!!! this problem has been going on for weeks now.",1,48,2.25.8.84,2025-03-28 11:02:53,,,2.25.8.84,com.whatsapp
4ba9eb10-19eb-40cc-add1-284e1417476b,Sean,https://play-lh.googleusercontent.com/a/ACg8ocKf5IB8zj1_lzkp73TN07wNJVch91MhAZGeC1nFB1rvF5JduA=mo,"Jesus christ, app developers: stop changing things people use every day for no good reason. Don't move the button to attach photos from the gallery to the opposite side of the screen, so now I reflexively keep hitting ""attach location"" or whatever. Don't make it so the slider sometimes refuses to appear and I can't quickly scroll back through photos from a long time ago. It worked fine. Leave it alone.",1,387,2.25.3.82,2025-02-25 10:23:35,,,2.25.3.82,com.whatsapp
ad8ec83d-606b-4367-82d1-68737fdf4de8,kevin whisenant,https://play-lh.googleusercontent.com/a/ACg8ocL5woibN8up5iiHyih2QvzeI4uIBzO05h9jXdbvuW5w11t0BA=mo,"Unfortunately, I can't send msgs from my watch. I receive them fine but when I reply, they're stuck pending with the clock icon. They'll only send if I force close the app and open it up again. But lately that hasn't been working either. Loading voice msgs often times gets stuck spinning and never loads. I have the LTE version and everything else works fine. No issues on my phone. This happens whether I'm on WiFi or LTE. I've tried uninstalling, restarting, force closing. Nothing fixes it.",1,171,2.25.5.70,2025-02-15 21:11:47,,,2.25.5.70,com.whatsapp
56b0a388-0056-40e3-bb3c-da9bdf08646e,Connor Hawke,https://play-lh.googleusercontent.com/a-/ALV-UjX57is10A4KKEsFfnx4-U7EmgU5yascBdSIT3NttqO64ZjfHqU,"Gone. WhatsApp suddenly lost all my messages. It wasn't even open. One day I opened the app and it said it would try to restore my chat history from backup. It failed. Many others have had the same issue; search Google. The fix to get some (but probably not all) of your data back is long-winded and may require rooting your phone. I'm no longer using WhatsApp. Also: critical bugs on Android, including missing messages/media in exports. Customer service is either AI or illiterate. Use another app.",1,1366,2.25.2.77,2025-02-07 09:30:05,,,2.25.2.77,com.whatsapp
34c49577-48e3-4f0f-a954-086bc7fdc0a6,Roman Abreu,https://play-lh.googleusercontent.com/a-/ALV-UjVXekc0Var-hhYGtpp6h8304UHoG0QPuVS2BvhBm9fLO8dSarWKOg,"There's a very annoying voice messaging bug that has been going on for months where for some reason the volume is so low that even at max volume you can barely hear them. Initially I thought it was my current phone but recently I've received voice notes from iPhone users with the exact same issue, and it's not only annoying but dangerous as sometimes one can forget to lower the volume before playing something else. Please fix it!!",1,351,2.25.2.85,2025-02-14 06:29:41,,,2.25.2.85,com.whatsapp
09473375-0754-434b-bebd-2eae79945f91,Yoel Teitelbaum,https://play-lh.googleusercontent.com/a-/ALV-UjWQPoXmvSvqNZ4yhqTv_8J30fCz2gJpRKrAmkJ3cLLMI8Kms5xI,"This is the worst app when it comes to switching devices. There is no one to talk to except an AI that keeps repeating the same useless response over and over. It's a shame that, in this day and age, the process is so complicated, takes so long, and still ends up failing. It's time for real investors to take over and fix it."" my advice if you need this for business don't touch it use some alternative messaging services there are plenty out there",1,335,2.25.3.82,2025-02-21 02:41:23,,,2.25.3.82,com.whatsapp
33f501b1-0b41-41bc-9a66-4ccb1495d03a,Jagan Krishnamurthy,https://play-lh.googleusercontent.com/a-/ALV-UjUvGHJ-hvvVhlIV1MyR_WAzzMQybTWHYf3McsBXdEbyDbsIIEdlhQ,"Whatsapp just crashes when I open one specific chat, without any error or warning message. The same chat opens fine in web and watch. It's the frequently used chat and I cannot delete the whole chat to clear the issue. A fix is needed ASAP. p.s - solution found in Reddit. click the profile icon of the misbehaving chat conversation, click on ""i"" button and change the ringtone.",1,13,2.25.9.81,2025-04-02 04:47:03,,,2.25.9.81,com.whatsapp
19e441a8-0109-4b78-a45c-c89169240e65,Anthony Thornton,https://play-lh.googleusercontent.com/a/ACg8ocK8PJxWDGJ_edZy9nqLxYlCfH0ROxIK8__FlIRMob-359wd5xw=mo,"Whatsapp pushed some update making a lot of phones incompatible with the app. Can no longer add contacts, sync contacts, scan contacts with QR codes, or provide QR codes. Trying to get live support is impossible and the chatbot support just runs you around in a circle and won't escalate help. Also, sometimes will get disconnected and de-registered and will have to make new account.",1,76,2.25.6.74,2025-03-16 12:24:02,,,2.25.6.74,com.whatsapp
fabd1486-454b-4a90-b489-c6929a45d3d3,Leanne Brereton,https://play-lh.googleusercontent.com/a/ACg8ocJvbJ0_1BOC1BAds4uXgVvDquZ5zYvAz7vOf2wbuMgMDwziaA=mo,"Stop messing with this app. Changing things around every 5 minutes and every time you do it goes worse. Can't access my full SD Card now. Only recents, camera, screenshots and downloads are available. I want access to ALL my photos and folders not just the ones you recommend. Click on see more and it brings up the exact same folders so how is this ""more""? Also keeps crashing and booting me out half way through typing. Started doing it last few days since someone started messing around again.",1,80860,2.25.1.75,2025-02-06 20:30:31,,,2.25.1.75,com.whatsapp
473274d1-9d04-4206-9690-944d1356d20c,Md Arman,https://play-lh.googleusercontent.com/a/ACg8ocJA4bw7LWdgqgtFl0rTbwtbDlmFiwPPMcQdHwLmRa50765PwA=mo,this app (whatsup) is always asking for updates.,1,1,2.25.7.80,2025-04-06 18:14:37,,,2.25.7.80,com.whatsapp
53ce0798-a8dc-48aa-b7b0-d48f07b7d165,John Greaney,https://play-lh.googleusercontent.com/a-/ALV-UjUa3jh-Hex2wLQpMsXaV7KviYjXo_J_voJp99PD2Ri8fvpBVvlG,no way to uninstall Meta ai,1,1,2.25.9.78,2025-04-06 17:01:30,,,2.25.9.78,com.whatsapp
af30faa6-18e3-468b-8788-50992b02fbf3,Jose Benedict Locquiao Eucogco,https://play-lh.googleusercontent.com/a-/ALV-UjVBMoEJYxFDK7yjR1VPUS6FqCYtWa4TbKf7XMP-FhfX2Jx68fc,it cannot send fb codeeee,1,0,,2025-04-06 12:07:52,,,,com.whatsapp
5a9a7d43-2582-4d87-9faf-ef52f31dc757,Joseph Sima,https://play-lh.googleusercontent.com/a/ACg8ocI2zDS-mHMrDasZdjNqFsSwOLFFKP4eDu705mT_C8F3hTPCGA=mo,whatsapp,1,1,2.25.8.84,2025-04-06 07:22:47,,,2.25.8.84,com.whatsapp
2f774e44-26c0-4345-af11-a6ffe3e11160,Frances Kitching,https://play-lh.googleusercontent.com/a/ACg8ocKkZD-tyZfbETwl-9j14Ao0BpM6257h5yRAAbxApr-vY5BWTQ=mo,get the unnecessary ai out the app.,1,13,2.25.9.78,2025-04-06 06:14:11,,,2.25.9.78,com.whatsapp
030b4db5-c608-4ed3-9989-6a53806a39f0,Timo Palomaa,https://play-lh.googleusercontent.com/a/ACg8ocLds1FzYACUac-f8NCCa_bgtwTQk_DlqAdxYxKisYHi0H2JyyQ=mo,I don't want AI chatbot in a messaging app.,1,13,2.25.8.84,2025-04-06 04:36:45,,,2.25.8.84,com.whatsapp
c2dd0a52-365f-4dc7-8d88-dbb05bc5a763,T M,https://play-lh.googleusercontent.com/a/ACg8ocLRfm1uRqVOLSB_IrDkQg2bsPYbWYaN9Wu3Q3JjO8WYDNB7gFU=mo,lastest update broke the app. the application force the integration of their ai and you are unable to remove or disable it. google play store removed my last review to prottect the company. shameless in my opinion,1,14,2.25.8.84,2025-04-06 03:37:52,,,2.25.8.84,com.whatsapp
ff47e059-aa52-49c8-a8a2-f711cc24b769,A Google user,https://play-lh.googleusercontent.com/EGemoI2NTXmTsBVtJqk8jxF9rh8ApRWfsIMQSt2uE4OcpQqbFu7f7NbTK05lx80nuSijCz7sc3a277R67g,"I noticed that recently after updates, when listening to voice notes, if it's a long voice note the voice note will stop when the screen goes off. Dunno why it's doing this. Before it wasn't like that. Also noticed that missed calls are not shown on screen, but only when you open WA and check you chats you will see the missed call label inside the chat. Please work on a feature that allows you to block Whatsapp video/ calls in general or for a scheduled time.",2,5076,2.24.23.78,2024-11-25 19:53:54,,,2.24.23.78,com.whatsapp
238c1ad8-c58c-47af-9a9b-4cffb322077c,zahra,https://play-lh.googleusercontent.com/a-/ALV-UjWU1fIC7TDyC07aoOCkQFJSkJLlLJ6XUNmtsNVUmG81JIeRJzRigg,Love WhatsApp but there is a glitch that is very annoying. When I scroll ust a little bit up it jumps up hours earlier randomly. It happens very often and is confusing and annoying. Please look into this! Also please have a feature to disable or lock the video message feature because when scrolling it gets clicked on accident and is very annoying,2,1631,2.24.34.70,2024-10-26 20:29:40,,,2.24.34.70,com.whatsapp
625417ac-15a4-4d90-ad27-e298b1412d8d,Denise Martinez,https://play-lh.googleusercontent.com/a/ACg8ocK70fTBQR3raY9cS2I2eEKfBje_vrec_O-No53MHQEy8M6sZw=mo,"Fix This Bug: Having issues with accessing the gallery on my phone. App has access, but my albums do not show up in the option to send photos. Can't see all my photo/video albums Currently, when I try to share a picture or video on WhatsApp directly, it doesn't let me see all my folders. Many other users are having the same issue. I have uninstalled and reinstalled the app multiple times.",2,1027,,2025-01-16 16:37:08,,,,com.whatsapp
f8f54ece-2e4c-4edf-9154-ae3243c0b0ad,Bill Christy,https://play-lh.googleusercontent.com/a-/ALV-UjX-kv6rTgLwbpUO0h_xXebq_6n6xF2Vzx2knO9dVvPfWalUttsM,"No ability to schedule messages to send later. Please add this basic functionality. Next, please make an option to hide recent photos when pressing the camera button to take a picture. If I wanted to see recent photos, I would click the paperclip to attach one. Thanks! Would like to be able to turn off this new ""feature"" that autoplays the next voice message please.",2,18,2.25.8.84,2025-04-03 12:07:11,,,2.25.8.84,com.whatsapp
3aead1d8-af7b-434f-bac9-996f7fa26d75,K R,https://play-lh.googleusercontent.com/a-/ALV-UjV0bmJRBMpAW909EJzCN6gZ4dDi4Oa70_P9VJFYmmvwL9leMi3b,whoever had the idea to change the sound output from speaker mode to call mode anytime the camera was covered was severely misinformed. this is an incredibly annoying feature. I have to restart voice notes anytime a shadow crosses my camera. Anytime i put my phone in my pocket. and there is no way to turn this feature off. remove this feature--it's incredibly inconvenient and it makes an already kind of clunky app way way worse. on top of all that they track your data and use it for ads. fun.,2,143,2.25.7.80,2025-03-24 02:40:44,,,2.25.7.80,com.whatsapp
502e48cd-06cc-4b64-b5b7-ba09d0f74a10,H M,https://play-lh.googleusercontent.com/a/ACg8ocJU5gvsjynJaJIOgk5meLwh_fssK25svxgGPuG28xfu7gHPNA=mo,"Loved the app, until yesterday, when it started crashing every time I opened one specific group chat. Cleaned the Cache. Restarted the phone. Uninstalled and reinstalled the app. Can only access this and another group chat through WhatsApp on my computer. Hard guessing something went wrong with the latest update. Hope it's fixed soon. Until then, pretty useless on my phone, since the group I can't access is the one I use the most.",2,17,2.25.8.84,2025-04-03 05:08:45,,,2.25.8.84,com.whatsapp
0747573d-3232-41f9-a1ea-c4037d29203e,Ruben Sanchez Gonzalez,https://play-lh.googleusercontent.com/a-/ALV-UjVkBAi6RXV4lWyos2HOLhttstjZQdYzOLzQmyGzfS28EypsvfU,"Since meta bought this app, it has been declining both in quality and functionality. Vocie messages. If you leave a draft, a lot of times you'll lose your message. If you pause while recording a voice note, it stops preventing the screen from turning off, so it interrupts your message. Is there are 2 or more voice notes to be played, you can't just play one, leave the app to do something else, and keep auto play the rest. It just stops. All in all, quality worsening each day.",2,363,2.25.4.73,2025-02-27 08:28:22,,,2.25.4.73,com.whatsapp
20818f17-2dd4-4438-b083-eac0f9473388,Corey Hernandez (Parkorey),https://play-lh.googleusercontent.com/a/ACg8ocLwwhD1R06D2DBQHBQyMPKfwsfgznXpPSz2qSZCEUvrydyof9WP=mo,"Have been using app for years. It was fantastic initially, but lately the quality of the app has gone way down. Calls have been dropping more and more frequently. Video quality has become very pixelated. App has been glitching and saying I decline peoples calls when I never declined them, most times phone won't even ring and I'll have half a dozen missed calls all arrive at once. Shame, was a great app for a while. Hopefully they can fix all these glitches, but it's been like this for months.",2,312,2.25.4.75,2025-03-02 05:18:08,,,2.25.4.75,com.whatsapp
62dc3048-bdde-4771-9945-590a3b1829e9,Michael Eiland,https://play-lh.googleusercontent.com/a/ACg8ocKu9zAmuox_gIwuDfiYQ-Fl4lQeFxYDxdfS8Dl0SnHpVB82XA=mo,"Very unhappy. For some reason when choosing a picture to send in a message, of all my albums in my gallery, only 5 are visible to select from. This was never the case before up till now. I only can select pictures from camera folder, recents folder, downloads folder, whatsapp and screenshot folders. If I click the 3 buttons top right only cloud apps is there. This means if I have a picture in another folder I have to transfer it to one of these to be able to send it in whatsapp. Permission on",2,612,2.25.1.75,2025-01-28 09:43:17,,,2.25.1.75,com.whatsapp
62d77ff5-ea06-48f2-bdb1-495e7866fd50,Nils M,https://play-lh.googleusercontent.com/a-/ALV-UjWjEyNbzYuN9NKSarXgu8DldW8oF_6JwtnLfgvO5KSz18po0YOorA,"The photos sent from this app keep saving on my gallery. It's a nuisance. I have to keep manually deleting them. To add to this nuisance, the app keeps asking about saving to Google drive or something else. Why not save in a temporary app folder like most apps do? Or at least make that an option... I literally loathe opening this app, and I loathe getting memes. I use the app cuz some family and friends overseas are on it, I wish they were on some of the other better communications apps.",2,366,2.25.1.75,2025-01-29 21:54:50,,,2.25.1.75,com.whatsapp
aa625dba-5f91-4529-ad06-8a182c3aadf5,Dino Bettini,https://play-lh.googleusercontent.com/a/ACg8ocLhJkO48VYmCznyukqOYtJeNpQnSgwztRw7h6TgQEFKBdKt=mo,"They removed the ""show notifications"" option when muting a group. This is such a downgrade. Also, the limits to sharing and forwarding messages are horrible. Edit: Also, similar to Instagram, their features are so full of bugs that it seems only interns work on them. Restoring the chat history on another phone always fails after getting to 97%. Lost an entire day trying it.",2,11122,2.25.3.82,2025-03-03 02:22:47,,,2.25.3.82,com.whatsapp
ed9e2a52-867a-4e12-af18-9c1be0e67077,Tyler Rose,https://play-lh.googleusercontent.com/a-/ALV-UjVjR2g6zPXaW5ElBrJkpYDq_ssWgFdAiVYYVyQUb--ZDULlmUbE,"I was really liking this app to message one person. then suddenly this morning I stopped receiving notifications from them, until I open my phone and then the app itself. they were in fact messaging me but WhatsApp was not notifying me whatsoever. I've done everything I can but I'm still having the same issue. I prioritize them in every way, I turned off do not disturb mode, but it is simply not notify me until I open the app.",2,142,2.25.1.75,2025-02-11 04:32:25,,,2.25.1.75,com.whatsapp
08016355-12cd-40ee-8bf7-78a77fe788ed,A Google user,https://play-lh.googleusercontent.com/EGemoI2NTXmTsBVtJqk8jxF9rh8ApRWfsIMQSt2uE4OcpQqbFu7f7NbTK05lx80nuSijCz7sc3a277R67g,I've been a staunch supporter of WhatsApp for many years but since one of the latest updates when I try to take a picture and zoom in to the max it automatically switches to that dreaded video note. I can't understand the point of it anyway. When I want to shoot a video I use the normal one. Why do I need that silly little circle but most to the point why does it switch to that when I'm just trying to take a closeup picture? Until you fix it I'm only giving you 2 stars 🙄,2,378,2.25.1.75,2025-02-06 09:18:10,,,2.25.1.75,com.whatsapp
e4ebf74d-c3aa-47f9-971d-599a909474ac,Joel Prather,https://play-lh.googleusercontent.com/a-/ALV-UjWngdzknMyn7HNRRtkvAa9nmlr-3-1V2rBYnYpy1DulXgPe3dvM,"App is virtually pointless. You have to give out your phone number to use it; so the only reason to use this app instead of texting, is that you can message people in other countries without international charges. Can't send messages without allowing permission to your contacts. I hate apps that force you to give access to things to use the app.",2,994,2.25.1.71,2025-01-16 11:04:56,,,2.25.1.71,com.whatsapp
9c650915-9d9b-412b-aa19-fbec1df574c2,Ward Martin,https://play-lh.googleusercontent.com/a/ACg8ocIskytLdmvwlC2DrZnmkzzCV2zIW1bcE413lupsuK_a_BnQLw=mo,"Just did a phone upgrade. You can't restore backup if you forget password because; the recovery offered requires access to the program but,... I'm told I cannot backup later if I continue beyond the [restore backup] stage at the very beginning of the sign in process. Samsung & Google phone switch support leaves this program unsupported, like any other apps that aren't theirs,",2,79,2.25.2.85,2025-02-18 20:52:23,,,2.25.2.85,com.whatsapp
2e12d125-9e8d-4179-8ad7-3830411ac66c,Zachary visagie,https://play-lh.googleusercontent.com/a-/ALV-UjXRo7IHDt-kU28Agi4yL1ninOqtveaWm8pUHnePXV7EMSBl32s,This is a 5 rated app every body should use it.,2,0,,2025-04-06 03:05:23,,,,com.whatsapp
6baad9bb-9cca-4fe2-a9bc-2f5b476f4a4f,Ij Sarah Ndubuisi,https://play-lh.googleusercontent.com/a/ACg8ocJ-0gCUMetaG_G_wrZzV9PZuEELvpJVA4p0JBUHNHa_I-GfuA=mo,I don't like the way my account is always having problems like account scams and it's annoying,2,1,,2025-04-06 02:55:50,,,,com.whatsapp
32cb4da0-194c-4229-b279-d9eedf11daaf,Bwanika Mathias,https://play-lh.googleusercontent.com/a-/ALV-UjX-A4STpDYvpCOF7AOscBUR0ph3Eno1VjFfcISR3-nQDq_PZ8c,"Can't share videos on my status anymore, every video says file type not supported, it's just getting worse",2,0,2.25.9.78,2025-04-06 02:52:32,,,2.25.9.78,com.whatsapp
4c4c2703-9091-4cf4-a806-71bdc0c762b4,Clare Petzer,https://play-lh.googleusercontent.com/a/ACg8ocJNg15IyK8M7VppmV9OZi98tYigDZ9UJv3G-6Ly_z7EsZqXVQ=mo,sick of the adverts and stuff taking up my space... sick of it,2,1,2.25.9.78,2025-04-06 02:45:33,,,2.25.9.78,com.whatsapp
6e981284-b53b-40ec-ab53-b252e7d467ce,Janosch Weddeling,https://play-lh.googleusercontent.com/a-/ALV-UjVnz8Np6z4IybqgKevoaGl92zfWySrvxHKObWOedTmztsfXG-1j,"Solid messenging app but the AI Integration is insanely annoying, I wish I could turn it off",2,4,2.25.8.84,2025-04-06 02:30:50,,,2.25.8.84,com.whatsapp
b428e716-9c5b-471b-9a0c-9d20376ddb07,darshini,https://play-lh.googleusercontent.com/a-/ALV-UjVOI6o5CwvgOwGS-i_xOK03X0VzTs8sfJkkFU0BZ4SFT1hyRaE,chat themes are not coming,2,0,2.25.9.78,2025-04-06 02:26:04,,,2.25.9.78,com.whatsapp
0ac1279a-d87b-4059-95e0-fcb87563a263,Samanya Mubarak,https://play-lh.googleusercontent.com/a/ACg8ocIvMmWZtUQFmqBKpwqv4HhfE-09IULFx06ccAUZgunwhjGvpA=mo,good,2,0,2.24.25.77,2025-04-06 02:19:11,,,2.24.25.77,com.whatsapp
0d8553e9-2cf1-4475-8857-931a6c5ed30b,Heather Strojan,https://play-lh.googleusercontent.com/a-/ALV-UjX8wC_-f3TnXrEEkGGEOl09K9QB1Zfa6fbWAAcoxCHkxjs4oJT8wA,"why don't the GIFs work. They don't continue to run at all in fact they stop quicker then ever, press play and stops. Every other app I have the GIFs never stop which I the whole point of even using them. also now I can't tell if someone is recording a voice message at the top when in the message, it's now a microphone 🎤 at the bottom. stop changing things",3,191,2.25.7.80,2025-03-26 02:34:49,,,2.25.7.80,com.whatsapp
2d94344f-3678-42c3-b6c2-943f27bd3aaa,Henry Carm,https://play-lh.googleusercontent.com/a-/ALV-UjVqqaQlpqMsbpeEJu-oBZRCCsGrq2kcfzyVzJSUHU-IxnPHVKhl,"Pls, can you stop changing and removing file properties when i want to send a song by ""audio"". im forced to send it through ""documents"" And The Max Character limit for paste is too small when editing a media on Mobile, i wanted to paste all the lyrics under the media to reduce message count but no... i have to send them seperately which reminds me, when i forward a document upload (like .mp3) with its long captions, it only forwards the song, without the captions like, WHY",3,132,2.25.1.75,2025-02-11 11:18:28,,,2.25.1.75,com.whatsapp
9a9dcc49-6916-4ab8-a452-4ba40e3502ca,Sandy bind,https://play-lh.googleusercontent.com/a/ACg8ocIClTTaHvTJLCfIDsorauPwTGo_XmftQyUsJUtfJNmh3uxrJg=mo,"For what I use it for at work, the app works fine. But when I had a problem with my number being banned after I tried to move it to a new phone, I got no response from Whatsapp. So gave up and adjusted at work. But on a whim I tried to download the app again after a month and a half...and it downloaded and works just fine. So...the app is fine as long as you don't have a problem! And just maybe, if you give it time, your account will reset.",3,149,2.25.3.82,2025-03-06 01:17:13,,,2.25.3.82,com.whatsapp
9be73d63-bd5d-4d1c-b2d1-852079972aac,Lisa Tibbitts,https://play-lh.googleusercontent.com/a-/ALV-UjWKicZT9y_K77gd-BhhDZQdUUeAhLTLBIDPI05HvYN8YUVnEqIt4g,I have enjoyed using this app but I want the option to delete anything I've shared for everyone whenever the need arises. I am using it to get to know possible romantic partners but after talking and sending videos and photos (nothing r rated) I don't want them having access once we stop talking. That seems reasonable to me. Even harmless photos and videos can be misused when things are complicated and end.,3,115,2.25.1.75,2025-02-03 01:32:28,,,2.25.1.75,com.whatsapp
0cf7e094-47b4-4465-ba2b-8614ec559022,Birdi Saab,https://play-lh.googleusercontent.com/a-/ALV-UjWaGWF7uBI2Yo_WRmjoOYgOXLeiDQhIrbUg4d7XW4EIWhS70L8q,"Everything is perfect except I can't receive whatsapp phone/video calls notifications on the screen straight away when the phone rings. I can feel the vibration, hear the sound. In order to see who is calling me on whatsapp, I must open the app first, then wait for it to pop up the calling pop-up then click on it to see who is calling and then I cam answer it. IPHONE doesn't have this issues but my Samsung S25 Ultra has this issue.",3,3853,2.25.2.85,2025-02-16 20:14:41,,,2.25.2.85,com.whatsapp
ffa46d26-43ce-404b-840f-3d45d10aa6bc,Swati Patil,https://play-lh.googleusercontent.com/a-/ALV-UjUBlEdt9os5WAeMfojpRfDmJ1BBtuiU23p1BaxNFGeqRrTkj8TB,Edit- Grateful for multiple accounts and lists. Have one more request..Would like to open WhatsApp with one of the lists I prefer on screen and not all chats as default. App is good. Just have a request. We need multiple accounts option on WhatsApp as we have for Instagram cz we have one number for work one for personal. And an invisible mode with specific contact selection just like status. And separate column for groups and personal chats. It's very difficult to handle both under one column.,3,12893,2.25.1.75,2025-03-11 12:41:30,,,2.25.1.75,com.whatsapp
77989594-6ef0-48b8-a183-a1db854cf68f,Shramanth Rajarathnam,https://play-lh.googleusercontent.com/a-/ALV-UjWzZ4UZjaYepv7bD-s4u3tTlHiOEi4kPPSmHV3O2KhZJQG3a0uL,"For some reason now, the chat filters don't get automatically hidden when I exit and enter the app again. Also, going back from a group takes me to the main page instead of the community when there are other unramead groups in that community. Filter for non-contacts would be great.",3,4078,2.25.8.84,2025-03-27 09:54:00,,,2.25.8.84,com.whatsapp
8d4c6017-d158-49a6-86ea-73aba42ed74e,Reinan Mortiz,https://play-lh.googleusercontent.com/a-/ALV-UjUgigcDbuW4uiiLX1JPM6UIff1HngdtKNF_OdjmLO_MyaJXAWLE,"The chat is good, but for video calls the volume control is frustrating since it does not allow for precise settings. The lowest call volume setting is still loud enough for everyone around to hear. The app also does not allow for listening to music through Spotify or multitasking like that while on a video call, which is also something I hope could be updated in the near future.",3,2198,2.24.25.77,2025-01-12 02:04:04,,,2.24.25.77,com.whatsapp
98c0bfa3-7c87-4f44-ae54-a62b9b85af38,Sebastian Fuller,https://play-lh.googleusercontent.com/a-/ALV-UjWJcmD4LrRpqPt8g3RT_fD8JnxW0mTTErSOFqIFThJ8wgHZpz_s,"They just made the worst possible UI update. Before if I wanted to send a photo, it would just show ALL the albums in my gallery on the app to select and send. Now, it ONLY shows recents and my cloud stored albums. And there's no way to access or view my other albums not in the Google cloud, in the app. So I have to go to my gallery, find the photo, and then ""share"" it to the chat in whatsapp. Why they made this awful change? I have no idea. It worked perfectly fine.",3,921,2.24.25.77,2025-01-12 11:41:07,,,2.24.25.77,com.whatsapp
067bd6c9-4a39-4cb2-98b0-d90ad79888c0,Jade Hassall,https://play-lh.googleusercontent.com/a/ACg8ocLVGaDGLrDFSyXRVsni1Z-IylTbKnvGqOf7aR1r7mFC_yaCYg=mo,"It's great for typing but video and voice calls drop constantly. After about a minute, the call states ""reconnecting"" and then drops. You can't report it to WhatsApp either as they don't provide chat or email support for technical issues regarding calls. As for being able to send pictures - good luck. It barely allows you to find any pictures anymore! Since the update, things have been so much worse.",3,8628,2.24.42.70,2025-01-07 06:46:50,,,2.24.42.70,com.whatsapp
4953fb48-9d6f-4a7e-adbe-ca1c8e0e0938,Rafael Sarante,https://play-lh.googleusercontent.com/a-/ALV-UjX8oOgjZu5j-IhwCpj9NSTDLxfSGblpVMxrcooxma_lN4jkFXEu,"The new system to share photos and videos is so tedious. I have a lot photos and videos on my phone organized by album so I can locate them easily and the new system implemented by WhatsApp takes a lot of time to get to the album option. First show the most recent and then we have to tap Recently for it give us some of the albums, but if it isn't the one you're looking for a wait is due so the See More option pops up and that takes so long and have to mention the extras steps now.",3,630,2.24.25.77,2025-01-14 06:56:32,,,2.24.25.77,com.whatsapp
46674860-9d04-4bbf-a445-5ffd496c2bcb,Lavendeer 201,https://play-lh.googleusercontent.com/a-/ALV-UjUdZi_QYjeM_tNOgcZJUlq0GXU2TDY5r15NP-OJTCAT5GepR5sT,"Custom stickers are a pain, gifs need to continue playing, and the latest update is awful for photos! I used to be able to see all my albums, but now I can only select from Downloads, Camera, Screenshots, and other preselected albums. This makes it VERY DIFFICULT to find the things I want to send to friends and family. Additionally, the typing and correcting spelling is very glitchy/frustrating now. Besides that, it's great for communication without cell service, and is much better than SMS!",3,2134,2.24.25.77,2024-12-28 22:54:13,,,2.24.25.77,com.whatsapp
38cdeb18-9bac-4a0d-a8c0-5ffa9eae175f,Connor Mahoney,https://play-lh.googleusercontent.com/a-/ALV-UjVBr5p6luu25E1Wla2wyq7rMFsbzmAbU3-kK1-_eibcb9tqyQo,"It's a messenger app I primarily use for its voice message feature. The voice messages portion is a hot mess. Sometimes the app tries to route the audio to the headset speaker instead of the normal one. Sometimes it'll black out and lock the screen while playing, which forces you to restart the whole message. Sometimes your recording is interrupted by a text or app popup, requiring the whole recording to be redone as it drops the whole voice message entirely if you didn't finish it. Hot. Mess.",3,511,2.24.25.77,2025-01-03 06:00:24,,,2.24.25.77,com.whatsapp
27450aad-8883-4616-96fe-71d6b5fbfe95,Tanya Stepanic,https://play-lh.googleusercontent.com/a-/ALV-UjVgdZVTJ6Ofj0jIB9j0rUjKGheU8HNP_WA8hwHIiE-XJS24-_QjWg,"Please fix issue with calls not showing up on lock screen. For context, I have many years of experience working in mobility and have performed all possible troubleshooting steps. Additionally, I have 2 different make/model Android devices, both have the exact same settings for WhatsApp and notifications, but only 1 is showing full screen incoming calls. Will update to 5 stars once fixed. Thanks!",3,3462,2.24.22.78,2024-11-14 11:25:25,,,2.24.22.78,com.whatsapp
e455906c-dc1f-42a6-bcdc-dbaab2671529,Sony Nicolson,https://play-lh.googleusercontent.com/a-/ALV-UjXPNuCvNP5rtkPHiT4122Veylka6BJjCLzmxIfwVYRaX4MDWagW,"Messaging is fast and reliable. However it does crunch the media quality, even when selecting the HD option. Also, getting any sort of calls when the app is not open is an absolute nightmare. It doesn't snooze when pressing the sound buttons and if the screen is locked it's very annoying to try to navigate to the calling screen to swipe up the Respond With Text option. It is really frustrating since the app has less issues with calls on iOS devices",3,868,2.24.23.78,2024-12-06 14:54:51,,,2.24.23.78,com.whatsapp
f1991005-6811-4a0d-a5b0-544703ba67af,Modest Feran,https://play-lh.googleusercontent.com/a-/ALV-UjVxJgPoiOM-i370zEgn4GgdYeoWgsSIWkaSmptLufHDyajD3bXw,May you PLEASE add an option to Unsend messages please,3,1439,2.25.8.84,2025-04-06 03:07:58,,,2.25.8.84,com.whatsapp
9929d90e-ef31-4103-ac42-16f36a1c8a8b,Shahab Safi,https://play-lh.googleusercontent.com/a-/ALV-UjWvvc8DpHxxVJRpY2B2IumfScFIPDbV10VgY_Qgj2vT7qZhhQ_J,Wow,3,0,2.25.8.84,2025-04-06 03:04:54,,,2.25.8.84,com.whatsapp
1448dfa6-eaeb-4d80-9954-a4a0aa7eb1eb,Mohsan Bashir,https://play-lh.googleusercontent.com/a/ACg8ocJRMgEMNT9pvfYXpyrxZcBvo7LWyOzUr1bHpM2pXA_Yrv905g=mo,i have an problem in WhatsApp the video is not supported the video is not sending to others and status plzzz fix the problem immediately,3,2,2.25.9.78,2025-04-06 02:54:55,,,2.25.9.78,com.whatsapp
93728d60-94e3-4dc9-81f8-19153ebdfac3,Maame yaa Asumadu Gyawu,https://play-lh.googleusercontent.com/a/ACg8ocJEO81u3dDS0Py7twmS81HeZBNzttSfDh-aVAcOM0Af26ksLQ=mo,Whatsapp logs me out by itself and I don't understand why it does that.... Please can u solve that for me.,3,1,2.25.9.78,2025-04-06 02:53:57,,,2.25.9.78,com.whatsapp
cdb461a7-0981-4c6a-a489-e9ec395cf917,RupeshGT650,https://play-lh.googleusercontent.com/a-/ALV-UjWbEWRERE_SzuNRazq6gmtWRkHCflmWvsu1XJ22my0A6Kfwlej5RA,video is not support properly,3,0,2.25.9.78,2025-04-06 02:37:03,,,2.25.9.78,com.whatsapp
3f10c031-0262-48e0-9afa-66e25fbd9aa1,Omkar Bhagade,https://play-lh.googleusercontent.com/a-/ALV-UjVwYgqW3cnuRt_vhUarw9nWQ6IHU4GTJZwTz3rmnHWOo6kZHdlp,"In this updated version, while uploading some externally downloaded videos to status, error is occuring as file format not supported. kindly fix the issue.",3,0,2.25.8.84,2025-04-06 02:33:22,,,2.25.8.84,com.whatsapp
15c7f580-4916-4add-b9c9-976831b91120,Hamza Saleem,https://play-lh.googleusercontent.com/a/ACg8ocK3OM5KsHp6ZJJvRFEz9jI1I50V62D7rStINjZzQOpCsy-Jgg=mo,اس کی روزانہ اپڈیٹ آئ ہوتی ہے افسوس ہے,3,0,2.25.5.74,2025-04-06 02:29:11,,,2.25.5.74,com.whatsapp
72c1abb5-05b6-4b2b-80d9-f506fa449021,hu trillz,https://play-lh.googleusercontent.com/a-/ALV-UjVQly5iH_xD1P7JGMlSWfCTiVVx5xnYHutKYbBr4zUlYEG-9Sgp,"Just started using the app and I'd happily give 5 stars if it were solely based on the product's simplicity design, and operating abilities, however I'd like to make 2 (obvious) suggestions. 1. Being a translate feature and perhaps have in settings a setting to set your preferred translating language. Also, on the topic, many prominent websites are offering live video call translating capabilities, might be worth considering. 2. A more clear account/profile accessibility button/page/feature.",4,9417,2.24.24.77,2024-12-07 15:48:36,,,2.24.24.77,com.whatsapp
b5af26b1-a8f8-48e0-a48b-78b8f85c272c,Alexius Emejom,https://play-lh.googleusercontent.com/a-/ALV-UjVy3TJ5cQ8H0CuVtMAn04tflS4SP-c3XzTqOrO1YuB7q-qmkIAi,"Very easy-to-use UI. I am not a fan of the latest updates to the Status updates interface that is displayed horizontally. I prefer the original vertical display for the status updates. I wish WhatsApp could revert to that view. Also, maybe the communities could be organized on another tab to free up space for status updates.",4,4547,2.24.19.86,2024-09-28 19:43:29,,,2.24.19.86,com.whatsapp
2522f2b4-9d29-443f-b746-e2f8243875e4,Gloria Harris,https://play-lh.googleusercontent.com/a/ACg8ocL5POw-9ksigASHr1ImcX76JFexK4yeBt0JfBFcyOWPqdhr_nM=mo,"This application is exceptional; I commend the robust encryption and security measures protecting all conversations. The only area for improvement in the latest version is the unintended alteration of my avatar, resulting in an unsatisfactory visual representation. However, overall, I am highly satisfied and wholeheartedly recommend this application.",4,56,2.25.8.84,2025-03-31 02:25:00,,,2.25.8.84,com.whatsapp
1811deb2-f612-4987-9410-b0e831d35ef0,G R,https://play-lh.googleusercontent.com/a-/ALV-UjU9NUjwusyS6PxdT7L2gTu8iNJompMJ4xsLBNgEKVuY1HkbVQzL,"Becoming cluttered. Still good UI. Calls are pretty reliable. Like that you can send/receive pictures and files. Unfortunately, they continue display all landline & toll-free numbers in your Whatsapp phone book with an ""Invite a Friend"" link. Even if already listed as whatsapp users. NO WAY to hide/remove. Meta trying hard to get you to invite everyone to use whatsapp. Wish I could hide the Channels option. If I wanted Facebook, I would have installed it on my phone!",4,1190,2.25.7.80,2025-03-20 22:58:42,,,2.25.7.80,com.whatsapp
3ed3479d-bdef-4943-a8b8-8a2b7914c1c6,nelly palacios,https://play-lh.googleusercontent.com/a-/ALV-UjXqBwXMcAUzLPQnJh_EWdAq99UUGXGyUt6XrdvCPqq2SVdVFUtTvg,Update: The below is better still switches to normal/phone call audio when thinks something is blocking the sensor. Cannot use headphone microphone to record audio for video or voice notes. very annoying. There's a bug w recent update that Stops voice notes after 20-30 secs when you're listening to it against your face/phone speaker. The phone should recognize theres an active app (as it would with a music app) and continue playing in the background w the screen off.,4,11,2.25.9.81,2025-04-03 23:13:10,,,2.25.9.81,com.whatsapp
36911d52-fb88-448c-985a-23e4459bd90d,Kaveen Amarasekara (ARMKT),https://play-lh.googleusercontent.com/a-/ALV-UjU6Xo5h07sLv-cO2iLUvmt8BLj6LRSHzhGahYgHfX4Cqq86GEYOWA,"Thrilled to say this is has become my primary chat app for years. Recently, it has developed and improved a lot. New features, new experiences. The UI/UX is getting changed everyday. Yeah, overall experience is good. But, I have some complaints/ suggestions too. Most of the times when I open the app, it's look kinda mess. All the direct and group chats in the same interface so looks weird. So, first I suggest you to separate these to into two in the same page using tabs or whatever.",4,16485,2.25.5.74,2025-03-14 10:42:05,,,2.25.5.74,com.whatsapp
f922a7c9-df12-4bba-adb9-254e68784561,Henry Ofori,https://play-lh.googleusercontent.com/a-/ALV-UjUDbtPJ04VXplNR65xQ0clJPX4i2crlq2y6C-aP0ibDGrHOfCk4,"WhatsApp Messenger is good 👍🏼 for communication from all locations. It helps to forward images, files, documents, and other links to help reach more people and set plans for your support. The main difficulty it shows when making a call is: ""connecting/reconnecting"", which I think is from the network. When this statement shows no voices are heard 😒, either you called or you're receiving a call from others. It's great 👍🏼 in sharing current status and chatting with families and friends 🧡.",4,591,2.25.1.75,2025-01-31 21:01:01,,,2.25.1.75,com.whatsapp
47da4743-c575-49bf-929f-63be5f1785dc,Mwape Chimpampa,https://play-lh.googleusercontent.com/a/ACg8ocJ0SS1NUgNhqAOcgPFcwCEOHpSvJmKzHkfjK16c3Xr41tPYtQ=mo,"I really like the app. It makes things so easy. But I still have some suggestions, not really complaints. I really think that it would be good for a feature to be added for people to copy the text on their status post, so that if they typed anything wrong, they can copy, delete, paste and make the minor edits needed instead of typing everything all over again. And if another feature to allow one to change to view once anything they forgot to send as a view once by a simple tap, that would be 👍",4,25053,2.25.1.75,2025-02-09 17:25:09,,,2.25.1.75,com.whatsapp
57335b82-99dd-47b0-98b8-87b23da68e4e,Clif Jackson,https://play-lh.googleusercontent.com/a/ACg8ocIfek13iXQlYZ5clwdVJIIzaaOk4RMfVeXAFsPqvQUhWWYZ-w=mo,Works great only don't think that is what's app or even your internet that's causing you're connection to be slow or be dropped... It's very much got too do with your actual phones intenna more than anything else I wanna say... So if it's been over 6 months since you've bought or upgraded... Then your gonna have issues.. Once again not the actual app or your internet provider but your phone that's a POS. Almost like they made them to do that before long??? App works great overall!!!!,4,238,2.25.5.74,2025-03-07 20:58:56,,,2.25.5.74,com.whatsapp
4e7bbf00-123c-410c-8c09-918ba33afb18,Emmanuel Mokwena,https://play-lh.googleusercontent.com/a-/ALV-UjVVInWd-8UG08Viu7fFvw_75NnPNwMVkwEzt5pWOezMKHWlH_Y,"I didn't give 5 stars for one reason. When I try to use the app in landscape mode, it is always glitchy and barely works. But other than that, I'm fully satisfied. Edit: Now there is another issue, there is a new list feature that was released a few weeks ago. I only had it for about a week, and it was gone. I tried restarting my WhatsApp, deleting it, and installing it again. Nothing worked. If this could be resolved,I would appreciate it.",4,5929,2.25.6.74,2025-03-19 23:25:27,,,2.25.6.74,com.whatsapp
98a60658-4603-45eb-99ef-37d45d8d30d9,Nick Noyce,https://play-lh.googleusercontent.com/a-/ALV-UjVTVn-nrtg2_kegvLwG3u70cASYxKWzzNdxj_Btql8jiXFmP8OKVg,"the perfect replacement for SMS! The only annoying thing is the lack of any kind of housekeeping function, I'd like an option to be able to clear down old chats to keep most recent chats, to do this manually would take ages, my backup size is large because of this but I don't want to clear whole entire chats as I like to have at least the last few months to refer back to.",4,17663,2.25.3.82,2025-02-25 15:20:00,,,2.25.3.82,com.whatsapp
c0bbedd6-1471-44ec-a4a9-8b6070324679,Alexis Veronica Neo Wen Ni,https://play-lh.googleusercontent.com/a-/ALV-UjW7HLsNfA_Y6Qrsz2sKfXmXn367CffgmPcO-7it25ab0NoKLMZD,"This app is awesome, you can contact with people (obviously) not only you can scan QR codes to connect with your computer or laptop, though there are some problems. It's hard to scan the QR cause it doesn't scan nicely. Other than that, the updates r really slow. My friends alrdy have updated new feautures and i don't although i did update this app. Whatsapp, please fix this update issue",4,2560,2.25.1.75,2025-02-08 14:33:37,,,2.25.1.75,com.whatsapp
c68452e3-67cc-485e-8dbe-5c1a4391bc6c,RESJ Robinho,https://play-lh.googleusercontent.com/a-/ALV-UjXzUcA0062VRRhUDLgVLa7l4CzH9YrGn8FwHptdINBlU6ZDriiT,"Hello, though the app is perfect in all its features, it would be a nice thing to be able to highlight chats (highlighted chats appear on top, separated from other non-highlighted chats by a line). And also, the voice message feature will sometimes bug out and make the screen go black for a few seconds. The audio also lowers when this happens, difficultating the use of voice messages.",4,17792,2.24.25.77,2025-01-21 09:48:15,,,2.24.25.77,com.whatsapp
9188ce3d-2b76-4c0e-9ce9-426d0e9d1420,Mubarik Hanif20,https://play-lh.googleusercontent.com/a/ACg8ocLIxkxS08ras3yP7gA4dKKIF-NVVWwzeURrJ9yJunTT1DGjdw=mo,"WhatsApp is an amazing messaging app that keeps me connected with friends, family, and colleagues effortlessly. The interface is simple, user-friendly, and the voice/video calling features are clear and reliable. I love how it allows me to send messages, share media, and even make group chats without any hassle. The end-to-end encryption makes me feel secure, and the regular updates keep improving the overall experience.",4,23280,2.24.25.77,2025-01-19 23:30:47,,,2.24.25.77,com.whatsapp
a20104ed-9698-437e-a48b-e454dd49d08a,Clara Cherif,https://play-lh.googleusercontent.com/a-/ALV-UjXn52eu-JsfCTYEu2XSvU6A_2KIchBVwcL-lMLOb_M0LVYWPG167g,"as much as it is the app I use most, there are a few annoying glitches I get. for instance, I still didn't get the meta AI. all the ppl around me did and I didn't, even though I'm all caught up on updates. there's also this thing on the desktop wp where every open once message I send appears as if its sent by the recipient. I already texted WhatsApp support about it last week and sent screenshots. I'm waiting for the problems to be solved. other than these everything else is perfect.",4,8729,2.24.25.77,2025-01-24 16:55:19,,,2.24.25.77,com.whatsapp
41c2462d-91e1-492b-99e7-9706cd753a5c,Abbas Ali,https://play-lh.googleusercontent.com/a-/ALV-UjW1NLUYvXQBRYjBEBoWJkHyq-_PRjKv6hcX3JLgGE0v-FpHNkg,Nice 💯🙂,4,1,2.25.4.75,2025-04-06 13:45:13,,,2.25.4.75,com.whatsapp
18fb4876-13e2-4de4-8537-91fcbd5a4850,Subhendu Sardar,https://play-lh.googleusercontent.com/a/ACg8ocL0EJvgJruGjpINulybHHq0aSCCAHNu-nCqjQyqjoh8eYNOv2c=mo,thank you,4,0,2.25.8.84,2025-04-06 08:28:48,,,2.25.8.84,com.whatsapp
e5fd6c86-6ba3-4134-86ff-8e5407810bf1,Elijah Mutoi,https://play-lh.googleusercontent.com/a/ACg8ocKBgwJZ_fna3s2NmIZ2A-ZAZ836qQ3ajr7BJAYmntdJZy7qpQ=mo,Poor service,4,0,2.24.10.79,2025-04-06 03:15:44,,,2.24.10.79,com.whatsapp
4a7d1b3f-68e2-4e5a-bb73-fa1c69d76454,Queen Sheikh,https://play-lh.googleusercontent.com/a/ACg8ocJT0vAKPXhX-0MyhUbyDyTE0mMTlhsCoLVEsxvcsjWgVD3Esg=mo,please solve my WhatsApp problem file not supported issue,4,0,2.25.9.78,2025-04-06 03:08:26,,,2.25.9.78,com.whatsapp
4e9ce783-7970-4521-b401-bc602841e77c,Scott co,https://play-lh.googleusercontent.com/a-/ALV-UjUkUx1BiGyJ1EcC4k9RcXyzOTnKRVXgLgfwyfgxkqRSIyD-7zH7,love my privacy.,4,0,2.25.7.80,2025-04-06 03:04:22,,,2.25.7.80,com.whatsapp
af8a16ea-c9ca-4137-a8b0-2c1f4ca6ce9d,Sher Ali Khan,https://play-lh.googleusercontent.com/a/ACg8ocIaO_kctX0IH2A5CVYMYBC40UBdcBb35kKl5KLzAkqM-BiqUg=mo,Useful application and is using all over the world.It is a nice application.,4,1,2.25.8.84,2025-04-06 02:42:25,,,2.25.8.84,com.whatsapp
d0258be1-ba68-4f79-a46a-71561c50b2fd,Kalyani Rao,https://play-lh.googleusercontent.com/a/ACg8ocIZtroKs2KeDd6RhQc6Pqis39bul2hLRV8eMsxQmjb3D8GL5Q=mo,Good,4,0,2.24.22.78,2025-04-06 02:32:35,,,2.24.22.78,com.whatsapp
fc93c852-4afd-4fc3-88ca-087982fd044e,Scott,https://play-lh.googleusercontent.com/a/ACg8ocLkozUP91KKJiO9uRJVVnhvnOwfyCpHH7rvMcurilkI3Ex_qJw=mo,"User friendly. The UI is clean and it's easy to communicate with people and share files. For privacy it does it's job good enough. It has end-end encryption and allows a p2p connection with another. A reminder that this app itself can and may store data, metadata, messages, and files regarding your use. The developer has to abide by the law in order to continue to be sustainable. Personally, I wouldn't use it to share sensitive data. I would use another layer of pgp or an Open GNU program.",5,2024,2.25.6.74,2025-03-16 22:38:16,,,2.25.6.74,com.whatsapp
7b6bcba1-5718-49e1-80c0-4e0e22e46093,Tanaka Magos,https://play-lh.googleusercontent.com/a/ACg8ocJPAsN6AmgXBsBDDQ_PqnbDfAe30tRsstc73W9-qhx7o_5iGQ=mo,"""Amazing! WhatsApp has revolutionized the way I communicate with friends, family, and colleagues. Its seamless and intuitive interface makes it effortless to send messages, share media, and make voice and video calls. The end-to-end encryption ensures my conversations remain private and secure. With its cross-platform compatibility, I can stay connected across devices. WhatsApp's constant innovation, such as its disappearing messages and group chat features, keeps",5,4222,2.25.3.82,2025-02-22 07:05:52,,,2.25.3.82,com.whatsapp
ebf66f8a-62e0-4704-a836-6c4be41e21e6,Perry Bdg,https://play-lh.googleusercontent.com/a/ACg8ocKEWydXo1ozKKVDQzbD_Qx8zndl6jQmyYKip4lyiKfgZXMX0A=mo,"""I've been using WhatsApp for years, and it's been my go-to messaging app. I love its simplicity and reliability. The voice call feature is particularly useful for staying in touch with friends and family abroad. However, I've noticed some occasional lag when sending files. Overall, WhatsApp is a solid choice for anyone looking for a hassle-free messaging experience?.""",5,23574,2.24.25.77,2025-01-14 17:44:52,,,2.24.25.77,com.whatsapp
70acd4fb-4f64-4f9d-951e-cb3b9732bd10,Harlequins,https://play-lh.googleusercontent.com/a-/ALV-UjWopBbuE7qn_JAoN_-mZ-KgthjaCxa1qW5okChPAq-b-JVp5Yk,The latest update which involves channels on Whatsapp is frustrating. It's a good idea but the way it's being arranged makes the interface not user friendly. I prefer the former version. I hardly find the status I want because of this so called channels thing update. Edit: The rearrangement makes sense now. I can access my contacts status and other features with ease currently. Thanks for the update.,5,120694,2.24.23.78,2025-02-13 02:48:30,,,2.24.23.78,com.whatsapp
2e081494-d015-4325-bc20-f3beb4bf54b5,Daniel Osawaru,https://play-lh.googleusercontent.com/a-/ALV-UjU1zrUo_OKkvXBdH7IapNbgwxrin5p_zCuWgNqF-j8_6iN0cKjr7w,"19th/11/24 The app has been going through some changes the past few months with some good and some very questionable. AI, drafts, and other good features where added but please make it easier to navigate the status page, just take it back to how it used to look where everything was vertical and not horizontal. Thank you",5,112769,2.24.22.78,2024-11-19 23:44:17,,,2.24.22.78,com.whatsapp
4536379f-d22f-4315-8a39-0eea0c0f97aa,Mili Sarkar,https://play-lh.googleusercontent.com/a-/ALV-UjXSK8PQC-SgdoDDObbcxgqmzfgjPndZ0NXH8yQfa_W9X3QPlQnO,"In is an easy to use , affordable device . You can block anybody you don't want to communicate with as well as anybody you don't want to communicate with. And also end-to -end eneryption , which ensures that all messages, called , photos , and video shared on the platform are secure and private. Text message: Enable users to exchange instant text with no SMS charges , from quick updates to long chats . Voice and video call anyone globally . Group video calls allow up to eight participates, meeti",5,211026,2.24.25.77,2025-01-23 23:39:40,,,2.24.25.77,com.whatsapp
605f33ce-4f15-4519-bfee-11b7b412fa8c,KELVIN LAM,https://play-lh.googleusercontent.com/a-/ALV-UjVq22aPvUKIkUMBCpLGnntocsPaLufHVWLaaa4y3qUptiwue9jP,"Been Good. Since having mobile data, this is the default communication App. One suggestion to the developer, as we communicate with one another, making an appointment with a friend or a group is common. Many apps have integration with Calendar. Maybe WhatsApp can also have some kind of events/calendar function integration?",5,39820,2.24.25.77,2025-01-03 12:18:00,,,2.24.25.77,com.whatsapp
5e0511d3-9510-4de8-9df9-795cdeaa595e,Sharon de Vries,https://play-lh.googleusercontent.com/a/ACg8ocJ1FPK4W8PX4dll_ZWEu-y3tIY4u2wefwvWiMUsxzKCof-uHA=mo,"Having your phone 24/7 allows me to try several things. It is a great tool to keep you busy. Waiting for the next thing to happen your phone is a device that can connect to family and friends watch favorite clips and keep you focused. Various incite full platforms can be reached and you can browse the net for educational, interactive, meaningful, medical, media development, learning skills and various development at your finger tips. Easy device but powerful. Feedback on issues can be optained.",5,57834,2.24.17.76,2024-08-31 17:48:56,,,2.24.17.76,com.whatsapp
3e6731d0-cd0f-4e99-a832-b9c4b17992f0,Xahra K Lawan,https://play-lh.googleusercontent.com/a-/ALV-UjUG0Hx5oAbNgHOkeDwsTx0HKFt-xti-ge5TfNVa4LyOYG5Wpac,"I really enjoyed using WhatsApp is the best messager app I can found through playstore. But I have a complain. I notice today, when I post a video on WhatsApp it reduces the quality of my video making it to look blurry and not clear or sharp. Even when I turn it to HD quality from the settings. Edit: thank you for the fix and if you don't mind can you add more emoji likes button among the heart button on the status bar so we can react to different emotions just like Facebook.",5,423,,2025-03-08 21:09:34,,,,com.whatsapp
cf60f937-7154-4503-b0d4-51899aff7505,Michael Zeblon,https://play-lh.googleusercontent.com/a-/ALV-UjUvH_hhR1rSUTsVktRFgJNfWU4vNQ0GQOpJFx4B4w6BX5iX1o_-,"Whatsapp is a very useful and amazing app... But this new update is insanely terrible. The status/updates section is now wack, I prefer the vertical look over the horizontal layout, and being able to sort of get a preview of the status before clicking. Etc. It would have been much better if status/updates and channels had separate sections, that way it would go back to having that iconic horizontal layout. And channels would be there for... Whoever needs it.",5,47181,2.24.18.76,2024-10-04 12:45:05,,,2.24.18.76,com.whatsapp
24f87c4a-55fe-4eb9-bd1c-f0e6f1c09008,SUSMI PANDA,https://play-lh.googleusercontent.com/a-/ALV-UjWoXx7MxfX_zVwXyWejZX24ARs3BJBVpGk5XFUUSN05K3qFsn0c,"WhatsApp is one of the most reliable and essential communication apps I’ve ever used. It’s simple, user-friendly, and perfect for staying connected with family, friends, and colleagues. The messaging is seamless, and I love the voice and video call quality—even with average internet, it works pretty well. The new features like disappearing messages, voice status, and multi-device support have made it even more convenient. I also appreciate the end-to-end encryption which ensures privacy.",5,1020,2.25.9.78,2025-04-05 09:56:53,,,2.25.9.78,com.whatsapp
7c6ce731-82ba-456b-8fd2-af1981df785a,Sajeepan Saji,https://play-lh.googleusercontent.com/a/ACg8ocJPsKyJkotHPluyPn97FTopMzWfEfgf6Rg9dfyGn6F58Aff3g=mo,"""WhatsApp is my go-to messaging app. It's fast, reliable, and super easy to use."" ""Love the voice and video call quality. The new features keep getting better!"" . ""End-to-end encryption makes me feel secure while chatting. Great job, WhatsApp!"" . ""WhatsApp is great overall, but it could use more customization features."" . ""The app works well, but I wish it had an easier way to manage storage.""It's good for basic messaging, but some features feel outdated compared to other",5,120,2.25.8.84,2025-04-04 15:25:29,,,2.25.8.84,com.whatsapp
5967cd43-3e94-4a82-b181-3f94d791ffd5,Ashlea Acut,https://play-lh.googleusercontent.com/a-/ALV-UjWHGlTE1BjoiYeaHBjZJ-TakwUmFd9x9xN-j_WHnkYdTKWahLLg,"This tool is incredibly easy to use, designed with a user-friendly interface that ensures even beginners can navigate it effortlessly. It’s completely free of bugs, offering a smooth and reliable experience every time you use it. Additionally, it’s highly effective for communication, enabling seamless interactions whether you’re chatting with colleagues, collaborating on projects, or staying connected with friends and family. Its versatility and dependability make it an essential tool for anyon",5,516,2.25.7.80,2025-03-25 10:05:12,,,2.25.7.80,com.whatsapp
e8928f35-442b-4d01-89e4-e98dee522531,Hina Hussain,https://play-lh.googleusercontent.com/a/ACg8ocKPY0kZpqvydFDovsDDBD4jsHq5wznzb6iLewXSWIRrnhkxRg=mo,"WhatsApp is a great app. Best communication app .Highly recommend.But I request you that I'm facing an issue from yesterday. My network connection is good, I can send messages to other individual contacts but messages are not sent to the channel . I'm an admin but messages are not sending .I don't break your guidelines but still it's not working . kindly correct this issue.",5,1086,2.25.8.84,2025-04-04 13:12:01,,,2.25.8.84,com.whatsapp
e7bf0c31-4ac7-4526-a984-ed84e6b7a071,Mercy Esu,https://play-lh.googleusercontent.com/a/ACg8ocISGAw5kr3e7KI5SGMeglTX3fxmZw29jk5QuTwqTm_oitgOBkXS=mo,"I wish you could stop someone from sending me messages on WhatsApp without blocking them entirely.. I think it would be really helpful if WhatsApp had a Restrict' or 'Mute' button for specific contacts and ability to control who adds you on a group chat with prior notification to the person, sometimes, you just need to maintain contact with someone, but you don't want to get messages from them all the time. This feature would be super useful for avoiding unwanted conversation and harrassment",5,504,2.25.6.74,2025-03-20 21:43:32,,,2.25.6.74,com.whatsapp
8a1175dc-e540-456b-85d9-2de99d676f52,Baljinder Singh,https://play-lh.googleusercontent.com/a-/ALV-UjXPeNyCIfFFdoSxL3lpPvbd9iawn0Vqo-wgxNaY6FU1dIP6-90,nice app,5,1,2.25.8.84,2025-04-06 18:07:09,,,2.25.8.84,com.whatsapp
410aef71-9fcf-4fb5-b21f-fa0aa0d33ee7,Shaik fayaz,https://play-lh.googleusercontent.com/a/ACg8ocK7FFXsdG8Unw4vJWxFCZcO4TdoK0NO7xtlmWvWxHekiODCFw=mo,Shaikfayaz,5,1,2.25.9.78,2025-04-06 16:51:43,,,2.25.9.78,com.whatsapp
c36125ac-fb80-413a-8cc3-ce7cd2856d95,Umar Boos,https://play-lh.googleusercontent.com/a/ACg8ocJly_opZcq7Q99bY0JYOJoD-esag7SUhe14mqKJSB6Xo-UWBw=mo,Umaer,5,1,2.25.9.78,2025-04-06 14:54:43,,,2.25.9.78,com.whatsapp
6bbed735-aa8e-4512-ae52-ba1cdee451a0,Imran Khan,https://play-lh.googleusercontent.com/a/ACg8ocJLIvE4sxkrRPIyFUXrv6GY6jloGSQRSp5jpsEkPx_oDgFkRA=mo,WhatsApp resolve issues very fast. thanks,5,1,2.25.9.78,2025-04-06 14:49:14,,,2.25.9.78,com.whatsapp
a4d01f4d-b711-413c-9677-8513ff545f0b,Sevini Mtutu,https://play-lh.googleusercontent.com/a/ACg8ocJFbJM9AHhfozaVGhfK53_h3PX94W1p8KJtQIauWXSmYzZshw=mo,Sevelini,5,1,2.25.9.78,2025-04-06 13:52:08,,,2.25.9.78,com.whatsapp
7b5e2de3-eb50-4fa2-8646-e04b644b2876,Ramesh panda Ramesh panda,https://play-lh.googleusercontent.com/a/ACg8ocKvaUI-NZZERkXshYX3hKNI6NXLLcpQ-ZGiQ_JeYNFyuYMNPA=mo,Please unbanned My WhatsApp ACCOUNT Number - +919931127131 Please Help me 🙏🏼,5,0,2.25.9.78,2025-04-06 13:22:11,,,2.25.9.78,com.whatsapp
3767b89b-bf3c-4ae3-9868-c5fd7430e610,Afzalgujjar,https://play-lh.googleusercontent.com/a/ACg8ocIixzwcP1LiiEz8lLFBb7sIr725cHdCJ43Vw1zSjDUFyazrzA=mo,good,5,0,2.25.9.78,2025-04-06 13:21:36,,,2.25.9.78,com.whatsapp
